campus_id,campus_name,building_id,year,month,total_kw_consumed,total_gas_consumed,total_water_consumed,scope_1_emissions,scope_2_emissions,total_emissions,category,gross_floor_area,carbon_intensity
1,Bundoora,1,2019.0,3.0,45.24,0.0,0.0,0.0,0.02,0.02,other,,0.0
1,Bundoora,1,2019.0,4.0,841.68,0.0,0.0,0.0,0.34,0.34,other,,0.0
1,Bundoora,1,2019.0,5.0,1014.95,0.0,0.0,0.0,0.41,0.41,other,,0.0
1,Bundoora,1,2019.0,6.0,1318.46,0.0,0.0,0.0,0.53,0.53,other,,0.0
1,Bundoora,1,2019.0,7.0,1348.28,0.0,0.0,0.0,0.54,0.54,other,,0.0
1,Bundoora,1,2019.0,8.0,1201.88,0.0,0.0,0.0,0.48,0.48,other,,0.0
1,Bundoora,1,2019.0,9.0,963.01,0.0,0.0,0.0,0.39,0.39,other,,0.0
1,Bundoora,1,2019.0,10.0,735.79,0.0,0.0,0.0,0.29,0.29,other,,0.0
1,Bundoora,1,2019.0,11.0,562.73,0.0,0.0,0.0,0.23,0.23,other,,0.0
1,Bundoora,1,2019.0,12.0,507.21,0.0,0.0,0.0,0.2,0.2,other,,0.0
1,Bundoora,1,2020.0,1.0,521.63,0.0,0.0,0.0,0.21,0.21,other,,0.0
1,Bundoora,1,2020.0,2.0,502.46,0.0,0.0,0.0,0.2,0.2,other,,0.0
1,Bundoora,1,2020.0,3.0,492.13,0.0,0.0,0.0,0.2,0.2,other,,0.0
1,Bundoora,1,2020.0,4.0,428.79,0.0,0.0,0.0,0.17,0.17,other,,0.0
1,Bundoora,1,2020.0,5.0,842.38,0.0,0.0,0.0,0.34,0.34,other,,0.0
1,Bundoora,1,2020.0,6.0,897.45,0.0,0.0,0.0,0.36,0.36,other,,0.0
1,Bundoora,1,2020.0,7.0,898.19,0.0,0.0,0.0,0.36,0.36,other,,0.0
1,Bundoora,1,2020.0,8.0,899.9,0.0,0.0,0.0,0.36,0.36,other,,0.0
1,Bundoora,1,2020.0,9.0,784.91,0.0,0.0,0.0,0.31,0.31,other,,0.0
1,Bundoora,1,2020.0,10.0,706.83,0.0,0.0,0.0,0.28,0.28,other,,0.0
1,Bundoora,1,2020.0,11.0,663.16,0.0,0.0,0.0,0.27,0.27,other,,0.0
1,Bundoora,1,2020.0,12.0,728.93,0.0,0.0,0.0,0.29,0.29,other,,0.0
1,Bundoora,1,2021.0,1.0,508.81,0.0,0.0,0.0,0.2,0.2,other,,0.0
1,Bundoora,1,2021.0,2.0,631.01,0.0,0.0,0.0,0.25,0.25,other,,0.0
1,Bundoora,1,2021.0,3.0,799.6,0.0,0.0,0.0,0.32,0.32,other,,0.0
1,Bundoora,1,2021.0,4.0,577.04,0.0,0.0,0.0,0.23,0.23,other,,0.0
1,Bundoora,2,2019.0,3.0,87.84,0.0,0.0,0.0,0.04,0.04,other,,0.0
1,Bundoora,2,2019.0,4.0,676.42,0.0,0.0,0.0,0.27,0.27,other,,0.0
1,Bundoora,2,2019.0,5.0,1338.17,0.0,0.0,0.0,0.54,0.54,other,,0.0
1,Bundoora,2,2019.0,6.0,1348.69,0.0,0.0,0.0,0.54,0.54,other,,0.0
1,Bundoora,2,2019.0,7.0,1342.74,0.0,0.0,0.0,0.54,0.54,other,,0.0
1,Bundoora,2,2019.0,8.0,1243.31,0.0,0.0,0.0,0.5,0.5,other,,0.0
1,Bundoora,2,2019.0,9.0,1093.84,0.0,0.0,0.0,0.44,0.44,other,,0.0
1,Bundoora,2,2019.0,10.0,1003.64,0.0,0.0,0.0,0.4,0.4,other,,0.0
1,Bundoora,2,2019.0,11.0,831.66,0.0,0.0,0.0,0.33,0.33,other,,0.0
1,Bundoora,2,2019.0,12.0,921.03,0.0,0.0,0.0,0.37,0.37,other,,0.0
1,Bundoora,2,2020.0,1.0,769.51,0.0,0.0,0.0,0.31,0.31,other,,0.0
1,Bundoora,2,2020.0,2.0,813.91,0.0,0.0,0.0,0.33,0.33,other,,0.0
1,Bundoora,2,2020.0,3.0,831.21,0.0,0.0,0.0,0.33,0.33,other,,0.0
1,Bundoora,2,2020.0,4.0,869.44,0.0,0.0,0.0,0.35,0.35,other,,0.0
1,Bundoora,2,2020.0,5.0,1130.88,0.0,0.0,0.0,0.45,0.45,other,,0.0
1,Bundoora,2,2020.0,6.0,1284.57,0.0,0.0,0.0,0.51,0.51,other,,0.0
1,Bundoora,2,2020.0,7.0,1330.08,0.0,0.0,0.0,0.53,0.53,other,,0.0
1,Bundoora,2,2020.0,8.0,1218.09,0.0,0.0,0.0,0.49,0.49,other,,0.0
1,Bundoora,2,2020.0,9.0,1226.13,0.0,0.0,0.0,0.49,0.49,other,,0.0
1,Bundoora,2,2020.0,10.0,1057.53,0.0,0.0,0.0,0.42,0.42,other,,0.0
1,Bundoora,2,2020.0,11.0,983.34,0.0,0.0,0.0,0.39,0.39,other,,0.0
1,Bundoora,2,2020.0,12.0,947.93,0.0,0.0,0.0,0.38,0.38,other,,0.0
1,Bundoora,2,2021.0,1.0,820.12,0.0,0.0,0.0,0.33,0.33,other,,0.0
1,Bundoora,2,2021.0,2.0,820.51,0.0,0.0,0.0,0.33,0.33,other,,0.0
1,Bundoora,2,2021.0,3.0,850.75,0.0,0.0,0.0,0.34,0.34,other,,0.0
1,Bundoora,2,2021.0,4.0,482.02,0.0,0.0,0.0,0.19,0.19,other,,0.0
1,Bundoora,3,2019.0,3.0,195.17,0.0,0.0,0.0,0.08,0.08,other,,0.0
1,Bundoora,3,2019.0,4.0,2274.89,0.0,0.0,0.0,0.91,0.91,other,,0.0
1,Bundoora,3,2019.0,5.0,1548.96,0.0,0.0,0.0,0.62,0.62,other,,0.0
1,Bundoora,3,2019.0,6.0,2551.8,0.0,0.0,0.0,1.02,1.02,other,,0.0
1,Bundoora,3,2019.0,7.0,2564.9,0.0,0.0,0.0,1.03,1.03,other,,0.0
1,Bundoora,3,2019.0,8.0,2424.68,0.0,0.0,0.0,0.97,0.97,other,,0.0
1,Bundoora,3,2019.0,9.0,2147.37,0.0,0.0,0.0,0.86,0.86,other,,0.0
1,Bundoora,3,2019.0,10.0,1969.46,0.0,0.0,0.0,0.79,0.79,other,,0.0
1,Bundoora,3,2019.0,11.0,1586.71,0.0,0.0,0.0,0.63,0.63,other,,0.0
1,Bundoora,3,2019.0,12.0,1537.24,0.0,0.0,0.0,0.61,0.61,other,,0.0
1,Bundoora,3,2020.0,1.0,1695.27,0.0,0.0,0.0,0.68,0.68,other,,0.0
1,Bundoora,3,2020.0,2.0,1660.79,0.0,0.0,0.0,0.66,0.66,other,,0.0
1,Bundoora,3,2020.0,3.0,1939.58,0.0,0.0,0.0,0.78,0.78,other,,0.0
1,Bundoora,3,2020.0,4.0,1896.49,0.0,0.0,0.0,0.76,0.76,other,,0.0
1,Bundoora,3,2020.0,5.0,2421.59,0.0,0.0,0.0,0.97,0.97,other,,0.0
1,Bundoora,3,2020.0,6.0,2084.53,0.0,0.0,0.0,0.83,0.83,other,,0.0
1,Bundoora,3,2020.0,7.0,2025.49,0.0,0.0,0.0,0.81,0.81,other,,0.0
1,Bundoora,3,2020.0,8.0,1921.39,0.0,0.0,0.0,0.77,0.77,other,,0.0
1,Bundoora,3,2020.0,9.0,1628.31,0.0,0.0,0.0,0.65,0.65,other,,0.0
1,Bundoora,3,2020.0,10.0,1633.44,0.0,0.0,0.0,0.65,0.65,other,,0.0
1,Bundoora,3,2020.0,11.0,1479.98,0.0,0.0,0.0,0.59,0.59,other,,0.0
1,Bundoora,3,2020.0,12.0,1682.69,0.0,0.0,0.0,0.67,0.67,other,,0.0
1,Bundoora,3,2021.0,1.0,1520.67,0.0,0.0,0.0,0.61,0.61,other,,0.0
1,Bundoora,3,2021.0,2.0,1435.94,0.0,0.0,0.0,0.57,0.57,other,,0.0
1,Bundoora,3,2021.0,3.0,1812.42,0.0,0.0,0.0,0.72,0.72,other,,0.0
1,Bundoora,3,2021.0,4.0,1382.74,0.0,0.0,0.0,0.55,0.55,other,,0.0
1,Bundoora,4,2018.0,1.0,21668.08,0.0,0.0,0.0,8.67,8.67,mixed use,145558.14000000016,6e-05
1,Bundoora,4,2018.0,2.0,22530.77,0.0,0.0,0.0,9.01,9.01,mixed use,145558.14000000016,6e-05
1,Bundoora,4,2018.0,3.0,24462.91,0.0,0.0,0.0,9.79,9.79,mixed use,145558.14000000016,7e-05
1,Bundoora,4,2018.0,4.0,21463.87,0.0,0.0,0.0,8.59,8.59,mixed use,145558.14000000016,6e-05
1,Bundoora,4,2018.0,5.0,24126.81,62.88,0.0,0.33,9.65,9.98,mixed use,145558.14000000016,7e-05
1,Bundoora,4,2018.0,6.0,24554.27,69.43,0.0,0.37,9.82,10.19,mixed use,145558.14000000016,7e-05
1,Bundoora,4,2018.0,7.0,24335.19,74.27,0.0,0.39,9.73,10.13,mixed use,145558.14000000016,7e-05
1,Bundoora,4,2018.0,8.0,27050.53,72.25,0.0,0.38,10.82,11.2,mixed use,145558.14000000016,8e-05
1,Bundoora,4,2018.0,9.0,23547.83,68.27,0.0,0.36,9.42,9.78,mixed use,145558.14000000016,7e-05
1,Bundoora,4,2018.0,10.0,25333.88,63.52,0.0,0.34,10.13,10.47,mixed use,145558.14000000016,7e-05
1,Bundoora,4,2018.0,11.0,22125.28,56.85,0.0,0.3,8.85,9.15,mixed use,145558.14000000016,6e-05
1,Bundoora,4,2018.0,12.0,19691.04,32.59,0.0,0.17,7.88,8.05,mixed use,145558.14000000016,6e-05
1,Bundoora,4,2019.0,1.0,22209.52,29.18,0.0,0.15,8.88,9.04,mixed use,145558.14000000016,6e-05
1,Bundoora,4,2019.0,2.0,19762.46,41.68,0.0,0.22,7.9,8.13,mixed use,145558.14000000016,6e-05
1,Bundoora,4,2019.0,3.0,24291.21,49.82,0.0,0.26,9.72,9.98,mixed use,145558.14000000016,7e-05
1,Bundoora,4,2019.0,4.0,20873.39,53.77,0.0,0.28,8.35,8.63,mixed use,145558.14000000016,6e-05
1,Bundoora,4,2019.0,5.0,22492.02,63.54,0.0,0.34,9.0,9.33,mixed use,145558.14000000016,6e-05
1,Bundoora,4,2019.0,6.0,19253.8,65.78,0.0,0.35,7.7,8.05,mixed use,145558.14000000016,6e-05
1,Bundoora,4,2019.0,7.0,20426.29,69.06,0.0,0.37,8.17,8.54,mixed use,145558.14000000016,6e-05
1,Bundoora,4,2019.0,8.0,23360.13,69.95,0.0,0.37,9.34,9.71,mixed use,145558.14000000016,7e-05
1,Bundoora,4,2019.0,9.0,21667.44,61.79,0.0,0.33,8.67,8.99,mixed use,145558.14000000016,6e-05
1,Bundoora,4,2019.0,10.0,23128.34,56.9,0.0,0.3,9.25,9.55,mixed use,145558.14000000016,7e-05
1,Bundoora,4,2019.0,11.0,19345.86,48.67,0.0,0.26,7.74,8.0,mixed use,145558.14000000016,5e-05
1,Bundoora,4,2019.0,12.0,18477.2,26.84,0.0,0.14,7.39,7.53,mixed use,145558.14000000016,5e-05
1,Bundoora,4,2020.0,1.0,20823.15,0.0,0.0,0.0,8.33,8.33,mixed use,145558.14000000016,6e-05
1,Bundoora,4,2020.0,2.0,18241.8,0.0,0.0,0.0,7.3,7.3,mixed use,145558.14000000016,5e-05
1,Bundoora,4,2020.0,3.0,16419.99,0.0,0.0,0.0,6.57,6.57,mixed use,145558.14000000016,5e-05
1,Bundoora,4,2020.0,4.0,6500.57,0.0,0.0,0.0,2.6,2.6,mixed use,145558.14000000016,2e-05
1,Bundoora,4,2020.0,5.0,6652.61,0.0,0.0,0.0,2.66,2.66,mixed use,145558.14000000016,2e-05
1,Bundoora,4,2020.0,6.0,8722.73,0.0,0.0,0.0,3.49,3.49,mixed use,145558.14000000016,2e-05
1,Bundoora,4,2020.0,7.0,9014.51,0.0,0.0,0.0,3.61,3.61,mixed use,145558.14000000016,2e-05
1,Bundoora,4,2020.0,8.0,6009.82,0.0,0.0,0.0,2.4,2.4,mixed use,145558.14000000016,2e-05
1,Bundoora,4,2020.0,9.0,5868.79,0.0,0.0,0.0,2.35,2.35,mixed use,145558.14000000016,2e-05
1,Bundoora,4,2020.0,10.0,7509.92,0.0,0.0,0.0,3.0,3.0,mixed use,145558.14000000016,2e-05
1,Bundoora,4,2020.0,11.0,7020.14,0.0,0.0,0.0,2.81,2.81,mixed use,145558.14000000016,2e-05
1,Bundoora,4,2020.0,12.0,7125.16,0.0,0.0,0.0,2.85,2.85,mixed use,145558.14000000016,2e-05
1,Bundoora,4,2021.0,1.0,7061.94,37.04,2176.16,0.2,2.82,3.02,mixed use,145558.14000000016,2e-05
1,Bundoora,4,2021.0,2.0,6354.35,44.24,2219.26,0.23,2.54,2.78,mixed use,145558.14000000016,2e-05
1,Bundoora,4,2021.0,3.0,7352.94,46.81,2212.44,0.25,2.94,3.19,mixed use,145558.14000000016,2e-05
1,Bundoora,4,2021.0,4.0,4559.64,51.24,2251.17,0.27,1.82,2.1,mixed use,145558.14000000016,1e-05
1,Bundoora,4,2021.0,5.0,24591.66,57.09,2260.79,0.3,9.84,10.14,mixed use,145558.14000000016,7e-05
1,Bundoora,4,2021.0,6.0,21662.92,55.11,2272.9,0.29,8.67,8.96,mixed use,145558.14000000016,6e-05
1,Bundoora,4,2021.0,7.0,24053.28,59.26,2285.99,0.31,9.62,9.94,mixed use,145558.14000000016,7e-05
1,Bundoora,4,2021.0,8.0,22562.71,53.67,2298.98,0.28,9.03,9.31,mixed use,145558.14000000016,6e-05
1,Bundoora,4,2021.0,9.0,19075.52,50.34,2326.5,0.27,7.63,7.9,mixed use,145558.14000000016,5e-05
1,Bundoora,4,2021.0,10.0,20113.61,47.8,15880.64,0.25,8.05,8.3,mixed use,145558.14000000016,6e-05
1,Bundoora,4,2021.0,11.0,18474.46,47.27,15268.09,0.25,7.39,7.64,mixed use,145558.14000000016,5e-05
1,Bundoora,4,2021.0,12.0,20072.12,30.74,22721.16,0.16,8.03,8.19,mixed use,145558.14000000016,6e-05
1,Bundoora,4,2022.0,1.0,20142.35,0.0,25910.55,0.0,8.06,8.06,mixed use,145558.14000000016,6e-05
1,Bundoora,4,2022.0,2.0,20173.7,0.0,25949.7,0.0,8.07,8.07,mixed use,145558.14000000016,6e-05
1,Bundoora,4,2022.0,3.0,23067.43,0.0,18853.0,0.0,9.23,9.23,mixed use,145558.14000000016,6e-05
1,Bundoora,4,2022.0,4.0,21221.8,0.0,3869.2,0.0,8.49,8.49,mixed use,145558.14000000016,6e-05
1,Bundoora,5,2018.0,1.0,49160.17,0.0,0.0,0.0,19.66,19.66,other,0.0,0.0
1,Bundoora,5,2018.0,2.0,47663.89,0.0,0.0,0.0,19.07,19.07,other,0.0,0.0
1,Bundoora,5,2018.0,3.0,50138.29,0.0,0.0,0.0,20.06,20.06,other,0.0,0.0
1,Bundoora,5,2018.0,4.0,49521.92,0.0,0.0,0.0,19.81,19.81,other,0.0,0.0
1,Bundoora,5,2018.0,5.0,46306.09,0.0,0.0,0.0,18.52,18.52,other,0.0,0.0
1,Bundoora,5,2018.0,6.0,48354.77,0.0,0.0,0.0,19.34,19.34,other,0.0,0.0
1,Bundoora,5,2018.0,7.0,57875.36,0.0,0.0,0.0,23.15,23.15,other,0.0,0.0
1,Bundoora,5,2018.0,8.0,52845.48,0.0,0.0,0.0,21.14,21.14,other,0.0,0.0
1,Bundoora,5,2018.0,9.0,56209.98,0.0,0.0,0.0,22.48,22.48,other,0.0,0.0
1,Bundoora,5,2018.0,10.0,58348.35,0.0,0.0,0.0,23.34,23.34,other,0.0,0.0
1,Bundoora,5,2018.0,11.0,55247.75,0.0,0.0,0.0,22.1,22.1,other,0.0,0.0
1,Bundoora,5,2018.0,12.0,51063.69,0.0,0.0,0.0,20.43,20.43,other,0.0,0.0
1,Bundoora,5,2019.0,1.0,52055.36,0.0,0.0,0.0,20.82,20.82,other,0.0,0.0
1,Bundoora,5,2019.0,2.0,52247.27,0.0,0.0,0.0,20.9,20.9,other,0.0,0.0
1,Bundoora,5,2019.0,3.0,53307.06,0.0,0.0,0.0,21.32,21.32,other,0.0,0.0
1,Bundoora,5,2019.0,4.0,55645.25,0.0,0.0,0.0,22.26,22.26,other,0.0,0.0
1,Bundoora,5,2019.0,5.0,49972.78,0.0,0.0,0.0,19.99,19.99,other,0.0,0.0
1,Bundoora,5,2019.0,6.0,45159.0,0.0,0.0,0.0,18.06,18.06,other,0.0,0.0
1,Bundoora,5,2019.0,7.0,50887.04,0.0,0.0,0.0,20.35,20.35,other,0.0,0.0
1,Bundoora,5,2019.0,8.0,48523.78,0.0,0.0,0.0,19.41,19.41,other,0.0,0.0
1,Bundoora,5,2019.0,9.0,47296.06,0.0,0.0,0.0,18.92,18.92,other,0.0,0.0
1,Bundoora,5,2019.0,10.0,51243.82,0.0,0.0,0.0,20.5,20.5,other,0.0,0.0
1,Bundoora,5,2019.0,11.0,53339.5,0.0,0.0,0.0,21.34,21.34,other,0.0,0.0
1,Bundoora,5,2019.0,12.0,53417.48,0.0,0.0,0.0,21.37,21.37,other,0.0,0.0
1,Bundoora,5,2020.0,1.0,53251.28,0.0,0.0,0.0,21.3,21.3,other,0.0,0.0
1,Bundoora,5,2020.0,2.0,46474.83,0.0,0.0,0.0,18.59,18.59,other,0.0,0.0
1,Bundoora,5,2020.0,3.0,42297.67,0.0,0.0,0.0,16.92,16.92,other,0.0,0.0
1,Bundoora,5,2020.0,4.0,44109.38,0.0,0.0,0.0,17.64,17.64,other,0.0,0.0
1,Bundoora,5,2020.0,5.0,41845.96,0.0,0.0,0.0,16.74,16.74,other,0.0,0.0
1,Bundoora,5,2020.0,6.0,39749.54,0.0,0.0,0.0,15.9,15.9,other,0.0,0.0
1,Bundoora,5,2020.0,7.0,31567.11,0.0,0.0,0.0,12.63,12.63,other,0.0,0.0
1,Bundoora,5,2020.0,8.0,32651.86,0.0,0.0,0.0,13.06,13.06,other,0.0,0.0
1,Bundoora,5,2020.0,9.0,25984.1,0.0,0.0,0.0,10.39,10.39,other,0.0,0.0
1,Bundoora,5,2020.0,10.0,18315.6,0.0,0.0,0.0,7.33,7.33,other,0.0,0.0
1,Bundoora,5,2020.0,11.0,16361.59,0.0,0.0,0.0,6.54,6.54,other,0.0,0.0
1,Bundoora,5,2020.0,12.0,14126.12,0.0,0.0,0.0,5.65,5.65,other,0.0,0.0
1,Bundoora,5,2021.0,1.0,12986.24,0.0,0.0,0.0,5.19,5.19,other,0.0,0.0
1,Bundoora,5,2021.0,2.0,11791.62,0.0,0.0,0.0,4.72,4.72,other,0.0,0.0
1,Bundoora,5,2021.0,3.0,13243.42,0.0,0.0,0.0,5.3,5.3,other,0.0,0.0
1,Bundoora,5,2021.0,4.0,14291.54,0.0,0.0,0.0,5.72,5.72,other,0.0,0.0
1,Bundoora,5,2021.0,5.0,16916.59,0.0,0.0,0.0,6.77,6.77,other,0.0,0.0
1,Bundoora,5,2021.0,6.0,14939.24,0.0,0.0,0.0,5.98,5.98,other,0.0,0.0
1,Bundoora,5,2021.0,7.0,15046.87,0.0,0.0,0.0,6.02,6.02,other,0.0,0.0
1,Bundoora,5,2021.0,8.0,14881.6,0.0,0.0,0.0,5.95,5.95,other,0.0,0.0
1,Bundoora,5,2021.0,9.0,13385.31,0.0,0.0,0.0,5.35,5.35,other,0.0,0.0
1,Bundoora,5,2021.0,10.0,13462.4,0.0,0.0,0.0,5.38,5.38,other,0.0,0.0
1,Bundoora,5,2021.0,11.0,12485.71,0.0,0.0,0.0,4.99,4.99,other,0.0,0.0
1,Bundoora,5,2021.0,12.0,12497.48,0.0,0.0,0.0,5.0,5.0,other,0.0,0.0
1,Bundoora,5,2022.0,1.0,12106.52,0.0,0.0,0.0,4.84,4.84,other,0.0,0.0
1,Bundoora,5,2022.0,2.0,10037.86,0.0,0.0,0.0,4.02,4.02,other,0.0,0.0
1,Bundoora,5,2022.0,3.0,11143.61,0.0,0.0,0.0,4.46,4.46,other,0.0,0.0
1,Bundoora,5,2022.0,4.0,12301.18,0.0,0.0,0.0,4.92,4.92,other,0.0,0.0
1,Bundoora,6,2018.0,1.0,1933.72,0.0,0.0,0.0,0.77,0.77,other,6210.75,0.00012
1,Bundoora,6,2018.0,2.0,1497.46,0.0,0.0,0.0,0.6,0.6,other,6210.75,0.0001
1,Bundoora,6,2018.0,3.0,1268.4,0.0,0.0,0.0,0.51,0.51,other,6210.75,8e-05
1,Bundoora,6,2018.0,4.0,874.75,0.0,0.0,0.0,0.35,0.35,other,6210.75,6e-05
1,Bundoora,6,2018.0,5.0,1913.95,2.68,0.0,0.01,0.77,0.78,other,6210.75,0.00013
1,Bundoora,6,2018.0,6.0,1561.78,2.96,0.0,0.02,0.62,0.64,other,6210.75,0.0001
1,Bundoora,6,2018.0,7.0,1540.0,3.17,0.0,0.02,0.62,0.63,other,6210.75,0.0001
1,Bundoora,6,2018.0,8.0,1410.87,3.08,0.0,0.02,0.56,0.58,other,6210.75,9e-05
1,Bundoora,6,2018.0,9.0,1126.82,2.91,0.0,0.02,0.45,0.47,other,6210.75,8e-05
1,Bundoora,6,2018.0,10.0,1044.17,2.71,0.0,0.01,0.42,0.43,other,6210.75,7e-05
1,Bundoora,6,2018.0,11.0,1037.01,2.43,0.0,0.01,0.41,0.43,other,6210.75,7e-05
1,Bundoora,6,2018.0,12.0,1450.95,1.39,0.0,0.01,0.58,0.59,other,6210.75,9e-05
1,Bundoora,6,2019.0,1.0,2163.88,1.24,0.0,0.01,0.87,0.87,other,6210.75,0.00014
1,Bundoora,6,2019.0,2.0,1542.57,1.78,0.0,0.01,0.62,0.63,other,6210.75,0.0001
1,Bundoora,6,2019.0,3.0,1566.35,2.13,0.0,0.01,0.63,0.64,other,6210.75,0.0001
1,Bundoora,6,2019.0,4.0,1048.15,2.29,0.0,0.01,0.42,0.43,other,6210.75,7e-05
1,Bundoora,6,2019.0,5.0,880.18,2.71,0.0,0.01,0.35,0.37,other,6210.75,6e-05
1,Bundoora,6,2019.0,6.0,1245.39,2.81,0.0,0.01,0.5,0.51,other,6210.75,8e-05
1,Bundoora,6,2019.0,7.0,3523.95,2.95,0.0,0.02,1.41,1.43,other,6210.75,0.00023
1,Bundoora,6,2019.0,8.0,2977.11,2.98,0.0,0.02,1.19,1.21,other,6210.75,0.00019
1,Bundoora,6,2019.0,9.0,1457.11,2.64,0.0,0.01,0.58,0.6,other,6210.75,0.0001
1,Bundoora,6,2019.0,10.0,1075.27,2.43,0.0,0.01,0.43,0.44,other,6210.75,7e-05
1,Bundoora,6,2019.0,11.0,1014.62,2.08,0.0,0.01,0.41,0.42,other,6210.75,7e-05
1,Bundoora,6,2019.0,12.0,1012.28,1.15,0.0,0.01,0.4,0.41,other,6210.75,7e-05
1,Bundoora,6,2020.0,1.0,1047.51,0.0,0.0,0.0,0.42,0.42,other,6210.75,7e-05
1,Bundoora,6,2020.0,2.0,867.99,0.0,0.0,0.0,0.35,0.35,other,6210.75,6e-05
1,Bundoora,6,2020.0,3.0,815.25,0.0,0.0,0.0,0.33,0.33,other,6210.75,5e-05
1,Bundoora,6,2020.0,4.0,836.72,0.0,0.0,0.0,0.33,0.33,other,6210.75,5e-05
1,Bundoora,6,2020.0,5.0,1334.75,0.0,0.0,0.0,0.53,0.53,other,6210.75,9e-05
1,Bundoora,6,2020.0,6.0,1509.89,0.0,0.0,0.0,0.6,0.6,other,6210.75,0.0001
1,Bundoora,6,2020.0,7.0,940.01,0.0,0.0,0.0,0.38,0.38,other,6210.75,6e-05
1,Bundoora,6,2020.0,8.0,907.4,0.0,0.0,0.0,0.36,0.36,other,6210.75,6e-05
1,Bundoora,6,2020.0,9.0,804.64,0.0,0.0,0.0,0.32,0.32,other,6210.75,5e-05
1,Bundoora,6,2020.0,10.0,739.18,0.0,0.0,0.0,0.3,0.3,other,6210.75,5e-05
1,Bundoora,6,2020.0,11.0,789.64,0.0,0.0,0.0,0.32,0.32,other,6210.75,5e-05
1,Bundoora,6,2020.0,12.0,1200.5,0.0,0.0,0.0,0.48,0.48,other,6210.75,8e-05
1,Bundoora,6,2021.0,1.0,948.24,1.58,92.85,0.01,0.38,0.39,other,6210.75,6e-05
1,Bundoora,6,2021.0,2.0,828.7,1.89,94.69,0.01,0.33,0.34,other,6210.75,5e-05
1,Bundoora,6,2021.0,3.0,1067.82,2.0,94.4,0.01,0.43,0.44,other,6210.75,7e-05
1,Bundoora,6,2021.0,4.0,1234.94,2.19,96.05,0.01,0.49,0.51,other,6210.75,8e-05
1,Bundoora,6,2021.0,5.0,120.63,2.44,96.46,0.01,0.05,0.06,other,6210.75,1e-05
1,Bundoora,6,2021.0,6.0,118.41,2.35,96.98,0.01,0.05,0.06,other,6210.75,1e-05
1,Bundoora,6,2021.0,7.0,121.35,2.53,97.54,0.01,0.05,0.06,other,6210.75,1e-05
1,Bundoora,6,2021.0,8.0,114.77,2.29,98.09,0.01,0.05,0.06,other,6210.75,1e-05
1,Bundoora,6,2021.0,9.0,103.12,2.15,99.27,0.01,0.04,0.05,other,6210.75,1e-05
1,Bundoora,6,2021.0,10.0,125.02,2.04,677.6,0.01,0.05,0.06,other,6210.75,1e-05
1,Bundoora,6,2021.0,11.0,256.93,2.02,651.47,0.01,0.1,0.11,other,6210.75,2e-05
1,Bundoora,6,2021.0,12.0,94.06,1.31,969.48,0.01,0.04,0.04,other,6210.75,1e-05
1,Bundoora,6,2022.0,1.0,76.31,0.0,1105.56,0.0,0.03,0.03,other,6210.75,0.0
1,Bundoora,6,2022.0,2.0,75.55,0.0,1107.24,0.0,0.03,0.03,other,6210.75,0.0
1,Bundoora,6,2022.0,3.0,76.81,0.0,804.43,0.0,0.03,0.03,other,6210.75,0.0
1,Bundoora,6,2022.0,4.0,141.21,0.0,165.09,0.0,0.06,0.06,other,6210.75,1e-05
1,Bundoora,7,2018.0,1.0,10340.27,0.0,0.0,0.0,4.14,4.14,teaching,176996.6100000002,2e-05
1,Bundoora,7,2018.0,2.0,16492.78,0.0,0.0,0.0,6.6,6.6,teaching,176996.6100000002,4e-05
1,Bundoora,7,2018.0,3.0,19249.22,0.0,0.0,0.0,7.7,7.7,teaching,176996.6100000002,4e-05
1,Bundoora,7,2018.0,4.0,17561.49,0.0,0.0,0.0,7.02,7.02,teaching,176996.6100000002,4e-05
1,Bundoora,7,2018.0,5.0,18912.36,76.46,0.0,0.41,7.56,7.97,teaching,176996.6100000002,5e-05
1,Bundoora,7,2018.0,6.0,16642.68,84.43,0.0,0.45,6.66,7.1,teaching,176996.6100000002,4e-05
1,Bundoora,7,2018.0,7.0,15586.64,90.31,0.0,0.48,6.23,6.71,teaching,176996.6100000002,4e-05
1,Bundoora,7,2018.0,8.0,16848.03,87.86,0.0,0.47,6.74,7.2,teaching,176996.6100000002,4e-05
1,Bundoora,7,2018.0,9.0,14531.77,83.02,0.0,0.44,5.81,6.25,teaching,176996.6100000002,4e-05
1,Bundoora,7,2018.0,10.0,17509.18,77.24,0.0,0.41,7.0,7.41,teaching,176996.6100000002,4e-05
1,Bundoora,7,2018.0,11.0,15172.26,69.13,0.0,0.37,6.07,6.44,teaching,176996.6100000002,4e-05
1,Bundoora,7,2018.0,12.0,13060.34,39.63,0.0,0.21,5.22,5.43,teaching,176996.6100000002,3e-05
1,Bundoora,7,2019.0,1.0,15077.09,35.48,0.0,0.19,6.03,6.22,teaching,176996.6100000002,4e-05
1,Bundoora,7,2019.0,2.0,14437.16,50.69,0.0,0.27,5.77,6.04,teaching,176996.6100000002,3e-05
1,Bundoora,7,2019.0,3.0,19663.65,60.58,0.0,0.32,7.87,8.19,teaching,176996.6100000002,5e-05
1,Bundoora,7,2019.0,4.0,17829.05,65.39,0.0,0.35,7.13,7.48,teaching,176996.6100000002,4e-05
1,Bundoora,7,2019.0,5.0,18891.92,77.26,0.0,0.41,7.56,7.97,teaching,176996.6100000002,5e-05
1,Bundoora,7,2019.0,6.0,14506.34,79.99,0.0,0.42,5.8,6.23,teaching,176996.6100000002,4e-05
1,Bundoora,7,2019.0,7.0,15224.31,83.98,0.0,0.45,6.09,6.53,teaching,176996.6100000002,4e-05
1,Bundoora,7,2019.0,8.0,16557.47,85.06,0.0,0.45,6.62,7.07,teaching,176996.6100000002,4e-05
1,Bundoora,7,2019.0,9.0,16568.91,75.14,0.0,0.4,6.63,7.03,teaching,176996.6100000002,4e-05
1,Bundoora,7,2019.0,10.0,17781.59,69.19,0.0,0.37,7.11,7.48,teaching,176996.6100000002,4e-05
1,Bundoora,7,2019.0,11.0,16020.16,59.18,0.0,0.31,6.41,6.72,teaching,176996.6100000002,4e-05
1,Bundoora,7,2019.0,12.0,14028.1,32.63,0.0,0.17,5.61,5.78,teaching,176996.6100000002,3e-05
1,Bundoora,7,2020.0,1.0,13130.69,0.0,0.0,0.0,5.25,5.25,teaching,176996.6100000002,3e-05
1,Bundoora,7,2020.0,2.0,11343.82,0.0,0.0,0.0,4.54,4.54,teaching,176996.6100000002,3e-05
1,Bundoora,7,2020.0,3.0,19157.83,0.0,0.0,0.0,7.66,7.66,teaching,176996.6100000002,4e-05
1,Bundoora,7,2020.0,4.0,13171.77,0.0,0.0,0.0,5.27,5.27,teaching,176996.6100000002,3e-05
1,Bundoora,7,2020.0,5.0,15610.75,0.0,0.0,0.0,6.24,6.24,teaching,176996.6100000002,4e-05
1,Bundoora,7,2020.0,6.0,15300.33,0.0,0.0,0.0,6.12,6.12,teaching,176996.6100000002,3e-05
1,Bundoora,7,2020.0,7.0,14661.65,0.0,0.0,0.0,5.86,5.86,teaching,176996.6100000002,3e-05
1,Bundoora,7,2020.0,8.0,15492.52,0.0,0.0,0.0,6.2,6.2,teaching,176996.6100000002,4e-05
1,Bundoora,7,2020.0,9.0,18133.73,0.0,0.0,0.0,7.25,7.25,teaching,176996.6100000002,4e-05
1,Bundoora,7,2020.0,10.0,23885.42,0.0,0.0,0.0,9.55,9.55,teaching,176996.6100000002,5e-05
1,Bundoora,7,2020.0,11.0,21077.68,0.0,0.0,0.0,8.43,8.43,teaching,176996.6100000002,5e-05
1,Bundoora,7,2020.0,12.0,27455.12,0.0,0.0,0.0,10.98,10.98,teaching,176996.6100000002,6e-05
1,Bundoora,7,2021.0,1.0,19679.04,45.05,2646.18,0.24,7.87,8.11,teaching,176996.6100000002,5e-05
1,Bundoora,7,2021.0,2.0,22482.71,53.79,2698.59,0.29,8.99,9.28,teaching,176996.6100000002,5e-05
1,Bundoora,7,2021.0,3.0,27877.65,56.92,2690.3,0.3,11.15,11.45,teaching,176996.6100000002,6e-05
1,Bundoora,7,2021.0,4.0,28276.03,62.31,2737.39,0.33,11.31,11.64,teaching,176996.6100000002,7e-05
1,Bundoora,7,2021.0,5.0,25693.65,69.42,2749.09,0.37,10.28,10.65,teaching,176996.6100000002,6e-05
1,Bundoora,7,2021.0,6.0,21876.82,67.01,2763.81,0.36,8.75,9.11,teaching,176996.6100000002,5e-05
1,Bundoora,7,2021.0,7.0,23139.95,72.06,2779.73,0.38,9.26,9.64,teaching,176996.6100000002,5e-05
1,Bundoora,7,2021.0,8.0,24262.68,65.26,2795.52,0.35,9.71,10.05,teaching,176996.6100000002,6e-05
1,Bundoora,7,2021.0,9.0,23822.43,61.22,2828.99,0.32,9.53,9.85,teaching,176996.6100000002,6e-05
1,Bundoora,7,2021.0,10.0,23669.71,58.12,19310.62,0.31,9.47,9.78,teaching,176996.6100000002,6e-05
1,Bundoora,7,2021.0,11.0,23420.58,57.48,18565.78,0.3,9.37,9.67,teaching,176996.6100000002,5e-05
1,Bundoora,7,2021.0,12.0,24229.23,37.38,27628.6,0.2,9.69,9.89,teaching,176996.6100000002,6e-05
1,Bundoora,7,2022.0,1.0,26995.24,0.0,31506.85,0.0,10.8,10.8,teaching,176996.6100000002,6e-05
1,Bundoora,7,2022.0,2.0,22704.09,0.0,31554.46,0.0,9.08,9.08,teaching,176996.6100000002,5e-05
1,Bundoora,7,2022.0,3.0,19618.34,0.0,22924.97,0.0,7.85,7.85,teaching,176996.6100000002,4e-05
1,Bundoora,7,2022.0,4.0,22099.75,0.0,4704.89,0.0,8.84,8.84,teaching,176996.6100000002,5e-05
1,Bundoora,15,2018.0,1.0,38066.05,0.0,0.0,0.0,15.23,15.23,other,15728.400000000003,0.00097
1,Bundoora,15,2018.0,2.0,49184.18,0.0,0.0,0.0,19.67,19.67,other,15728.400000000003,0.00125
1,Bundoora,15,2018.0,3.0,47737.57,0.0,0.0,0.0,19.1,19.1,other,15728.400000000003,0.00121
1,Bundoora,15,2018.0,4.0,42804.78,0.0,0.0,0.0,17.12,17.12,other,15728.400000000003,0.00109
1,Bundoora,15,2018.0,5.0,48331.34,6.79,0.0,0.04,19.33,19.37,other,15728.400000000003,0.00123
1,Bundoora,15,2018.0,6.0,49446.5,7.5,0.0,0.04,19.78,19.82,other,15728.400000000003,0.00126
1,Bundoora,15,2018.0,7.0,52996.78,8.03,0.0,0.04,21.2,21.24,other,15728.400000000003,0.00135
1,Bundoora,15,2018.0,8.0,50988.03,7.81,0.0,0.04,20.4,20.44,other,15728.400000000003,0.0013
1,Bundoora,15,2018.0,9.0,48010.66,7.38,0.0,0.04,19.2,19.24,other,15728.400000000003,0.00122
1,Bundoora,15,2018.0,10.0,47475.66,6.86,0.0,0.04,18.99,19.03,other,15728.400000000003,0.00121
1,Bundoora,15,2018.0,11.0,43286.41,6.14,0.0,0.03,17.31,17.35,other,15728.400000000003,0.0011
1,Bundoora,15,2018.0,12.0,31702.72,3.52,0.0,0.02,12.68,12.7,other,15728.400000000003,0.00081
1,Bundoora,15,2019.0,1.0,30989.0,3.15,0.0,0.02,12.4,12.41,other,15728.400000000003,0.00079
1,Bundoora,15,2019.0,2.0,40787.28,4.5,0.0,0.02,16.31,16.34,other,15728.400000000003,0.00104
1,Bundoora,15,2019.0,3.0,44562.63,5.38,0.0,0.03,17.83,17.85,other,15728.400000000003,0.00113
1,Bundoora,15,2019.0,4.0,42995.69,5.81,0.0,0.03,17.2,17.23,other,15728.400000000003,0.0011
1,Bundoora,15,2019.0,5.0,48246.5,6.87,0.0,0.04,19.3,19.34,other,15728.400000000003,0.00123
1,Bundoora,15,2019.0,6.0,47735.5,7.11,0.0,0.04,19.09,19.13,other,15728.400000000003,0.00122
1,Bundoora,15,2019.0,7.0,49690.0,7.46,0.0,0.04,19.88,19.92,other,15728.400000000003,0.00127
1,Bundoora,15,2019.0,8.0,51167.56,7.56,0.0,0.04,20.47,20.51,other,15728.400000000003,0.0013
1,Bundoora,15,2019.0,9.0,47287.38,6.68,0.0,0.04,18.91,18.95,other,15728.400000000003,0.0012
1,Bundoora,15,2019.0,10.0,45812.31,6.15,0.0,0.03,18.32,18.36,other,15728.400000000003,0.00117
1,Bundoora,15,2019.0,11.0,42404.38,5.26,0.0,0.03,16.96,16.99,other,15728.400000000003,0.00108
1,Bundoora,15,2019.0,12.0,31799.25,2.9,0.0,0.02,12.72,12.74,other,15728.400000000003,0.00081
1,Bundoora,15,2020.0,1.0,31466.56,0.0,0.0,0.0,12.59,12.59,other,15728.400000000003,0.0008
1,Bundoora,15,2020.0,2.0,35482.0,0.0,0.0,0.0,14.19,14.19,other,15728.400000000003,0.0009
1,Bundoora,15,2020.0,3.0,14720.94,0.0,0.0,0.0,5.89,5.89,other,15728.400000000003,0.00037
1,Bundoora,15,2020.0,4.0,38529.88,0.0,0.0,0.0,15.41,15.41,other,15728.400000000003,0.00098
1,Bundoora,15,2020.0,5.0,40119.75,0.0,0.0,0.0,16.05,16.05,other,15728.400000000003,0.00102
1,Bundoora,15,2020.0,6.0,37236.69,0.0,0.0,0.0,14.89,14.89,other,15728.400000000003,0.00095
1,Bundoora,15,2020.0,7.0,36905.69,0.0,0.0,0.0,14.76,14.76,other,15728.400000000003,0.00094
1,Bundoora,15,2020.0,8.0,41348.69,0.0,0.0,0.0,16.54,16.54,other,15728.400000000003,0.00105
1,Bundoora,15,2020.0,9.0,35943.69,0.0,0.0,0.0,14.38,14.38,other,15728.400000000003,0.00091
1,Bundoora,15,2020.0,10.0,37782.25,0.0,0.0,0.0,15.11,15.11,other,15728.400000000003,0.00096
1,Bundoora,15,2020.0,11.0,37883.69,0.0,0.0,0.0,15.15,15.15,other,15728.400000000003,0.00096
1,Bundoora,15,2020.0,12.0,28773.44,0.0,0.0,0.0,11.51,11.51,other,15728.400000000003,0.00073
1,Bundoora,15,2021.0,1.0,22444.25,4.0,235.15,0.02,8.98,9.0,other,15728.400000000003,0.00057
1,Bundoora,15,2021.0,2.0,34458.5,4.78,239.8,0.03,13.78,13.81,other,15728.400000000003,0.00088
1,Bundoora,15,2021.0,3.0,34491.94,5.06,239.07,0.03,13.8,13.82,other,15728.400000000003,0.00088
1,Bundoora,15,2021.0,4.0,36655.81,5.54,243.25,0.03,14.66,14.69,other,15728.400000000003,0.00093
1,Bundoora,15,2021.0,5.0,47167.94,6.17,244.29,0.03,18.87,18.9,other,15728.400000000003,0.0012
1,Bundoora,15,2021.0,6.0,44944.5,5.95,245.6,0.03,17.98,18.01,other,15728.400000000003,0.00115
1,Bundoora,15,2021.0,7.0,46213.13,6.4,247.01,0.03,18.49,18.52,other,15728.400000000003,0.00118
1,Bundoora,15,2021.0,8.0,48097.63,5.8,248.42,0.03,19.24,19.27,other,15728.400000000003,0.00123
1,Bundoora,15,2021.0,9.0,43810.88,5.44,251.39,0.03,17.52,17.55,other,15728.400000000003,0.00112
1,Bundoora,15,2021.0,10.0,42712.5,5.16,1715.99,0.03,17.08,17.11,other,15728.400000000003,0.00109
1,Bundoora,15,2021.0,11.0,37552.75,5.11,1649.81,0.03,15.02,15.05,other,15728.400000000003,0.00096
1,Bundoora,15,2021.0,12.0,33293.38,3.32,2455.15,0.02,13.32,13.33,other,15728.400000000003,0.00085
1,Bundoora,15,2022.0,1.0,31545.25,0.0,2799.78,0.0,12.62,12.62,other,15728.400000000003,0.0008
1,Bundoora,15,2022.0,2.0,40293.13,0.0,2804.02,0.0,16.12,16.12,other,15728.400000000003,0.00102
1,Bundoora,15,2022.0,3.0,41384.88,0.0,2037.18,0.0,16.55,16.55,other,15728.400000000003,0.00105
1,Bundoora,15,2022.0,4.0,46986.63,0.0,418.09,0.0,18.79,18.79,other,15728.400000000003,0.00119
1,Bundoora,16,2018.0,1.0,60060.06,0.0,0.0,0.0,24.02,24.02,mixed use,786493.8900000029,3e-05
1,Bundoora,16,2018.0,2.0,54244.5,0.0,0.0,0.0,21.7,21.7,mixed use,786493.8900000029,3e-05
1,Bundoora,16,2018.0,3.0,58824.69,0.0,0.0,0.0,23.53,23.53,mixed use,786493.8900000029,3e-05
1,Bundoora,16,2018.0,4.0,53330.38,0.0,0.0,0.0,21.33,21.33,mixed use,786493.8900000029,3e-05
1,Bundoora,16,2018.0,5.0,57233.13,339.76,0.0,1.8,22.89,24.69,mixed use,786493.8900000029,3e-05
1,Bundoora,16,2018.0,6.0,53201.94,375.15,0.0,1.99,21.28,23.27,mixed use,786493.8900000029,3e-05
1,Bundoora,16,2018.0,7.0,51165.0,401.29,0.0,2.13,20.47,22.59,mixed use,786493.8900000029,3e-05
1,Bundoora,16,2018.0,8.0,52281.13,390.41,0.0,2.07,20.91,22.98,mixed use,786493.8900000029,3e-05
1,Bundoora,16,2018.0,9.0,47573.0,368.9,0.0,1.96,19.03,20.98,mixed use,786493.8900000029,3e-05
1,Bundoora,16,2018.0,10.0,52192.25,343.22,0.0,1.82,20.88,22.7,mixed use,786493.8900000029,3e-05
1,Bundoora,16,2018.0,11.0,51364.5,307.19,0.0,1.63,20.55,22.17,mixed use,786493.8900000029,3e-05
1,Bundoora,16,2018.0,12.0,48423.38,176.12,0.0,0.93,19.37,20.3,mixed use,786493.8900000029,3e-05
1,Bundoora,16,2019.0,1.0,51717.38,157.65,0.0,0.84,20.69,21.52,mixed use,786493.8900000029,3e-05
1,Bundoora,16,2019.0,2.0,43951.63,225.24,0.0,1.19,17.58,18.77,mixed use,786493.8900000029,2e-05
1,Bundoora,16,2019.0,3.0,47903.13,269.19,0.0,1.43,19.16,20.59,mixed use,786493.8900000029,3e-05
1,Bundoora,16,2019.0,4.0,46833.88,290.55,0.0,1.54,18.73,20.27,mixed use,786493.8900000029,3e-05
1,Bundoora,16,2019.0,5.0,49873.0,343.3,0.0,1.82,19.95,21.77,mixed use,786493.8900000029,3e-05
1,Bundoora,16,2019.0,6.0,45740.25,355.42,0.0,1.88,18.3,20.18,mixed use,786493.8900000029,3e-05
1,Bundoora,16,2019.0,7.0,50083.13,373.17,0.0,1.98,20.03,22.01,mixed use,786493.8900000029,3e-05
1,Bundoora,16,2019.0,8.0,52755.75,377.95,0.0,2.0,21.1,23.11,mixed use,786493.8900000029,3e-05
1,Bundoora,16,2019.0,9.0,53552.0,333.87,0.0,1.77,21.42,23.19,mixed use,786493.8900000029,3e-05
1,Bundoora,16,2019.0,10.0,54893.88,307.44,0.0,1.63,21.96,23.59,mixed use,786493.8900000029,3e-05
1,Bundoora,16,2019.0,11.0,52067.0,262.98,0.0,1.39,20.83,22.22,mixed use,786493.8900000029,3e-05
1,Bundoora,16,2019.0,12.0,48081.75,145.01,0.0,0.77,19.23,20.0,mixed use,786493.8900000029,3e-05
1,Bundoora,16,2020.0,1.0,47383.5,0.0,0.0,0.0,18.95,18.95,mixed use,786493.8900000029,2e-05
1,Bundoora,16,2020.0,2.0,43498.88,0.0,0.0,0.0,17.4,17.4,mixed use,786493.8900000029,2e-05
1,Bundoora,16,2020.0,3.0,47928.38,0.0,0.0,0.0,19.17,19.17,mixed use,786493.8900000029,2e-05
1,Bundoora,16,2020.0,4.0,38983.03,0.0,0.0,0.0,15.59,15.59,mixed use,786493.8900000029,2e-05
1,Bundoora,16,2020.0,5.0,40631.05,0.0,0.0,0.0,16.25,16.25,mixed use,786493.8900000029,2e-05
1,Bundoora,16,2020.0,6.0,39976.99,0.0,0.0,0.0,15.99,15.99,mixed use,786493.8900000029,2e-05
1,Bundoora,16,2020.0,7.0,36368.74,0.0,0.0,0.0,14.55,14.55,mixed use,786493.8900000029,2e-05
1,Bundoora,16,2020.0,8.0,38396.48,0.0,0.0,0.0,15.36,15.36,mixed use,786493.8900000029,2e-05
1,Bundoora,16,2020.0,9.0,36824.96,0.0,0.0,0.0,14.73,14.73,mixed use,786493.8900000029,2e-05
1,Bundoora,16,2020.0,10.0,40572.22,0.0,0.0,0.0,16.23,16.23,mixed use,786493.8900000029,2e-05
1,Bundoora,16,2020.0,11.0,34486.98,0.0,0.0,0.0,13.79,13.79,mixed use,786493.8900000029,2e-05
1,Bundoora,16,2020.0,12.0,28714.28,0.0,0.0,0.0,11.49,11.49,mixed use,786493.8900000029,1e-05
1,Bundoora,16,2021.0,1.0,26021.54,200.16,11758.45,1.06,10.41,11.47,mixed use,786493.8900000029,1e-05
1,Bundoora,16,2021.0,2.0,21151.59,239.03,11991.32,1.27,8.46,9.73,mixed use,786493.8900000029,1e-05
1,Bundoora,16,2021.0,3.0,32571.7,252.95,11954.49,1.34,13.03,14.37,mixed use,786493.8900000029,2e-05
1,Bundoora,16,2021.0,4.0,37627.16,276.88,12163.75,1.47,15.05,16.52,mixed use,786493.8900000029,2e-05
1,Bundoora,16,2021.0,5.0,40067.08,308.49,12215.73,1.63,16.03,17.66,mixed use,786493.8900000029,2e-05
1,Bundoora,16,2021.0,6.0,35453.15,297.77,12281.13,1.58,14.18,15.76,mixed use,786493.8900000029,2e-05
1,Bundoora,16,2021.0,7.0,38151.27,320.19,12351.86,1.7,15.26,16.96,mixed use,786493.8900000029,2e-05
1,Bundoora,16,2021.0,8.0,40759.1,289.98,12422.06,1.54,16.3,17.84,mixed use,786493.8900000029,2e-05
1,Bundoora,16,2021.0,9.0,41086.69,272.02,12570.78,1.44,16.43,17.88,mixed use,786493.8900000029,2e-05
1,Bundoora,16,2021.0,10.0,35945.25,258.26,85807.79,1.37,14.38,15.75,mixed use,786493.8900000029,2e-05
1,Bundoora,16,2021.0,11.0,35867.54,255.43,82498.03,1.35,14.35,15.7,mixed use,786493.8900000029,2e-05
1,Bundoora,16,2021.0,12.0,35964.13,166.11,122769.17,0.88,14.39,15.27,mixed use,786493.8900000029,2e-05
1,Bundoora,16,2022.0,1.0,43382.77,0.0,140002.39,0.0,17.35,17.35,mixed use,786493.8900000029,2e-05
1,Bundoora,16,2022.0,2.0,35891.8,0.0,140213.94,0.0,14.36,14.36,mixed use,786493.8900000029,2e-05
1,Bundoora,16,2022.0,3.0,35610.96,0.0,101868.34,0.0,14.24,14.24,mixed use,786493.8900000029,2e-05
1,Bundoora,16,2022.0,4.0,39011.27,0.0,20906.42,0.0,15.6,15.6,mixed use,786493.8900000029,2e-05
1,Bundoora,17,2018.0,1.0,43036.41,0.0,0.0,0.0,17.21,17.21,mixed use,1259005.4499999948,1e-05
1,Bundoora,17,2018.0,2.0,42735.06,0.0,0.0,0.0,17.09,17.09,mixed use,1259005.4499999948,1e-05
1,Bundoora,17,2018.0,3.0,46178.56,0.0,0.0,0.0,18.47,18.47,mixed use,1259005.4499999948,1e-05
1,Bundoora,17,2018.0,4.0,40822.94,0.0,0.0,0.0,16.33,16.33,mixed use,1259005.4499999948,1e-05
1,Bundoora,17,2018.0,5.0,44843.94,543.88,0.0,2.88,17.94,20.82,mixed use,1259005.4499999948,2e-05
1,Bundoora,17,2018.0,6.0,42994.25,600.53,0.0,3.18,17.2,20.38,mixed use,1259005.4499999948,2e-05
1,Bundoora,17,2018.0,7.0,43015.13,642.38,0.0,3.4,17.21,20.61,mixed use,1259005.4499999948,2e-05
1,Bundoora,17,2018.0,8.0,43383.5,624.96,0.0,3.31,17.35,20.67,mixed use,1259005.4499999948,2e-05
1,Bundoora,17,2018.0,9.0,40014.5,590.52,0.0,3.13,16.01,19.14,mixed use,1259005.4499999948,2e-05
1,Bundoora,17,2018.0,10.0,45438.25,549.43,0.0,2.91,18.18,21.09,mixed use,1259005.4499999948,2e-05
1,Bundoora,17,2018.0,11.0,44403.94,491.74,0.0,2.61,17.76,20.37,mixed use,1259005.4499999948,2e-05
1,Bundoora,17,2018.0,12.0,39077.75,281.93,0.0,1.49,15.63,17.13,mixed use,1259005.4499999948,1e-05
1,Bundoora,17,2019.0,1.0,42023.38,252.37,0.0,1.34,16.81,18.15,mixed use,1259005.4499999948,1e-05
1,Bundoora,17,2019.0,2.0,46326.75,360.55,0.0,1.91,18.53,20.44,mixed use,1259005.4499999948,2e-05
1,Bundoora,17,2019.0,3.0,49864.0,430.92,0.0,2.28,19.95,22.23,mixed use,1259005.4499999948,2e-05
1,Bundoora,17,2019.0,4.0,46866.25,465.11,0.0,2.47,18.75,21.21,mixed use,1259005.4499999948,2e-05
1,Bundoora,17,2019.0,5.0,48828.38,549.55,0.0,2.91,19.53,22.44,mixed use,1259005.4499999948,2e-05
1,Bundoora,17,2019.0,6.0,48534.13,568.96,0.0,3.02,19.41,22.43,mixed use,1259005.4499999948,2e-05
1,Bundoora,17,2019.0,7.0,50180.63,597.36,0.0,3.17,20.07,23.24,mixed use,1259005.4499999948,2e-05
1,Bundoora,17,2019.0,8.0,47085.38,605.02,0.0,3.21,18.83,22.04,mixed use,1259005.4499999948,2e-05
1,Bundoora,17,2019.0,9.0,46226.25,534.45,0.0,2.83,18.49,21.32,mixed use,1259005.4499999948,2e-05
1,Bundoora,17,2019.0,10.0,47582.13,492.14,0.0,2.61,19.03,21.64,mixed use,1259005.4499999948,2e-05
1,Bundoora,17,2019.0,11.0,47526.5,420.97,0.0,2.23,19.01,21.24,mixed use,1259005.4499999948,2e-05
1,Bundoora,17,2019.0,12.0,44900.38,232.13,0.0,1.23,17.96,19.19,mixed use,1259005.4499999948,2e-05
1,Bundoora,17,2020.0,1.0,42763.0,0.0,0.0,0.0,17.11,17.11,mixed use,1259005.4499999948,1e-05
1,Bundoora,17,2020.0,2.0,42240.88,0.0,0.0,0.0,16.9,16.9,mixed use,1259005.4499999948,1e-05
1,Bundoora,17,2020.0,3.0,41812.5,0.0,0.0,0.0,16.73,16.73,mixed use,1259005.4499999948,1e-05
1,Bundoora,17,2020.0,4.0,34560.75,0.0,0.0,0.0,13.82,13.82,mixed use,1259005.4499999948,1e-05
1,Bundoora,17,2020.0,5.0,30684.63,0.0,0.0,0.0,12.27,12.27,mixed use,1259005.4499999948,1e-05
1,Bundoora,17,2020.0,6.0,31383.88,0.0,0.0,0.0,12.55,12.55,mixed use,1259005.4499999948,1e-05
1,Bundoora,17,2020.0,7.0,19915.75,0.0,0.0,0.0,7.97,7.97,mixed use,1259005.4499999948,1e-05
1,Bundoora,17,2020.0,8.0,23389.5,0.0,0.0,0.0,9.36,9.36,mixed use,1259005.4499999948,1e-05
1,Bundoora,17,2020.0,9.0,31068.75,0.0,0.0,0.0,12.43,12.43,mixed use,1259005.4499999948,1e-05
1,Bundoora,17,2020.0,10.0,32167.88,0.0,0.0,0.0,12.87,12.87,mixed use,1259005.4499999948,1e-05
1,Bundoora,17,2020.0,11.0,42117.0,0.0,0.0,0.0,16.85,16.85,mixed use,1259005.4499999948,1e-05
1,Bundoora,17,2020.0,12.0,37875.88,0.0,0.0,0.0,15.15,15.15,mixed use,1259005.4499999948,1e-05
1,Bundoora,17,2021.0,1.0,37791.5,320.42,18822.72,1.7,15.12,16.81,mixed use,1259005.4499999948,1e-05
1,Bundoora,17,2021.0,2.0,35498.0,382.64,19195.49,2.03,14.2,16.23,mixed use,1259005.4499999948,1e-05
1,Bundoora,17,2021.0,3.0,41049.75,404.92,19136.53,2.15,16.42,18.57,mixed use,1259005.4499999948,1e-05
1,Bundoora,17,2021.0,4.0,40204.5,443.23,19471.51,2.35,16.08,18.43,mixed use,1259005.4499999948,1e-05
1,Bundoora,17,2021.0,5.0,41689.75,493.82,19554.73,2.62,16.68,19.29,mixed use,1259005.4499999948,2e-05
1,Bundoora,17,2021.0,6.0,36449.25,476.66,19659.42,2.53,14.58,17.11,mixed use,1259005.4499999948,1e-05
1,Bundoora,17,2021.0,7.0,38194.5,512.56,19772.64,2.72,15.28,17.99,mixed use,1259005.4499999948,1e-05
1,Bundoora,17,2021.0,8.0,42017.5,464.2,19885.01,2.46,16.81,19.27,mixed use,1259005.4499999948,2e-05
1,Bundoora,17,2021.0,9.0,44399.25,435.44,20123.08,2.31,17.76,20.07,mixed use,1259005.4499999948,2e-05
1,Bundoora,17,2021.0,10.0,44438.75,413.42,137359.59,2.19,17.78,19.97,mixed use,1259005.4499999948,2e-05
1,Bundoora,17,2021.0,11.0,43609.25,408.89,132061.38,2.17,17.44,19.61,mixed use,1259005.4499999948,2e-05
1,Bundoora,17,2021.0,12.0,45384.5,265.9,196526.71,1.41,18.15,19.56,mixed use,1259005.4499999948,2e-05
1,Bundoora,17,2022.0,1.0,47648.0,0.0,224113.34,0.0,19.06,19.06,mixed use,1259005.4499999948,2e-05
1,Bundoora,17,2022.0,2.0,43931.75,0.0,224451.99,0.0,17.57,17.57,mixed use,1259005.4499999948,1e-05
1,Bundoora,17,2022.0,3.0,43882.75,0.0,163069.04,0.0,17.55,17.55,mixed use,1259005.4499999948,1e-05
1,Bundoora,17,2022.0,4.0,43834.75,0.0,33466.62,0.0,17.53,17.53,mixed use,1259005.4499999948,1e-05
1,Bundoora,18,2018.0,1.0,79686.69,0.0,0.0,0.0,31.87,31.87,mixed use,1405706.1599999988,2e-05
1,Bundoora,18,2018.0,2.0,81376.69,0.0,0.0,0.0,32.55,32.55,mixed use,1405706.1599999988,2e-05
1,Bundoora,18,2018.0,3.0,86757.63,0.0,0.0,0.0,34.7,34.7,mixed use,1405706.1599999988,2e-05
1,Bundoora,18,2018.0,4.0,76807.13,0.0,0.0,0.0,30.72,30.72,mixed use,1405706.1599999988,2e-05
1,Bundoora,18,2018.0,5.0,75761.5,607.26,0.0,3.22,30.3,33.52,mixed use,1405706.1599999988,2e-05
1,Bundoora,18,2018.0,6.0,74776.75,670.51,0.0,3.55,29.91,33.46,mixed use,1405706.1599999988,2e-05
1,Bundoora,18,2018.0,7.0,75989.88,717.23,0.0,3.8,30.4,34.2,mixed use,1405706.1599999988,2e-05
1,Bundoora,18,2018.0,8.0,78037.63,697.78,0.0,3.7,31.22,34.91,mixed use,1405706.1599999988,2e-05
1,Bundoora,18,2018.0,9.0,77764.5,659.33,0.0,3.49,31.11,34.6,mixed use,1405706.1599999988,2e-05
1,Bundoora,18,2018.0,10.0,90109.88,613.45,0.0,3.25,36.04,39.3,mixed use,1405706.1599999988,3e-05
1,Bundoora,18,2018.0,11.0,85733.5,549.04,0.0,2.91,34.29,37.2,mixed use,1405706.1599999988,3e-05
1,Bundoora,18,2018.0,12.0,89096.13,314.78,0.0,1.67,35.64,37.31,mixed use,1405706.1599999988,3e-05
1,Bundoora,18,2019.0,1.0,103480.88,281.77,0.0,1.49,41.39,42.89,mixed use,1405706.1599999988,3e-05
1,Bundoora,18,2019.0,2.0,87244.38,402.56,0.0,2.13,34.9,37.03,mixed use,1405706.1599999988,3e-05
1,Bundoora,18,2019.0,3.0,94924.25,481.13,0.0,2.55,37.97,40.52,mixed use,1405706.1599999988,3e-05
1,Bundoora,18,2019.0,4.0,91623.25,519.31,0.0,2.75,36.65,39.4,mixed use,1405706.1599999988,3e-05
1,Bundoora,18,2019.0,5.0,86028.0,613.58,0.0,3.25,34.41,37.66,mixed use,1405706.1599999988,3e-05
1,Bundoora,18,2019.0,6.0,65192.25,635.25,0.0,3.37,26.08,29.44,mixed use,1405706.1599999988,2e-05
1,Bundoora,18,2019.0,7.0,68208.5,666.96,0.0,3.53,27.28,30.82,mixed use,1405706.1599999988,2e-05
1,Bundoora,18,2019.0,8.0,68638.75,675.52,0.0,3.58,27.46,31.04,mixed use,1405706.1599999988,2e-05
1,Bundoora,18,2019.0,9.0,72632.0,596.72,0.0,3.16,29.05,32.22,mixed use,1405706.1599999988,2e-05
1,Bundoora,18,2019.0,10.0,78318.25,549.49,0.0,2.91,31.33,34.24,mixed use,1405706.1599999988,2e-05
1,Bundoora,18,2019.0,11.0,72351.0,470.02,0.0,2.49,28.94,31.43,mixed use,1405706.1599999988,2e-05
1,Bundoora,18,2019.0,12.0,78642.5,259.18,0.0,1.37,31.46,32.83,mixed use,1405706.1599999988,2e-05
1,Bundoora,18,2020.0,1.0,78757.5,0.0,0.0,0.0,31.5,31.5,mixed use,1405706.1599999988,2e-05
1,Bundoora,18,2020.0,2.0,78472.25,0.0,0.0,0.0,31.39,31.39,mixed use,1405706.1599999988,2e-05
1,Bundoora,18,2020.0,3.0,70984.0,0.0,0.0,0.0,28.39,28.39,mixed use,1405706.1599999988,2e-05
1,Bundoora,18,2020.0,4.0,32929.5,0.0,0.0,0.0,13.17,13.17,mixed use,1405706.1599999988,1e-05
1,Bundoora,18,2020.0,5.0,23263.5,0.0,0.0,0.0,9.31,9.31,mixed use,1405706.1599999988,1e-05
1,Bundoora,18,2020.0,6.0,29022.25,0.0,0.0,0.0,11.61,11.61,mixed use,1405706.1599999988,1e-05
1,Bundoora,18,2020.0,7.0,46649.5,0.0,0.0,0.0,18.66,18.66,mixed use,1405706.1599999988,1e-05
1,Bundoora,18,2020.0,8.0,53212.0,0.0,0.0,0.0,21.28,21.28,mixed use,1405706.1599999988,2e-05
1,Bundoora,18,2020.0,9.0,46439.5,0.0,0.0,0.0,18.58,18.58,mixed use,1405706.1599999988,1e-05
1,Bundoora,18,2020.0,10.0,52842.5,0.0,0.0,0.0,21.14,21.14,mixed use,1405706.1599999988,2e-05
1,Bundoora,18,2020.0,11.0,71735.25,0.0,0.0,0.0,28.69,28.69,mixed use,1405706.1599999988,2e-05
1,Bundoora,18,2020.0,12.0,60582.75,0.0,0.0,0.0,24.23,24.23,mixed use,1405706.1599999988,2e-05
1,Bundoora,18,2021.0,1.0,49475.75,357.75,21015.97,1.9,19.79,21.69,mixed use,1405706.1599999988,2e-05
1,Bundoora,18,2021.0,2.0,65885.25,427.23,21432.17,2.26,26.35,28.62,mixed use,1405706.1599999988,2e-05
1,Bundoora,18,2021.0,3.0,64965.75,452.1,21366.34,2.4,25.99,28.38,mixed use,1405706.1599999988,2e-05
1,Bundoora,18,2021.0,4.0,67491.25,494.88,21740.36,2.62,27.0,29.62,mixed use,1405706.1599999988,2e-05
1,Bundoora,18,2021.0,5.0,65128.25,551.36,21833.27,2.92,26.05,28.97,mixed use,1405706.1599999988,2e-05
1,Bundoora,18,2021.0,6.0,51796.75,532.2,21950.16,2.82,20.72,23.54,mixed use,1405706.1599999988,2e-05
1,Bundoora,18,2021.0,7.0,54437.25,572.28,22076.57,3.03,21.77,24.81,mixed use,1405706.1599999988,2e-05
1,Bundoora,18,2021.0,8.0,57190.0,518.29,22202.03,2.75,22.88,25.62,mixed use,1405706.1599999988,2e-05
1,Bundoora,18,2021.0,9.0,54995.5,486.18,22467.84,2.58,22.0,24.57,mixed use,1405706.1599999988,2e-05
1,Bundoora,18,2021.0,10.0,58022.75,461.59,153364.88,2.45,23.21,25.66,mixed use,1405706.1599999988,2e-05
1,Bundoora,18,2021.0,11.0,46403.5,456.54,147449.32,2.42,18.56,20.98,mixed use,1405706.1599999988,1e-05
1,Bundoora,18,2021.0,12.0,50411.5,296.88,219426.22,1.57,20.16,21.74,mixed use,1405706.1599999988,2e-05
1,Bundoora,18,2022.0,1.0,62529.5,0.0,250227.27,0.0,25.01,25.01,mixed use,1405706.1599999988,2e-05
1,Bundoora,18,2022.0,2.0,58517.0,0.0,250605.39,0.0,23.41,23.41,mixed use,1405706.1599999988,2e-05
1,Bundoora,18,2022.0,3.0,61220.0,0.0,182070.02,0.0,24.49,24.49,mixed use,1405706.1599999988,2e-05
1,Bundoora,18,2022.0,4.0,55796.0,0.0,37366.19,0.0,22.32,22.32,mixed use,1405706.1599999988,2e-05
1,Bundoora,19,2018.0,1.0,5654.43,0.0,0.0,0.0,2.26,2.26,leased,600.0,0.00377
1,Bundoora,19,2018.0,2.0,7710.57,0.0,0.0,0.0,3.08,3.08,leased,600.0,0.00513
1,Bundoora,19,2018.0,3.0,7489.97,0.0,0.0,0.0,3.0,3.0,leased,600.0,0.005
1,Bundoora,19,2018.0,4.0,6941.6,0.0,0.0,0.0,2.78,2.78,leased,600.0,0.00463
1,Bundoora,19,2018.0,5.0,10625.51,0.26,0.0,0.0,4.25,4.25,leased,600.0,0.00708
1,Bundoora,19,2018.0,6.0,10346.19,0.29,0.0,0.0,4.14,4.14,leased,600.0,0.0069
1,Bundoora,19,2018.0,7.0,10498.16,0.31,0.0,0.0,4.2,4.2,leased,600.0,0.007
1,Bundoora,19,2018.0,8.0,10987.51,0.3,0.0,0.0,4.4,4.4,leased,600.0,0.00733
1,Bundoora,19,2018.0,9.0,7642.94,0.28,0.0,0.0,3.06,3.06,leased,600.0,0.0051
1,Bundoora,19,2018.0,10.0,7018.23,0.26,0.0,0.0,2.81,2.81,leased,600.0,0.00468
1,Bundoora,19,2018.0,11.0,7254.82,0.23,0.0,0.0,2.9,2.9,leased,600.0,0.00483
1,Bundoora,19,2018.0,12.0,5977.58,0.13,0.0,0.0,2.39,2.39,leased,600.0,0.00398
1,Bundoora,19,2019.0,1.0,6818.52,0.12,0.0,0.0,2.73,2.73,leased,600.0,0.00455
1,Bundoora,19,2019.0,2.0,7598.82,0.17,0.0,0.0,3.04,3.04,leased,600.0,0.00507
1,Bundoora,19,2019.0,3.0,8349.43,0.21,0.0,0.0,3.34,3.34,leased,600.0,0.00557
1,Bundoora,19,2019.0,4.0,7316.02,0.22,0.0,0.0,2.93,2.93,leased,600.0,0.00488
1,Bundoora,19,2019.0,5.0,10454.02,0.26,0.0,0.0,4.18,4.18,leased,600.0,0.00697
1,Bundoora,19,2019.0,6.0,9241.52,0.27,0.0,0.0,3.7,3.7,leased,600.0,0.00617
1,Bundoora,19,2019.0,7.0,11012.94,0.28,0.0,0.0,4.41,4.41,leased,600.0,0.00735
1,Bundoora,19,2019.0,8.0,10329.88,0.29,0.0,0.0,4.13,4.13,leased,600.0,0.00688
1,Bundoora,19,2019.0,9.0,8216.94,0.25,0.0,0.0,3.29,3.29,leased,600.0,0.00548
1,Bundoora,19,2019.0,10.0,7570.38,0.23,0.0,0.0,3.03,3.03,leased,600.0,0.00505
1,Bundoora,19,2019.0,11.0,6522.31,0.2,0.0,0.0,2.61,2.61,leased,600.0,0.00435
1,Bundoora,19,2019.0,12.0,5638.5,0.11,0.0,0.0,2.26,2.26,leased,600.0,0.00377
1,Bundoora,19,2020.0,1.0,6315.09,0.0,0.0,0.0,2.53,2.53,leased,600.0,0.00422
1,Bundoora,19,2020.0,2.0,7406.41,0.0,0.0,0.0,2.96,2.96,leased,600.0,0.00493
1,Bundoora,19,2020.0,3.0,6901.69,0.0,0.0,0.0,2.76,2.76,leased,600.0,0.0046
1,Bundoora,19,2020.0,4.0,6181.28,0.0,0.0,0.0,2.47,2.47,leased,600.0,0.00412
1,Bundoora,19,2020.0,5.0,9590.5,0.0,0.0,0.0,3.84,3.84,leased,600.0,0.0064
1,Bundoora,19,2020.0,6.0,10259.72,0.0,0.0,0.0,4.1,4.1,leased,600.0,0.00683
1,Bundoora,19,2020.0,7.0,9571.66,0.0,0.0,0.0,3.83,3.83,leased,600.0,0.00638
1,Bundoora,19,2020.0,8.0,8306.21,0.0,0.0,0.0,3.32,3.32,leased,600.0,0.00553
1,Bundoora,19,2020.0,9.0,7039.84,0.0,0.0,0.0,2.82,2.82,leased,600.0,0.0047
1,Bundoora,19,2020.0,10.0,8659.72,0.0,0.0,0.0,3.46,3.46,leased,600.0,0.00577
1,Bundoora,19,2020.0,11.0,9043.15,0.0,0.0,0.0,3.62,3.62,leased,600.0,0.00603
1,Bundoora,19,2020.0,12.0,7610.07,0.0,0.0,0.0,3.04,3.04,leased,600.0,0.00507
1,Bundoora,19,2021.0,1.0,7200.4,0.15,8.97,0.0,2.88,2.88,leased,600.0,0.0048
1,Bundoora,19,2021.0,2.0,7678.65,0.18,9.15,0.0,3.07,3.07,leased,600.0,0.00512
1,Bundoora,19,2021.0,3.0,7176.72,0.19,9.12,0.0,2.87,2.87,leased,600.0,0.00478
1,Bundoora,19,2021.0,4.0,7304.38,0.21,9.28,0.0,2.92,2.92,leased,600.0,0.00487
1,Bundoora,19,2021.0,5.0,9329.23,0.24,9.32,0.0,3.73,3.73,leased,600.0,0.00622
1,Bundoora,19,2021.0,6.0,9583.62,0.23,9.37,0.0,3.83,3.83,leased,600.0,0.00638
1,Bundoora,19,2021.0,7.0,11029.62,0.24,9.42,0.0,4.41,4.41,leased,600.0,0.00735
1,Bundoora,19,2021.0,8.0,10334.27,0.22,9.48,0.0,4.13,4.13,leased,600.0,0.00688
1,Bundoora,19,2021.0,9.0,7763.68,0.21,9.59,0.0,3.11,3.11,leased,600.0,0.00518
1,Bundoora,19,2021.0,10.0,6745.79,0.2,65.46,0.0,2.7,2.7,leased,600.0,0.0045
1,Bundoora,19,2021.0,11.0,7383.24,0.19,62.94,0.0,2.95,2.95,leased,600.0,0.00492
1,Bundoora,19,2021.0,12.0,7450.44,0.13,93.66,0.0,2.98,2.98,leased,600.0,0.00497
1,Bundoora,19,2022.0,1.0,8804.74,0.0,106.8,0.0,3.52,3.52,leased,600.0,0.00587
1,Bundoora,19,2022.0,2.0,7826.19,0.0,106.97,0.0,3.13,3.13,leased,600.0,0.00522
1,Bundoora,19,2022.0,3.0,7815.14,0.0,77.71,0.0,3.13,3.13,leased,600.0,0.00522
1,Bundoora,19,2022.0,4.0,6551.5,0.0,15.95,0.0,2.62,2.62,leased,600.0,0.00437
1,Bundoora,20,2018.0,1.0,49419.81,0.0,0.0,0.0,19.77,19.77,residence,42646.39999999995,0.00046
1,Bundoora,20,2018.0,2.0,53269.5,0.0,0.0,0.0,21.31,21.31,residence,42646.39999999995,0.0005
1,Bundoora,20,2018.0,3.0,72029.75,0.0,0.0,0.0,28.81,28.81,residence,42646.39999999995,0.00068
1,Bundoora,20,2018.0,4.0,75779.63,0.0,0.0,0.0,30.31,30.31,residence,42646.39999999995,0.00071
1,Bundoora,20,2018.0,5.0,86685.38,18.42,0.0,0.1,34.67,34.77,residence,42646.39999999995,0.00082
1,Bundoora,20,2018.0,6.0,89447.0,20.34,0.0,0.11,35.78,35.89,residence,42646.39999999995,0.00084
1,Bundoora,20,2018.0,7.0,89667.25,21.76,0.0,0.12,35.87,35.98,residence,42646.39999999995,0.00084
1,Bundoora,20,2018.0,8.0,85074.38,21.17,0.0,0.11,34.03,34.14,residence,42646.39999999995,0.0008
1,Bundoora,20,2018.0,9.0,75557.88,20.0,0.0,0.11,30.22,30.33,residence,42646.39999999995,0.00071
1,Bundoora,20,2018.0,10.0,77230.75,18.61,0.0,0.1,30.89,30.99,residence,42646.39999999995,0.00073
1,Bundoora,20,2018.0,11.0,67767.63,16.66,0.0,0.09,27.11,27.2,residence,42646.39999999995,0.00064
1,Bundoora,20,2018.0,12.0,52503.38,9.55,0.0,0.05,21.0,21.05,residence,42646.39999999995,0.00049
1,Bundoora,20,2019.0,1.0,66392.0,8.55,0.0,0.05,26.56,26.6,residence,42646.39999999995,0.00062
1,Bundoora,20,2019.0,2.0,67467.63,12.21,0.0,0.06,26.99,27.05,residence,42646.39999999995,0.00063
1,Bundoora,20,2019.0,3.0,88428.88,14.6,0.0,0.08,35.37,35.45,residence,42646.39999999995,0.00083
1,Bundoora,20,2019.0,4.0,84310.5,15.75,0.0,0.08,33.72,33.81,residence,42646.39999999995,0.00079
1,Bundoora,20,2019.0,5.0,85951.5,18.61,0.0,0.1,34.38,34.48,residence,42646.39999999995,0.00081
1,Bundoora,20,2019.0,6.0,90786.25,19.27,0.0,0.1,36.31,36.42,residence,42646.39999999995,0.00085
1,Bundoora,20,2019.0,7.0,93261.75,20.23,0.0,0.11,37.3,37.41,residence,42646.39999999995,0.00088
1,Bundoora,20,2019.0,8.0,90295.75,20.49,0.0,0.11,36.12,36.23,residence,42646.39999999995,0.00085
1,Bundoora,20,2019.0,9.0,84719.75,18.1,0.0,0.1,33.89,33.98,residence,42646.39999999995,0.0008
1,Bundoora,20,2019.0,10.0,83989.5,16.67,0.0,0.09,33.6,33.68,residence,42646.39999999995,0.00079
1,Bundoora,20,2019.0,11.0,75779.5,14.26,0.0,0.08,30.31,30.39,residence,42646.39999999995,0.00071
1,Bundoora,20,2019.0,12.0,61517.25,7.86,0.0,0.04,24.61,24.65,residence,42646.39999999995,0.00058
1,Bundoora,20,2020.0,1.0,70623.25,0.0,0.0,0.0,28.25,28.25,residence,42646.39999999995,0.00066
1,Bundoora,20,2020.0,2.0,72271.5,0.0,0.0,0.0,28.91,28.91,residence,42646.39999999995,0.00068
1,Bundoora,20,2020.0,3.0,86845.75,0.0,0.0,0.0,34.74,34.74,residence,42646.39999999995,0.00081
1,Bundoora,20,2020.0,4.0,78767.75,0.0,0.0,0.0,31.51,31.51,residence,42646.39999999995,0.00074
1,Bundoora,20,2020.0,5.0,86982.0,0.0,0.0,0.0,34.79,34.79,residence,42646.39999999995,0.00082
1,Bundoora,20,2020.0,6.0,86975.25,0.0,0.0,0.0,34.79,34.79,residence,42646.39999999995,0.00082
1,Bundoora,20,2020.0,7.0,76153.0,0.0,0.0,0.0,30.46,30.46,residence,42646.39999999995,0.00071
1,Bundoora,20,2020.0,8.0,80367.75,0.0,0.0,0.0,32.15,32.15,residence,42646.39999999995,0.00075
1,Bundoora,20,2020.0,9.0,61941.0,0.0,0.0,0.0,24.78,24.78,residence,42646.39999999995,0.00058
1,Bundoora,20,2020.0,10.0,68530.5,0.0,0.0,0.0,27.41,27.41,residence,42646.39999999995,0.00064
1,Bundoora,20,2020.0,11.0,56239.25,0.0,0.0,0.0,22.5,22.5,residence,42646.39999999995,0.00053
1,Bundoora,20,2020.0,12.0,26473.5,0.0,0.0,0.0,10.59,10.59,residence,42646.39999999995,0.00025
1,Bundoora,20,2021.0,1.0,27741.25,10.85,637.58,0.06,11.1,11.15,residence,42646.39999999995,0.00026
1,Bundoora,20,2021.0,2.0,35992.0,12.96,650.21,0.07,14.4,14.47,residence,42646.39999999995,0.00034
1,Bundoora,20,2021.0,3.0,50485.25,13.72,648.21,0.07,20.19,20.27,residence,42646.39999999995,0.00048
1,Bundoora,20,2021.0,4.0,67264.5,15.01,659.56,0.08,26.91,26.99,residence,42646.39999999995,0.00063
1,Bundoora,20,2021.0,5.0,74340.5,16.73,662.38,0.09,29.74,29.82,residence,42646.39999999995,0.0007
1,Bundoora,20,2021.0,6.0,67378.0,16.15,665.93,0.09,26.95,27.04,residence,42646.39999999995,0.00063
1,Bundoora,20,2021.0,7.0,69259.5,17.36,669.76,0.09,27.7,27.8,residence,42646.39999999995,0.00065
1,Bundoora,20,2021.0,8.0,68721.0,15.72,673.57,0.08,27.49,27.57,residence,42646.39999999995,0.00065
1,Bundoora,20,2021.0,9.0,58885.0,14.75,681.63,0.08,23.55,23.63,residence,42646.39999999995,0.00055
1,Bundoora,20,2021.0,10.0,53412.5,14.0,4652.79,0.07,21.36,21.44,residence,42646.39999999995,0.0005
1,Bundoora,20,2021.0,11.0,46612.0,13.85,4473.33,0.07,18.64,18.72,residence,42646.39999999995,0.00044
1,Bundoora,20,2021.0,12.0,48031.0,9.01,6656.97,0.05,19.21,19.26,residence,42646.39999999995,0.00045
1,Bundoora,20,2022.0,1.0,52639.5,0.0,7591.41,0.0,21.06,21.06,residence,42646.39999999995,0.00049
1,Bundoora,20,2022.0,2.0,49285.5,0.0,7602.88,0.0,19.71,19.71,residence,42646.39999999995,0.00046
1,Bundoora,20,2022.0,3.0,54879.5,0.0,5523.65,0.0,21.95,21.95,residence,42646.39999999995,0.00051
1,Bundoora,20,2022.0,4.0,63142.5,0.0,1133.62,0.0,25.26,25.26,residence,42646.39999999995,0.00059
1,Bundoora,21,2018.0,1.0,15859.55,0.0,0.0,0.0,6.34,6.34,other,265.0,0.02392
1,Bundoora,21,2018.0,2.0,18139.41,0.0,0.0,0.0,7.26,7.26,other,265.0,0.0274
1,Bundoora,21,2018.0,3.0,20713.97,0.0,0.0,0.0,8.29,8.29,other,265.0,0.03128
1,Bundoora,21,2018.0,4.0,19193.56,0.0,0.0,0.0,7.68,7.68,other,265.0,0.02898
1,Bundoora,21,2018.0,5.0,21401.38,0.11,0.0,0.0,8.56,8.56,other,265.0,0.0323
1,Bundoora,21,2018.0,6.0,21667.19,0.13,0.0,0.0,8.67,8.67,other,265.0,0.03272
1,Bundoora,21,2018.0,7.0,22245.97,0.14,0.0,0.0,8.9,8.9,other,265.0,0.03358
1,Bundoora,21,2018.0,8.0,22847.66,0.13,0.0,0.0,9.14,9.14,other,265.0,0.03449
1,Bundoora,21,2018.0,9.0,20218.53,0.12,0.0,0.0,8.09,8.09,other,265.0,0.03053
1,Bundoora,21,2018.0,10.0,20715.19,0.12,0.0,0.0,8.29,8.29,other,265.0,0.03128
1,Bundoora,21,2018.0,11.0,19557.47,0.1,0.0,0.0,7.82,7.82,other,265.0,0.02951
1,Bundoora,21,2018.0,12.0,19872.69,0.06,0.0,0.0,7.95,7.95,other,265.0,0.03
1,Bundoora,21,2019.0,1.0,21391.78,0.05,0.0,0.0,8.56,8.56,other,265.0,0.0323
1,Bundoora,21,2019.0,2.0,19821.75,0.08,0.0,0.0,7.93,7.93,other,265.0,0.02992
1,Bundoora,21,2019.0,3.0,21498.25,0.09,0.0,0.0,8.6,8.6,other,265.0,0.03245
1,Bundoora,21,2019.0,4.0,19168.69,0.1,0.0,0.0,7.67,7.67,other,265.0,0.02894
1,Bundoora,21,2019.0,5.0,21661.56,0.12,0.0,0.0,8.66,8.67,other,265.0,0.03272
1,Bundoora,21,2019.0,6.0,21797.75,0.12,0.0,0.0,8.72,8.72,other,265.0,0.03291
1,Bundoora,21,2019.0,7.0,23579.44,0.13,0.0,0.0,9.43,9.43,other,265.0,0.03558
1,Bundoora,21,2019.0,8.0,23309.69,0.13,0.0,0.0,9.32,9.32,other,265.0,0.03517
1,Bundoora,21,2019.0,9.0,20103.56,0.11,0.0,0.0,8.04,8.04,other,265.0,0.03034
1,Bundoora,21,2019.0,10.0,20963.81,0.1,0.0,0.0,8.39,8.39,other,265.0,0.03166
1,Bundoora,21,2019.0,11.0,18897.13,0.09,0.0,0.0,7.56,7.56,other,265.0,0.02853
1,Bundoora,21,2019.0,12.0,21431.81,0.05,0.0,0.0,8.57,8.57,other,265.0,0.03234
1,Bundoora,21,2020.0,1.0,21896.06,0.0,0.0,0.0,8.76,8.76,other,265.0,0.03306
1,Bundoora,21,2020.0,2.0,21451.56,0.0,0.0,0.0,8.58,8.58,other,265.0,0.03238
1,Bundoora,21,2020.0,3.0,17612.08,0.0,0.0,0.0,7.04,7.04,other,265.0,0.02657
1,Bundoora,21,2020.0,4.0,15743.77,0.0,0.0,0.0,6.3,6.3,other,265.0,0.02377
1,Bundoora,21,2020.0,5.0,17841.71,0.0,0.0,0.0,7.14,7.14,other,265.0,0.02694
1,Bundoora,21,2020.0,6.0,20417.5,0.0,0.0,0.0,8.17,8.17,other,265.0,0.03083
1,Bundoora,21,2020.0,7.0,19330.97,0.0,0.0,0.0,7.73,7.73,other,265.0,0.02917
1,Bundoora,21,2020.0,8.0,20417.81,0.0,0.0,0.0,8.17,8.17,other,265.0,0.03083
1,Bundoora,21,2020.0,9.0,16321.05,0.0,0.0,0.0,6.53,6.53,other,265.0,0.02464
1,Bundoora,21,2020.0,10.0,18252.5,0.0,0.0,0.0,7.3,7.3,other,265.0,0.02755
1,Bundoora,21,2020.0,11.0,18528.31,0.0,0.0,0.0,7.41,7.41,other,265.0,0.02796
1,Bundoora,21,2020.0,12.0,18431.15,0.0,0.0,0.0,7.37,7.37,other,265.0,0.02781
1,Bundoora,21,2021.0,1.0,19182.26,0.07,3.96,0.0,7.67,7.67,other,265.0,0.02894
1,Bundoora,21,2021.0,2.0,16912.18,0.08,4.04,0.0,6.76,6.77,other,265.0,0.02555
1,Bundoora,21,2021.0,3.0,17334.58,0.09,4.03,0.0,6.93,6.93,other,265.0,0.02615
1,Bundoora,21,2021.0,4.0,16632.08,0.09,4.1,0.0,6.65,6.65,other,265.0,0.02509
1,Bundoora,21,2021.0,5.0,19983.04,0.1,4.12,0.0,7.99,7.99,other,265.0,0.03015
1,Bundoora,21,2021.0,6.0,17691.4,0.1,4.14,0.0,7.08,7.08,other,265.0,0.02672
1,Bundoora,21,2021.0,7.0,21699.44,0.11,4.16,0.0,8.68,8.68,other,265.0,0.03275
1,Bundoora,21,2021.0,8.0,21646.97,0.1,4.19,0.0,8.66,8.66,other,265.0,0.03268
1,Bundoora,21,2021.0,9.0,20040.12,0.09,4.24,0.0,8.02,8.02,other,265.0,0.03026
1,Bundoora,21,2021.0,10.0,19021.09,0.09,28.91,0.0,7.61,7.61,other,265.0,0.02872
1,Bundoora,21,2021.0,11.0,17332.6,0.09,27.8,0.0,6.93,6.93,other,265.0,0.02615
1,Bundoora,21,2021.0,12.0,19063.6,0.06,41.37,0.0,7.63,7.63,other,265.0,0.02879
1,Bundoora,21,2022.0,1.0,21147.58,0.0,47.17,0.0,8.46,8.46,other,265.0,0.03192
1,Bundoora,21,2022.0,2.0,17990.07,0.0,47.24,0.0,7.2,7.2,other,265.0,0.02717
1,Bundoora,21,2022.0,3.0,17759.53,0.0,34.32,0.0,7.1,7.1,other,265.0,0.02679
1,Bundoora,21,2022.0,4.0,18204.2,0.0,7.04,0.0,7.28,7.28,other,265.0,0.02747
1,Bundoora,23,2018.0,1.0,82910.39,0.0,0.0,0.0,33.16,33.16,office,558322.6000000011,6e-05
1,Bundoora,23,2018.0,2.0,85308.42,0.0,0.0,0.0,34.12,34.12,office,558322.6000000011,6e-05
1,Bundoora,23,2018.0,3.0,99014.52,0.0,0.0,0.0,39.61,39.61,office,558322.6000000011,7e-05
1,Bundoora,23,2018.0,4.0,84649.47,0.0,0.0,0.0,33.86,33.86,office,558322.6000000011,6e-05
1,Bundoora,23,2018.0,5.0,105227.56,241.19,0.0,1.28,42.09,43.37,office,558322.6000000011,8e-05
1,Bundoora,23,2018.0,6.0,118258.89,266.31,0.0,1.41,47.3,48.71,office,558322.6000000011,9e-05
1,Bundoora,23,2018.0,7.0,124111.03,284.87,0.0,1.51,49.64,51.15,office,558322.6000000011,9e-05
1,Bundoora,23,2018.0,8.0,128540.52,277.15,0.0,1.47,51.42,52.89,office,558322.6000000011,9e-05
1,Bundoora,23,2018.0,9.0,122355.8,261.87,0.0,1.39,48.94,50.33,office,558322.6000000011,9e-05
1,Bundoora,23,2018.0,10.0,110733.34,243.65,0.0,1.29,44.29,45.58,office,558322.6000000011,8e-05
1,Bundoora,23,2018.0,11.0,83134.97,218.07,0.0,1.16,33.25,34.41,office,558322.6000000011,6e-05
1,Bundoora,23,2018.0,12.0,89488.49,125.03,0.0,0.66,35.8,36.46,office,558322.6000000011,7e-05
1,Bundoora,23,2019.0,1.0,78389.13,111.92,0.0,0.59,31.36,31.95,office,558322.6000000011,6e-05
1,Bundoora,23,2019.0,2.0,92379.55,159.89,0.0,0.85,36.95,37.8,office,558322.6000000011,7e-05
1,Bundoora,23,2019.0,3.0,104280.96,191.1,0.0,1.01,41.71,42.73,office,558322.6000000011,8e-05
1,Bundoora,23,2019.0,4.0,124377.36,206.26,0.0,1.09,49.75,50.84,office,558322.6000000011,9e-05
1,Bundoora,23,2019.0,5.0,145730.56,243.7,0.0,1.29,58.29,59.58,office,558322.6000000011,0.00011
1,Bundoora,23,2019.0,6.0,136717.9,252.31,0.0,1.34,54.69,56.02,office,558322.6000000011,0.0001
1,Bundoora,23,2019.0,7.0,154754.11,264.91,0.0,1.4,61.9,63.31,office,558322.6000000011,0.00011
1,Bundoora,23,2019.0,8.0,149569.38,268.3,0.0,1.42,59.83,61.25,office,558322.6000000011,0.00011
1,Bundoora,23,2019.0,9.0,147220.04,237.01,0.0,1.26,58.89,60.14,office,558322.6000000011,0.00011
1,Bundoora,23,2019.0,10.0,122154.94,218.25,0.0,1.16,48.86,50.02,office,558322.6000000011,9e-05
1,Bundoora,23,2019.0,11.0,133520.76,186.69,0.0,0.99,53.41,54.4,office,558322.6000000011,0.0001
1,Bundoora,23,2019.0,12.0,93940.73,102.94,0.0,0.55,37.58,38.12,office,558322.6000000011,7e-05
1,Bundoora,23,2020.0,1.0,96944.99,0.0,0.0,0.0,38.78,38.78,office,558322.6000000011,7e-05
1,Bundoora,23,2020.0,2.0,100230.26,0.0,0.0,0.0,40.09,40.09,office,558322.6000000011,7e-05
1,Bundoora,23,2020.0,3.0,100499.03,0.0,0.0,0.0,40.2,40.2,office,558322.6000000011,7e-05
1,Bundoora,23,2020.0,4.0,83299.47,0.0,0.0,0.0,33.32,33.32,office,558322.6000000011,6e-05
1,Bundoora,23,2020.0,5.0,91503.72,0.0,0.0,0.0,36.6,36.6,office,558322.6000000011,7e-05
1,Bundoora,23,2020.0,6.0,82079.38,0.0,0.0,0.0,32.83,32.83,office,558322.6000000011,6e-05
1,Bundoora,23,2020.0,7.0,82907.18,0.0,0.0,0.0,33.16,33.16,office,558322.6000000011,6e-05
1,Bundoora,23,2020.0,8.0,75537.55,0.0,0.0,0.0,30.22,30.22,office,558322.6000000011,5e-05
1,Bundoora,23,2020.0,9.0,60153.07,0.0,0.0,0.0,24.06,24.06,office,558322.6000000011,4e-05
1,Bundoora,23,2020.0,10.0,63745.93,0.0,0.0,0.0,25.5,25.5,office,558322.6000000011,5e-05
1,Bundoora,23,2020.0,11.0,43084.0,0.0,0.0,0.0,17.23,17.23,office,558322.6000000011,3e-05
1,Bundoora,23,2020.0,12.0,44952.66,0.0,0.0,0.0,17.98,17.98,office,558322.6000000011,3e-05
1,Bundoora,23,2021.0,1.0,41963.95,142.09,8347.18,0.75,16.79,17.54,office,558322.6000000011,3e-05
1,Bundoora,23,2021.0,2.0,42552.15,169.69,8512.49,0.9,17.02,17.92,office,558322.6000000011,3e-05
1,Bundoora,23,2021.0,3.0,68261.3,179.57,8486.35,0.95,27.3,28.26,office,558322.6000000011,5e-05
1,Bundoora,23,2021.0,4.0,111528.25,196.56,8634.9,1.04,44.61,45.65,office,558322.6000000011,8e-05
1,Bundoora,23,2021.0,5.0,99630.87,218.99,8671.8,1.16,39.85,41.01,office,558322.6000000011,7e-05
1,Bundoora,23,2021.0,6.0,95720.86,211.38,8718.23,1.12,38.29,39.41,office,558322.6000000011,7e-05
1,Bundoora,23,2021.0,7.0,107456.69,227.3,8768.44,1.2,42.98,44.19,office,558322.6000000011,8e-05
1,Bundoora,23,2021.0,8.0,107196.39,205.86,8818.27,1.09,42.88,43.97,office,558322.6000000011,8e-05
1,Bundoora,23,2021.0,9.0,93045.77,193.1,8923.84,1.02,37.22,38.24,office,558322.6000000011,7e-05
1,Bundoora,23,2021.0,10.0,82130.64,183.33,60913.93,0.97,32.85,33.82,office,558322.6000000011,6e-05
1,Bundoora,23,2021.0,11.0,72454.9,181.33,58564.37,0.96,28.98,29.94,office,558322.6000000011,5e-05
1,Bundoora,23,2021.0,12.0,70863.76,117.92,87152.37,0.62,28.35,28.97,office,558322.6000000011,5e-05
1,Bundoora,23,2022.0,1.0,62735.09,0.0,99386.02,0.0,25.09,25.09,office,558322.6000000011,4e-05
1,Bundoora,23,2022.0,2.0,65191.51,0.0,99536.2,0.0,26.08,26.08,office,558322.6000000011,5e-05
1,Bundoora,23,2022.0,3.0,74825.04,0.0,72315.12,0.0,29.93,29.93,office,558322.6000000011,5e-05
1,Bundoora,23,2022.0,4.0,86146.74,0.0,14841.22,0.0,34.46,34.46,office,558322.6000000011,6e-05
1,Bundoora,24,2018.0,6.0,6803.38,743.38,0.0,3.94,2.72,6.66,mixed use,1558475.0999999908,0.0
1,Bundoora,24,2018.0,7.0,39514.75,795.18,0.0,4.21,15.81,20.02,mixed use,1558475.0999999908,1e-05
1,Bundoora,24,2018.0,8.0,46068.63,773.62,0.0,4.1,18.43,22.53,mixed use,1558475.0999999908,1e-05
1,Bundoora,24,2018.0,9.0,55068.81,730.99,0.0,3.87,22.03,25.9,mixed use,1558475.0999999908,2e-05
1,Bundoora,24,2018.0,10.0,56119.56,680.11,0.0,3.6,22.45,26.05,mixed use,1558475.0999999908,2e-05
1,Bundoora,24,2018.0,11.0,50849.88,608.71,0.0,3.23,20.34,23.57,mixed use,1558475.0999999908,2e-05
1,Bundoora,24,2018.0,12.0,46389.56,348.99,0.0,1.85,18.56,20.41,mixed use,1558475.0999999908,1e-05
1,Bundoora,24,2019.0,1.0,49672.63,312.4,0.0,1.66,19.87,21.52,mixed use,1558475.0999999908,1e-05
1,Bundoora,24,2019.0,2.0,53363.63,446.31,0.0,2.37,21.35,23.71,mixed use,1558475.0999999908,2e-05
1,Bundoora,24,2019.0,3.0,59726.25,533.42,0.0,2.83,23.89,26.72,mixed use,1558475.0999999908,2e-05
1,Bundoora,24,2019.0,4.0,51952.0,575.75,0.0,3.05,20.78,23.83,mixed use,1558475.0999999908,2e-05
1,Bundoora,24,2019.0,5.0,54258.88,680.26,0.0,3.61,21.7,25.31,mixed use,1558475.0999999908,2e-05
1,Bundoora,24,2019.0,6.0,43953.63,704.29,0.0,3.73,17.58,21.31,mixed use,1558475.0999999908,1e-05
1,Bundoora,24,2019.0,7.0,39772.13,739.45,0.0,3.92,15.91,19.83,mixed use,1558475.0999999908,1e-05
1,Bundoora,24,2019.0,8.0,43466.75,748.93,0.0,3.97,17.39,21.36,mixed use,1558475.0999999908,1e-05
1,Bundoora,24,2019.0,9.0,45935.13,661.58,0.0,3.51,18.37,21.88,mixed use,1558475.0999999908,1e-05
1,Bundoora,24,2019.0,10.0,57004.0,609.21,0.0,3.23,22.8,26.03,mixed use,1558475.0999999908,2e-05
1,Bundoora,24,2019.0,11.0,64849.25,521.1,0.0,2.76,25.94,28.7,mixed use,1558475.0999999908,2e-05
1,Bundoora,24,2019.0,12.0,66963.63,287.35,0.0,1.52,26.79,28.31,mixed use,1558475.0999999908,2e-05
1,Bundoora,24,2020.0,1.0,64528.5,0.0,0.0,0.0,25.81,25.81,mixed use,1558475.0999999908,2e-05
1,Bundoora,24,2020.0,2.0,62909.38,0.0,0.0,0.0,25.16,25.16,mixed use,1558475.0999999908,2e-05
1,Bundoora,24,2020.0,3.0,68760.75,0.0,0.0,0.0,27.5,27.5,mixed use,1558475.0999999908,2e-05
1,Bundoora,24,2020.0,4.0,28133.63,0.0,0.0,0.0,11.25,11.25,mixed use,1558475.0999999908,1e-05
1,Bundoora,24,2020.0,5.0,25834.11,0.0,0.0,0.0,10.33,10.33,mixed use,1558475.0999999908,1e-05
1,Bundoora,24,2020.0,6.0,23936.3,0.0,0.0,0.0,9.57,9.57,mixed use,1558475.0999999908,1e-05
1,Bundoora,24,2020.0,7.0,27875.05,0.0,0.0,0.0,11.15,11.15,mixed use,1558475.0999999908,1e-05
1,Bundoora,24,2020.0,8.0,33258.45,0.0,0.0,0.0,13.3,13.3,mixed use,1558475.0999999908,1e-05
1,Bundoora,24,2020.0,9.0,32191.81,0.0,0.0,0.0,12.88,12.88,mixed use,1558475.0999999908,1e-05
1,Bundoora,24,2020.0,10.0,31932.18,0.0,0.0,0.0,12.77,12.77,mixed use,1558475.0999999908,1e-05
1,Bundoora,24,2020.0,11.0,47505.8,0.0,0.0,0.0,19.0,19.0,mixed use,1558475.0999999908,1e-05
1,Bundoora,24,2020.0,12.0,55687.56,0.0,0.0,0.0,22.28,22.28,mixed use,1558475.0999999908,1e-05
1,Bundoora,24,2021.0,1.0,53148.71,396.63,23299.93,2.1,21.26,23.36,mixed use,1558475.0999999908,1e-05
1,Bundoora,24,2021.0,2.0,56798.57,473.66,23761.37,2.51,22.72,25.23,mixed use,1558475.0999999908,2e-05
1,Bundoora,24,2021.0,3.0,71415.97,501.23,23688.38,2.66,28.57,31.22,mixed use,1558475.0999999908,2e-05
1,Bundoora,24,2021.0,4.0,65214.58,548.66,24103.05,2.91,26.09,28.99,mixed use,1558475.0999999908,2e-05
1,Bundoora,24,2021.0,5.0,63811.83,611.29,24206.06,3.24,25.52,28.76,mixed use,1558475.0999999908,2e-05
1,Bundoora,24,2021.0,6.0,50151.13,590.04,24335.65,3.13,20.06,23.19,mixed use,1558475.0999999908,1e-05
1,Bundoora,24,2021.0,7.0,37950.74,634.48,24475.8,3.36,15.18,18.54,mixed use,1558475.0999999908,1e-05
1,Bundoora,24,2021.0,8.0,37181.69,574.62,24614.9,3.05,14.87,17.92,mixed use,1558475.0999999908,1e-05
1,Bundoora,24,2021.0,9.0,39176.31,539.01,24909.59,2.86,15.67,18.53,mixed use,1558475.0999999908,1e-05
1,Bundoora,24,2021.0,10.0,56778.78,511.75,170032.23,2.71,22.71,25.42,mixed use,1558475.0999999908,2e-05
1,Bundoora,24,2021.0,11.0,46465.06,506.15,163473.78,2.68,18.59,21.27,mixed use,1558475.0999999908,1e-05
1,Bundoora,24,2021.0,12.0,48013.91,329.15,243272.96,1.74,19.21,20.95,mixed use,1558475.0999999908,1e-05
1,Bundoora,24,2022.0,1.0,50016.53,0.0,277421.4,0.0,20.01,20.01,mixed use,1558475.0999999908,1e-05
1,Bundoora,24,2022.0,2.0,58327.25,0.0,277840.61,0.0,23.33,23.33,mixed use,1558475.0999999908,1e-05
1,Bundoora,24,2022.0,3.0,49124.56,0.0,201856.98,0.0,19.65,19.65,mixed use,1558475.0999999908,1e-05
1,Bundoora,24,2022.0,4.0,43782.34,0.0,41427.06,0.0,17.51,17.51,mixed use,1558475.0999999908,1e-05
1,Bundoora,25,2018.0,1.0,33317.55,0.0,0.0,0.0,13.33,13.33,mixed use,384454.4499999991,3e-05
1,Bundoora,25,2018.0,2.0,35877.34,0.0,0.0,0.0,14.35,14.35,mixed use,384454.4499999991,4e-05
1,Bundoora,25,2018.0,3.0,41815.05,0.0,0.0,0.0,16.73,16.73,mixed use,384454.4499999991,4e-05
1,Bundoora,25,2018.0,4.0,43567.87,0.0,0.0,0.0,17.43,17.43,mixed use,384454.4499999991,5e-05
1,Bundoora,25,2018.0,5.0,42598.68,166.08,0.0,0.88,17.04,17.92,mixed use,384454.4499999991,5e-05
1,Bundoora,25,2018.0,6.0,33051.88,183.38,0.0,0.97,13.22,14.19,mixed use,384454.4499999991,4e-05
1,Bundoora,25,2018.0,7.0,32098.66,196.16,0.0,1.04,12.84,13.88,mixed use,384454.4499999991,4e-05
1,Bundoora,25,2018.0,8.0,37424.53,190.84,0.0,1.01,14.97,15.98,mixed use,384454.4499999991,4e-05
1,Bundoora,25,2018.0,9.0,30659.54,180.32,0.0,0.96,12.26,13.22,mixed use,384454.4499999991,3e-05
1,Bundoora,25,2018.0,10.0,39828.03,167.77,0.0,0.89,15.93,16.82,mixed use,384454.4499999991,4e-05
1,Bundoora,25,2018.0,11.0,47801.53,150.16,0.0,0.8,19.12,19.92,mixed use,384454.4499999991,5e-05
1,Bundoora,25,2018.0,12.0,36689.3,86.09,0.0,0.46,14.68,15.13,mixed use,384454.4499999991,4e-05
1,Bundoora,25,2019.0,1.0,33671.28,77.06,0.0,0.41,13.47,13.88,mixed use,384454.4499999991,4e-05
1,Bundoora,25,2019.0,2.0,40791.92,110.1,0.0,0.58,16.32,16.9,mixed use,384454.4499999991,4e-05
1,Bundoora,25,2019.0,3.0,41627.21,131.59,0.0,0.7,16.65,17.35,mixed use,384454.4499999991,5e-05
1,Bundoora,25,2019.0,4.0,41043.14,142.03,0.0,0.75,16.42,17.17,mixed use,384454.4499999991,4e-05
1,Bundoora,25,2019.0,5.0,31714.79,167.81,0.0,0.89,12.69,13.58,mixed use,384454.4499999991,4e-05
1,Bundoora,25,2019.0,6.0,22872.49,173.74,0.0,0.92,9.15,10.07,mixed use,384454.4499999991,3e-05
1,Bundoora,25,2019.0,7.0,25636.93,182.41,0.0,0.97,10.25,11.22,mixed use,384454.4499999991,3e-05
1,Bundoora,25,2019.0,8.0,25547.09,184.75,0.0,0.98,10.22,11.2,mixed use,384454.4499999991,3e-05
1,Bundoora,25,2019.0,9.0,32636.32,163.2,0.0,0.86,13.05,13.92,mixed use,384454.4499999991,4e-05
1,Bundoora,25,2019.0,10.0,29182.6,150.28,0.0,0.8,11.67,12.47,mixed use,384454.4499999991,3e-05
1,Bundoora,25,2019.0,11.0,39918.21,128.55,0.0,0.68,15.97,16.65,mixed use,384454.4499999991,4e-05
1,Bundoora,25,2019.0,12.0,22700.99,70.88,0.0,0.38,9.08,9.46,mixed use,384454.4499999991,2e-05
1,Bundoora,25,2020.0,1.0,27511.84,0.0,0.0,0.0,11.0,11.0,mixed use,384454.4499999991,3e-05
1,Bundoora,25,2020.0,2.0,39308.08,0.0,0.0,0.0,15.72,15.72,mixed use,384454.4499999991,4e-05
1,Bundoora,25,2020.0,3.0,26314.62,0.0,0.0,0.0,10.53,10.53,mixed use,384454.4499999991,3e-05
1,Bundoora,25,2020.0,4.0,5658.07,0.0,0.0,0.0,2.26,2.26,mixed use,384454.4499999991,1e-05
1,Bundoora,25,2020.0,5.0,4436.72,0.0,0.0,0.0,1.77,1.77,mixed use,384454.4499999991,0.0
1,Bundoora,25,2020.0,6.0,10407.56,0.0,0.0,0.0,4.16,4.16,mixed use,384454.4499999991,1e-05
1,Bundoora,25,2020.0,7.0,16439.02,0.0,0.0,0.0,6.58,6.58,mixed use,384454.4499999991,2e-05
1,Bundoora,25,2020.0,8.0,20491.73,0.0,0.0,0.0,8.2,8.2,mixed use,384454.4499999991,2e-05
1,Bundoora,25,2020.0,9.0,13539.49,0.0,0.0,0.0,5.42,5.42,mixed use,384454.4499999991,1e-05
1,Bundoora,25,2020.0,10.0,13668.22,0.0,0.0,0.0,5.47,5.47,mixed use,384454.4499999991,1e-05
1,Bundoora,25,2020.0,11.0,23605.48,0.0,0.0,0.0,9.44,9.44,mixed use,384454.4499999991,2e-05
1,Bundoora,25,2020.0,12.0,25410.51,0.0,0.0,0.0,10.16,10.16,mixed use,384454.4499999991,3e-05
1,Bundoora,25,2021.0,1.0,17213.11,97.84,5747.77,0.52,6.89,7.4,mixed use,384454.4499999991,2e-05
1,Bundoora,25,2021.0,2.0,21777.01,116.84,5861.6,0.62,8.71,9.33,mixed use,384454.4499999991,2e-05
1,Bundoora,25,2021.0,3.0,34666.73,123.65,5843.6,0.66,13.87,14.52,mixed use,384454.4499999991,4e-05
1,Bundoora,25,2021.0,4.0,40734.49,135.35,5945.89,0.72,16.29,17.01,mixed use,384454.4499999991,4e-05
1,Bundoora,25,2021.0,5.0,37727.2,150.8,5971.3,0.8,15.09,15.89,mixed use,384454.4499999991,4e-05
1,Bundoora,25,2021.0,6.0,17953.26,145.55,6003.27,0.77,7.18,7.95,mixed use,384454.4499999991,2e-05
1,Bundoora,25,2021.0,7.0,19637.69,156.52,6037.84,0.83,7.86,8.68,mixed use,384454.4499999991,2e-05
1,Bundoora,25,2021.0,8.0,24566.76,141.75,6072.16,0.75,9.83,10.58,mixed use,384454.4499999991,3e-05
1,Bundoora,25,2021.0,9.0,25639.82,132.97,6144.86,0.7,10.26,10.96,mixed use,384454.4499999991,3e-05
1,Bundoora,25,2021.0,10.0,27343.57,126.24,41944.62,0.67,10.94,11.61,mixed use,384454.4499999991,3e-05
1,Bundoora,25,2021.0,11.0,34955.58,124.86,40326.74,0.66,13.98,14.64,mixed use,384454.4499999991,4e-05
1,Bundoora,25,2021.0,12.0,38224.55,81.2,60012.11,0.43,15.29,15.72,mixed use,384454.4499999991,4e-05
1,Bundoora,25,2022.0,1.0,34385.13,0.0,68436.06,0.0,13.75,13.75,mixed use,384454.4499999991,4e-05
1,Bundoora,25,2022.0,2.0,37686.34,0.0,68539.47,0.0,15.07,15.07,mixed use,384454.4499999991,4e-05
1,Bundoora,25,2022.0,3.0,33072.95,0.0,49795.35,0.0,13.23,13.23,mixed use,384454.4499999991,3e-05
1,Bundoora,25,2022.0,4.0,31517.02,0.0,10219.49,0.0,12.61,12.61,mixed use,384454.4499999991,3e-05
1,Bundoora,26,2018.0,1.0,19983.93,0.0,0.0,0.0,7.99,7.99,mixed use,1464449.6100000022,1e-05
1,Bundoora,26,2018.0,2.0,24327.11,0.0,0.0,0.0,9.73,9.73,mixed use,1464449.6100000022,1e-05
1,Bundoora,26,2018.0,3.0,30335.76,0.0,0.0,0.0,12.13,12.13,mixed use,1464449.6100000022,1e-05
1,Bundoora,26,2018.0,4.0,28797.21,0.0,0.0,0.0,11.52,11.52,mixed use,1464449.6100000022,1e-05
1,Bundoora,26,2018.0,5.0,30969.6,632.63,0.0,3.35,12.39,15.74,mixed use,1464449.6100000022,1e-05
1,Bundoora,26,2018.0,6.0,30068.78,698.53,0.0,3.7,12.03,15.73,mixed use,1464449.6100000022,1e-05
1,Bundoora,26,2018.0,7.0,30881.02,747.21,0.0,3.96,12.35,16.31,mixed use,1464449.6100000022,1e-05
1,Bundoora,26,2018.0,8.0,32432.62,726.94,0.0,3.85,12.97,16.83,mixed use,1464449.6100000022,1e-05
1,Bundoora,26,2018.0,9.0,29659.56,686.88,0.0,3.64,11.86,15.5,mixed use,1464449.6100000022,1e-05
1,Bundoora,26,2018.0,10.0,29718.27,639.08,0.0,3.39,11.89,15.27,mixed use,1464449.6100000022,1e-05
1,Bundoora,26,2018.0,11.0,28357.44,571.98,0.0,3.03,11.34,14.37,mixed use,1464449.6100000022,1e-05
1,Bundoora,26,2018.0,12.0,30055.42,327.93,0.0,1.74,12.02,13.76,mixed use,1464449.6100000022,1e-05
1,Bundoora,26,2019.0,1.0,30119.48,293.55,0.0,1.56,12.05,13.6,mixed use,1464449.6100000022,1e-05
1,Bundoora,26,2019.0,2.0,27974.32,419.39,0.0,2.22,11.19,13.41,mixed use,1464449.6100000022,1e-05
1,Bundoora,26,2019.0,3.0,30812.52,501.24,0.0,2.66,12.33,14.98,mixed use,1464449.6100000022,1e-05
1,Bundoora,26,2019.0,4.0,29740.88,541.01,0.0,2.87,11.9,14.76,mixed use,1464449.6100000022,1e-05
1,Bundoora,26,2019.0,5.0,32308.74,639.22,0.0,3.39,12.92,16.31,mixed use,1464449.6100000022,1e-05
1,Bundoora,26,2019.0,6.0,30466.51,661.8,0.0,3.51,12.19,15.69,mixed use,1464449.6100000022,1e-05
1,Bundoora,26,2019.0,7.0,31542.07,694.84,0.0,3.68,12.62,16.3,mixed use,1464449.6100000022,1e-05
1,Bundoora,26,2019.0,8.0,32264.88,703.75,0.0,3.73,12.91,16.64,mixed use,1464449.6100000022,1e-05
1,Bundoora,26,2019.0,9.0,29586.51,621.66,0.0,3.29,11.83,15.13,mixed use,1464449.6100000022,1e-05
1,Bundoora,26,2019.0,10.0,30850.62,572.45,0.0,3.03,12.34,15.37,mixed use,1464449.6100000022,1e-05
1,Bundoora,26,2019.0,11.0,28116.13,489.67,0.0,2.6,11.25,13.84,mixed use,1464449.6100000022,1e-05
1,Bundoora,26,2019.0,12.0,24427.08,270.01,0.0,1.43,9.77,11.2,mixed use,1464449.6100000022,1e-05
1,Bundoora,26,2020.0,1.0,18855.41,0.0,0.0,0.0,7.54,7.54,mixed use,1464449.6100000022,1e-05
1,Bundoora,26,2020.0,2.0,22637.38,0.0,0.0,0.0,9.05,9.05,mixed use,1464449.6100000022,1e-05
1,Bundoora,26,2020.0,3.0,22605.64,0.0,0.0,0.0,9.04,9.04,mixed use,1464449.6100000022,1e-05
1,Bundoora,26,2020.0,4.0,7263.71,0.0,0.0,0.0,2.91,2.91,mixed use,1464449.6100000022,0.0
1,Bundoora,26,2020.0,5.0,12851.92,0.0,0.0,0.0,5.14,5.14,mixed use,1464449.6100000022,0.0
1,Bundoora,26,2020.0,6.0,7828.24,0.0,0.0,0.0,3.13,3.13,mixed use,1464449.6100000022,0.0
1,Bundoora,26,2020.0,7.0,16079.67,0.0,0.0,0.0,6.43,6.43,mixed use,1464449.6100000022,0.0
1,Bundoora,26,2020.0,8.0,24466.04,0.0,0.0,0.0,9.79,9.79,mixed use,1464449.6100000022,1e-05
1,Bundoora,26,2020.0,9.0,12630.01,0.0,0.0,0.0,5.05,5.05,mixed use,1464449.6100000022,0.0
1,Bundoora,26,2020.0,10.0,13914.2,0.0,0.0,0.0,5.57,5.57,mixed use,1464449.6100000022,0.0
1,Bundoora,26,2020.0,11.0,20589.66,0.0,0.0,0.0,8.24,8.24,mixed use,1464449.6100000022,1e-05
1,Bundoora,26,2020.0,12.0,27546.87,0.0,0.0,0.0,11.02,11.02,mixed use,1464449.6100000022,1e-05
1,Bundoora,26,2021.0,1.0,23921.53,372.7,21894.21,1.98,9.57,11.54,mixed use,1464449.6100000022,1e-05
1,Bundoora,26,2021.0,2.0,16825.42,445.08,22327.81,2.36,6.73,9.09,mixed use,1464449.6100000022,1e-05
1,Bundoora,26,2021.0,3.0,14992.56,470.99,22259.22,2.5,6.0,8.49,mixed use,1464449.6100000022,1e-05
1,Bundoora,26,2021.0,4.0,15018.54,515.56,22648.87,2.73,6.01,8.74,mixed use,1464449.6100000022,1e-05
1,Bundoora,26,2021.0,5.0,19180.81,574.41,22745.66,3.04,7.67,10.72,mixed use,1464449.6100000022,1e-05
1,Bundoora,26,2021.0,6.0,16453.74,554.44,22867.44,2.94,6.58,9.52,mixed use,1464449.6100000022,1e-05
1,Bundoora,26,2021.0,7.0,17346.42,596.2,22999.13,3.16,6.94,10.1,mixed use,1464449.6100000022,1e-05
1,Bundoora,26,2021.0,8.0,19461.17,539.95,23129.84,2.86,7.78,10.65,mixed use,1464449.6100000022,1e-05
1,Bundoora,26,2021.0,9.0,19855.79,506.49,23406.76,2.68,7.94,10.63,mixed use,1464449.6100000022,1e-05
1,Bundoora,26,2021.0,10.0,19672.36,480.88,159773.89,2.55,7.87,10.42,mixed use,1464449.6100000022,1e-05
1,Bundoora,26,2021.0,11.0,18418.84,475.62,153611.12,2.52,7.37,9.89,mixed use,1464449.6100000022,1e-05
1,Bundoora,26,2021.0,12.0,19742.87,309.29,228595.88,1.64,7.9,9.54,mixed use,1464449.6100000022,1e-05
1,Bundoora,26,2022.0,1.0,21061.99,0.0,260684.09,0.0,8.42,8.42,mixed use,1464449.6100000022,1e-05
1,Bundoora,26,2022.0,2.0,19120.51,0.0,261078.01,0.0,7.65,7.65,mixed use,1464449.6100000022,1e-05
1,Bundoora,26,2022.0,3.0,17901.08,0.0,189678.6,0.0,7.16,7.16,mixed use,1464449.6100000022,0.0
1,Bundoora,26,2022.0,4.0,18255.61,0.0,38927.7,0.0,7.3,7.3,mixed use,1464449.6100000022,0.0
1,Bundoora,27,2018.0,1.0,21940.15,0.0,0.0,0.0,8.78,8.78,mixed use,145226.20000000004,6e-05
1,Bundoora,27,2018.0,2.0,25835.28,0.0,0.0,0.0,10.33,10.33,mixed use,145226.20000000004,7e-05
1,Bundoora,27,2018.0,3.0,25890.61,0.0,0.0,0.0,10.36,10.36,mixed use,145226.20000000004,7e-05
1,Bundoora,27,2018.0,4.0,21637.04,0.0,0.0,0.0,8.65,8.65,mixed use,145226.20000000004,6e-05
1,Bundoora,27,2018.0,5.0,23920.36,62.74,0.0,0.33,9.57,9.9,mixed use,145226.20000000004,7e-05
1,Bundoora,27,2018.0,6.0,22412.34,69.27,0.0,0.37,8.96,9.33,mixed use,145226.20000000004,6e-05
1,Bundoora,27,2018.0,7.0,22457.21,74.1,0.0,0.39,8.98,9.38,mixed use,145226.20000000004,6e-05
1,Bundoora,27,2018.0,8.0,24318.3,72.09,0.0,0.38,9.73,10.11,mixed use,145226.20000000004,7e-05
1,Bundoora,27,2018.0,9.0,23667.69,68.12,0.0,0.36,9.47,9.83,mixed use,145226.20000000004,7e-05
1,Bundoora,27,2018.0,10.0,23452.94,63.38,0.0,0.34,9.38,9.72,mixed use,145226.20000000004,7e-05
1,Bundoora,27,2018.0,11.0,19885.05,56.72,0.0,0.3,7.95,8.25,mixed use,145226.20000000004,6e-05
1,Bundoora,27,2018.0,12.0,24588.58,32.52,0.0,0.17,9.84,10.01,mixed use,145226.20000000004,7e-05
1,Bundoora,27,2019.0,1.0,18179.07,29.11,0.0,0.15,7.27,7.43,mixed use,145226.20000000004,5e-05
1,Bundoora,27,2019.0,2.0,21116.64,41.59,0.0,0.22,8.45,8.67,mixed use,145226.20000000004,6e-05
1,Bundoora,27,2019.0,3.0,25274.1,49.71,0.0,0.26,10.11,10.37,mixed use,145226.20000000004,7e-05
1,Bundoora,27,2019.0,4.0,20865.81,53.65,0.0,0.28,8.35,8.63,mixed use,145226.20000000004,6e-05
1,Bundoora,27,2019.0,5.0,21667.0,63.39,0.0,0.34,8.67,9.0,mixed use,145226.20000000004,6e-05
1,Bundoora,27,2019.0,6.0,14266.39,65.63,0.0,0.35,5.71,6.05,mixed use,145226.20000000004,4e-05
1,Bundoora,27,2019.0,7.0,14542.8,68.91,0.0,0.37,5.82,6.18,mixed use,145226.20000000004,4e-05
1,Bundoora,27,2019.0,8.0,17871.42,69.79,0.0,0.37,7.15,7.52,mixed use,145226.20000000004,5e-05
1,Bundoora,27,2019.0,9.0,18678.53,61.65,0.0,0.33,7.47,7.8,mixed use,145226.20000000004,5e-05
1,Bundoora,27,2019.0,10.0,16579.64,56.77,0.0,0.3,6.63,6.93,mixed use,145226.20000000004,5e-05
1,Bundoora,27,2019.0,11.0,13101.46,48.56,0.0,0.26,5.24,5.5,mixed use,145226.20000000004,4e-05
1,Bundoora,27,2019.0,12.0,12874.82,26.78,0.0,0.14,5.15,5.29,mixed use,145226.20000000004,4e-05
1,Bundoora,27,2020.0,1.0,13770.66,0.0,0.0,0.0,5.51,5.51,mixed use,145226.20000000004,4e-05
1,Bundoora,27,2020.0,2.0,14105.52,0.0,0.0,0.0,5.64,5.64,mixed use,145226.20000000004,4e-05
1,Bundoora,27,2020.0,3.0,14659.32,0.0,0.0,0.0,5.86,5.86,mixed use,145226.20000000004,4e-05
1,Bundoora,27,2020.0,4.0,7901.12,0.0,0.0,0.0,3.16,3.16,mixed use,145226.20000000004,2e-05
1,Bundoora,27,2020.0,5.0,7885.16,0.0,0.0,0.0,3.15,3.15,mixed use,145226.20000000004,2e-05
1,Bundoora,27,2020.0,6.0,8534.79,0.0,0.0,0.0,3.41,3.41,mixed use,145226.20000000004,2e-05
1,Bundoora,27,2020.0,7.0,7835.36,0.0,0.0,0.0,3.13,3.13,mixed use,145226.20000000004,2e-05
1,Bundoora,27,2020.0,8.0,7819.05,0.0,0.0,0.0,3.13,3.13,mixed use,145226.20000000004,2e-05
1,Bundoora,27,2020.0,9.0,6924.24,0.0,0.0,0.0,2.77,2.77,mixed use,145226.20000000004,2e-05
1,Bundoora,27,2020.0,10.0,7480.96,0.0,0.0,0.0,2.99,2.99,mixed use,145226.20000000004,2e-05
1,Bundoora,27,2020.0,11.0,8405.36,0.0,0.0,0.0,3.36,3.36,mixed use,145226.20000000004,2e-05
1,Bundoora,27,2020.0,12.0,8806.6,0.0,0.0,0.0,3.52,3.52,mixed use,145226.20000000004,2e-05
1,Bundoora,27,2021.0,1.0,8708.16,36.96,2171.2,0.2,3.48,3.68,mixed use,145226.20000000004,3e-05
1,Bundoora,27,2021.0,2.0,7607.08,44.14,2214.2,0.23,3.04,3.28,mixed use,145226.20000000004,2e-05
1,Bundoora,27,2021.0,3.0,7522.01,46.71,2207.4,0.25,3.01,3.26,mixed use,145226.20000000004,2e-05
1,Bundoora,27,2021.0,4.0,4670.1,51.13,2246.04,0.27,1.87,2.14,mixed use,145226.20000000004,1e-05
1,Bundoora,27,2021.0,5.0,9551.15,56.96,2255.64,0.3,3.82,4.12,mixed use,145226.20000000004,3e-05
1,Bundoora,27,2021.0,6.0,14203.29,54.98,2267.71,0.29,5.68,5.97,mixed use,145226.20000000004,4e-05
1,Bundoora,27,2021.0,7.0,11097.9,59.12,2280.77,0.31,4.44,4.75,mixed use,145226.20000000004,3e-05
1,Bundoora,27,2021.0,8.0,10603.81,53.55,2293.73,0.28,4.24,4.53,mixed use,145226.20000000004,3e-05
1,Bundoora,27,2021.0,9.0,6165.84,50.23,2321.2,0.27,2.47,2.73,mixed use,145226.20000000004,2e-05
1,Bundoora,27,2021.0,10.0,6307.9,47.69,15844.42,0.25,2.52,2.78,mixed use,145226.20000000004,2e-05
1,Bundoora,27,2021.0,11.0,5381.1,47.17,15233.27,0.25,2.15,2.4,mixed use,145226.20000000004,2e-05
1,Bundoora,27,2021.0,12.0,6546.88,30.67,22669.34,0.16,2.62,2.78,mixed use,145226.20000000004,2e-05
1,Bundoora,27,2022.0,1.0,19345.79,0.0,25851.46,0.0,7.74,7.74,mixed use,145226.20000000004,5e-05
1,Bundoora,27,2022.0,2.0,13231.78,0.0,25890.52,0.0,5.29,5.29,mixed use,145226.20000000004,4e-05
1,Bundoora,27,2022.0,3.0,10973.49,0.0,18810.0,0.0,4.39,4.39,mixed use,145226.20000000004,3e-05
1,Bundoora,27,2022.0,4.0,10428.15,0.0,3860.37,0.0,4.17,4.17,mixed use,145226.20000000004,3e-05
1,Bundoora,28,2018.0,1.0,66610.63,0.0,0.0,0.0,26.64,26.64,other,0.0,0.0
1,Bundoora,28,2018.0,2.0,65632.38,0.0,0.0,0.0,26.25,26.25,other,0.0,0.0
1,Bundoora,28,2018.0,3.0,81727.31,0.0,0.0,0.0,32.69,32.69,other,0.0,0.0
1,Bundoora,28,2018.0,4.0,79599.75,0.0,0.0,0.0,31.84,31.84,other,0.0,0.0
1,Bundoora,28,2018.0,5.0,88356.5,0.0,0.0,0.0,35.34,35.34,other,0.0,0.0
1,Bundoora,28,2018.0,6.0,84678.88,0.0,0.0,0.0,33.87,33.87,other,0.0,0.0
1,Bundoora,28,2018.0,7.0,85098.63,0.0,0.0,0.0,34.04,34.04,other,0.0,0.0
1,Bundoora,28,2018.0,8.0,84847.25,0.0,0.0,0.0,33.94,33.94,other,0.0,0.0
1,Bundoora,28,2018.0,9.0,86045.0,0.0,0.0,0.0,34.42,34.42,other,0.0,0.0
1,Bundoora,28,2018.0,10.0,86049.0,0.0,0.0,0.0,34.42,34.42,other,0.0,0.0
1,Bundoora,28,2018.0,11.0,74872.0,0.0,0.0,0.0,29.95,29.95,other,0.0,0.0
1,Bundoora,28,2018.0,12.0,61813.63,0.0,0.0,0.0,24.73,24.73,other,0.0,0.0
1,Bundoora,28,2019.0,1.0,65033.88,0.0,0.0,0.0,26.01,26.01,other,0.0,0.0
1,Bundoora,28,2019.0,2.0,65884.88,0.0,0.0,0.0,26.35,26.35,other,0.0,0.0
1,Bundoora,28,2019.0,3.0,80293.75,0.0,0.0,0.0,32.12,32.12,other,0.0,0.0
1,Bundoora,28,2019.0,4.0,74674.88,0.0,0.0,0.0,29.87,29.87,other,0.0,0.0
1,Bundoora,28,2019.0,5.0,86184.75,0.0,0.0,0.0,34.47,34.47,other,0.0,0.0
1,Bundoora,28,2019.0,6.0,82214.25,0.0,0.0,0.0,32.89,32.89,other,0.0,0.0
1,Bundoora,28,2019.0,7.0,81583.0,0.0,0.0,0.0,32.63,32.63,other,0.0,0.0
1,Bundoora,28,2019.0,8.0,86974.0,0.0,0.0,0.0,34.79,34.79,other,0.0,0.0
1,Bundoora,28,2019.0,9.0,84099.0,0.0,0.0,0.0,33.64,33.64,other,0.0,0.0
1,Bundoora,28,2019.0,10.0,86914.5,0.0,0.0,0.0,34.77,34.77,other,0.0,0.0
1,Bundoora,28,2019.0,11.0,75443.25,0.0,0.0,0.0,30.18,30.18,other,0.0,0.0
1,Bundoora,28,2019.0,12.0,58341.75,0.0,0.0,0.0,23.34,23.34,other,0.0,0.0
1,Bundoora,28,2020.0,1.0,64876.75,0.0,0.0,0.0,25.95,25.95,other,0.0,0.0
1,Bundoora,28,2020.0,2.0,63716.75,0.0,0.0,0.0,25.49,25.49,other,0.0,0.0
1,Bundoora,28,2020.0,3.0,71217.75,0.0,0.0,0.0,28.49,28.49,other,0.0,0.0
1,Bundoora,28,2020.0,4.0,60479.0,0.0,0.0,0.0,24.19,24.19,other,0.0,0.0
1,Bundoora,28,2020.0,5.0,67137.0,0.0,0.0,0.0,26.85,26.85,other,0.0,0.0
1,Bundoora,28,2020.0,6.0,68301.5,0.0,0.0,0.0,27.32,27.32,other,0.0,0.0
1,Bundoora,28,2020.0,7.0,58272.5,0.0,0.0,0.0,23.31,23.31,other,0.0,0.0
1,Bundoora,28,2020.0,8.0,63553.5,0.0,0.0,0.0,25.42,25.42,other,0.0,0.0
1,Bundoora,28,2020.0,9.0,47345.25,0.0,0.0,0.0,18.94,18.94,other,0.0,0.0
1,Bundoora,28,2020.0,10.0,57537.75,0.0,0.0,0.0,23.02,23.02,other,0.0,0.0
1,Bundoora,28,2020.0,11.0,50391.75,0.0,0.0,0.0,20.16,20.16,other,0.0,0.0
1,Bundoora,28,2020.0,12.0,39643.0,0.0,0.0,0.0,15.86,15.86,other,0.0,0.0
1,Bundoora,28,2021.0,1.0,32004.5,0.0,0.0,0.0,12.8,12.8,other,0.0,0.0
1,Bundoora,28,2021.0,2.0,45740.25,0.0,0.0,0.0,18.3,18.3,other,0.0,0.0
1,Bundoora,28,2021.0,3.0,61539.0,0.0,0.0,0.0,24.62,24.62,other,0.0,0.0
1,Bundoora,28,2021.0,4.0,60279.75,0.0,0.0,0.0,24.11,24.11,other,0.0,0.0
1,Bundoora,28,2021.0,5.0,69809.75,0.0,0.0,0.0,27.92,27.92,other,0.0,0.0
1,Bundoora,28,2021.0,6.0,60731.0,0.0,0.0,0.0,24.29,24.29,other,0.0,0.0
1,Bundoora,28,2021.0,7.0,64734.0,0.0,0.0,0.0,25.89,25.89,other,0.0,0.0
1,Bundoora,28,2021.0,8.0,69307.25,0.0,0.0,0.0,27.72,27.72,other,0.0,0.0
1,Bundoora,28,2021.0,9.0,64619.75,0.0,0.0,0.0,25.85,25.85,other,0.0,0.0
1,Bundoora,28,2021.0,10.0,63845.25,0.0,0.0,0.0,25.54,25.54,other,0.0,0.0
1,Bundoora,28,2021.0,11.0,57945.25,0.0,0.0,0.0,23.18,23.18,other,0.0,0.0
1,Bundoora,28,2021.0,12.0,51016.25,0.0,0.0,0.0,20.41,20.41,other,0.0,0.0
1,Bundoora,28,2022.0,1.0,53819.75,0.0,0.0,0.0,21.53,21.53,other,0.0,0.0
1,Bundoora,28,2022.0,2.0,53473.0,0.0,0.0,0.0,21.39,21.39,other,0.0,0.0
1,Bundoora,28,2022.0,3.0,58455.5,0.0,0.0,0.0,23.38,23.38,other,0.0,0.0
1,Bundoora,28,2022.0,4.0,65940.0,0.0,0.0,0.0,26.38,26.38,other,0.0,0.0
1,Bundoora,29,2018.0,1.0,45821.19,0.0,0.0,0.0,18.33,18.33,mixed use,1691664.8399999966,1e-05
1,Bundoora,29,2018.0,2.0,44749.19,0.0,0.0,0.0,17.9,17.9,mixed use,1691664.8399999966,1e-05
1,Bundoora,29,2018.0,3.0,51600.69,0.0,0.0,0.0,20.64,20.64,mixed use,1691664.8399999966,1e-05
1,Bundoora,29,2018.0,4.0,45696.81,0.0,0.0,0.0,18.28,18.28,mixed use,1691664.8399999966,1e-05
1,Bundoora,29,2018.0,5.0,43553.88,730.79,0.0,3.87,17.42,21.29,mixed use,1691664.8399999966,1e-05
1,Bundoora,29,2018.0,6.0,41561.38,806.91,0.0,4.28,16.62,20.9,mixed use,1691664.8399999966,1e-05
1,Bundoora,29,2018.0,7.0,44514.88,863.14,0.0,4.57,17.81,22.38,mixed use,1691664.8399999966,1e-05
1,Bundoora,29,2018.0,8.0,47800.69,839.73,0.0,4.45,19.12,23.57,mixed use,1691664.8399999966,1e-05
1,Bundoora,29,2018.0,9.0,48043.31,793.46,0.0,4.21,19.22,23.42,mixed use,1691664.8399999966,1e-05
1,Bundoora,29,2018.0,10.0,55529.5,738.24,0.0,3.91,22.21,26.12,mixed use,1691664.8399999966,2e-05
1,Bundoora,29,2018.0,11.0,49196.19,660.73,0.0,3.5,19.68,23.18,mixed use,1691664.8399999966,1e-05
1,Bundoora,29,2018.0,12.0,48675.38,378.81,0.0,2.01,19.47,21.48,mixed use,1691664.8399999966,1e-05
1,Bundoora,29,2019.0,1.0,43536.5,339.1,0.0,1.8,17.41,19.21,mixed use,1691664.8399999966,1e-05
1,Bundoora,29,2019.0,2.0,46862.75,484.46,0.0,2.57,18.75,21.31,mixed use,1691664.8399999966,1e-05
1,Bundoora,29,2019.0,3.0,49767.13,579.01,0.0,3.07,19.91,22.98,mixed use,1691664.8399999966,1e-05
1,Bundoora,29,2019.0,4.0,51366.63,624.95,0.0,3.31,20.55,23.86,mixed use,1691664.8399999966,1e-05
1,Bundoora,29,2019.0,5.0,56439.25,738.4,0.0,3.91,22.58,26.49,mixed use,1691664.8399999966,2e-05
1,Bundoora,29,2019.0,6.0,50258.25,764.48,0.0,4.05,20.1,24.16,mixed use,1691664.8399999966,1e-05
1,Bundoora,29,2019.0,7.0,51174.38,802.64,0.0,4.25,20.47,24.72,mixed use,1691664.8399999966,1e-05
1,Bundoora,29,2019.0,8.0,52622.25,812.94,0.0,4.31,21.05,25.36,mixed use,1691664.8399999966,1e-05
1,Bundoora,29,2019.0,9.0,51662.88,718.11,0.0,3.81,20.67,24.47,mixed use,1691664.8399999966,1e-05
1,Bundoora,29,2019.0,10.0,51330.38,661.27,0.0,3.5,20.53,24.04,mixed use,1691664.8399999966,1e-05
1,Bundoora,29,2019.0,11.0,52866.75,565.64,0.0,3.0,21.15,24.14,mixed use,1691664.8399999966,1e-05
1,Bundoora,29,2019.0,12.0,66448.63,311.9,0.0,1.65,26.58,28.23,mixed use,1691664.8399999966,2e-05
1,Bundoora,29,2020.0,1.0,65678.0,0.0,0.0,0.0,26.27,26.27,mixed use,1691664.8399999966,2e-05
1,Bundoora,29,2020.0,2.0,73054.25,0.0,0.0,0.0,29.22,29.22,mixed use,1691664.8399999966,2e-05
1,Bundoora,29,2020.0,3.0,69575.75,0.0,0.0,0.0,27.83,27.83,mixed use,1691664.8399999966,2e-05
1,Bundoora,29,2020.0,4.0,40460.0,0.0,0.0,0.0,16.18,16.18,mixed use,1691664.8399999966,1e-05
1,Bundoora,29,2020.0,5.0,26469.63,0.0,0.0,0.0,10.59,10.59,mixed use,1691664.8399999966,1e-05
1,Bundoora,29,2020.0,6.0,34357.38,0.0,0.0,0.0,13.74,13.74,mixed use,1691664.8399999966,1e-05
1,Bundoora,29,2020.0,7.0,33767.75,0.0,0.0,0.0,13.51,13.51,mixed use,1691664.8399999966,1e-05
1,Bundoora,29,2020.0,8.0,27905.25,0.0,0.0,0.0,11.16,11.16,mixed use,1691664.8399999966,1e-05
1,Bundoora,29,2020.0,9.0,27514.0,0.0,0.0,0.0,11.01,11.01,mixed use,1691664.8399999966,1e-05
1,Bundoora,29,2020.0,10.0,59041.5,0.0,0.0,0.0,23.62,23.62,mixed use,1691664.8399999966,1e-05
1,Bundoora,29,2020.0,11.0,64795.25,0.0,0.0,0.0,25.92,25.92,mixed use,1691664.8399999966,2e-05
1,Bundoora,29,2020.0,12.0,53524.75,0.0,0.0,0.0,21.41,21.41,mixed use,1691664.8399999966,1e-05
1,Bundoora,29,2021.0,1.0,36546.25,430.53,25291.18,2.28,14.62,16.9,mixed use,1691664.8399999966,1e-05
1,Bundoora,29,2021.0,2.0,55292.5,514.14,25792.05,2.72,22.12,24.84,mixed use,1691664.8399999966,1e-05
1,Bundoora,29,2021.0,3.0,58648.25,544.07,25712.83,2.88,23.46,26.34,mixed use,1691664.8399999966,2e-05
1,Bundoora,29,2021.0,4.0,46254.75,595.55,26162.93,3.16,18.5,21.66,mixed use,1691664.8399999966,1e-05
1,Bundoora,29,2021.0,5.0,49235.75,663.53,26274.75,3.52,19.69,23.21,mixed use,1691664.8399999966,1e-05
1,Bundoora,29,2021.0,6.0,42652.75,640.46,26415.41,3.39,17.06,20.46,mixed use,1691664.8399999966,1e-05
1,Bundoora,29,2021.0,7.0,43846.25,688.7,26567.54,3.65,17.54,21.19,mixed use,1691664.8399999966,1e-05
1,Bundoora,29,2021.0,8.0,46020.0,623.72,26718.53,3.31,18.41,21.71,mixed use,1691664.8399999966,1e-05
1,Bundoora,29,2021.0,9.0,49428.75,585.08,27038.41,3.1,19.77,22.87,mixed use,1691664.8399999966,1e-05
1,Bundoora,29,2021.0,10.0,47642.5,555.49,184563.45,2.94,19.06,22.0,mixed use,1691664.8399999966,1e-05
1,Bundoora,29,2021.0,11.0,38061.25,549.41,177444.51,2.91,15.22,18.14,mixed use,1691664.8399999966,1e-05
1,Bundoora,29,2021.0,12.0,42418.5,357.28,264063.45,1.89,16.97,18.86,mixed use,1691664.8399999966,1e-05
1,Bundoora,29,2022.0,1.0,46728.25,0.0,301130.27,0.0,18.69,18.69,mixed use,1691664.8399999966,1e-05
1,Bundoora,29,2022.0,2.0,41231.0,0.0,301585.31,0.0,16.49,16.49,mixed use,1691664.8399999966,1e-05
1,Bundoora,29,2022.0,3.0,40394.5,0.0,219107.99,0.0,16.16,16.16,mixed use,1691664.8399999966,1e-05
1,Bundoora,29,2022.0,4.0,35279.25,0.0,44967.48,0.0,14.11,14.11,mixed use,1691664.8399999966,1e-05
1,Bundoora,30,2018.0,1.0,121121.63,0.0,0.0,0.0,48.45,48.45,mixed use,1466488.4200000006,3e-05
1,Bundoora,30,2018.0,2.0,106568.48,0.0,0.0,0.0,42.63,42.63,mixed use,1466488.4200000006,3e-05
1,Bundoora,30,2018.0,3.0,119462.72,0.0,0.0,0.0,47.79,47.79,mixed use,1466488.4200000006,3e-05
1,Bundoora,30,2018.0,4.0,117705.77,0.0,0.0,0.0,47.08,47.08,mixed use,1466488.4200000006,3e-05
1,Bundoora,30,2018.0,5.0,124979.5,633.52,0.0,3.36,49.99,53.35,mixed use,1466488.4200000006,4e-05
1,Bundoora,30,2018.0,6.0,127487.18,699.5,0.0,3.71,50.99,54.7,mixed use,1466488.4200000006,4e-05
1,Bundoora,30,2018.0,7.0,133337.74,748.25,0.0,3.97,53.34,57.3,mixed use,1466488.4200000006,4e-05
1,Bundoora,30,2018.0,8.0,129507.1,727.96,0.0,3.86,51.8,55.66,mixed use,1466488.4200000006,4e-05
1,Bundoora,30,2018.0,9.0,127938.1,687.84,0.0,3.65,51.18,54.82,mixed use,1466488.4200000006,4e-05
1,Bundoora,30,2018.0,10.0,131899.73,639.97,0.0,3.39,52.76,56.15,mixed use,1466488.4200000006,4e-05
1,Bundoora,30,2018.0,11.0,127371.32,572.78,0.0,3.04,50.95,53.98,mixed use,1466488.4200000006,4e-05
1,Bundoora,30,2018.0,12.0,121038.16,328.39,0.0,1.74,48.42,50.16,mixed use,1466488.4200000006,3e-05
1,Bundoora,30,2019.0,1.0,118619.41,293.96,0.0,1.56,47.45,49.01,mixed use,1466488.4200000006,3e-05
1,Bundoora,30,2019.0,2.0,118889.2,419.97,0.0,2.23,47.56,49.78,mixed use,1466488.4200000006,3e-05
1,Bundoora,30,2019.0,3.0,131745.72,501.94,0.0,2.66,52.7,55.36,mixed use,1466488.4200000006,4e-05
1,Bundoora,30,2019.0,4.0,123770.64,541.76,0.0,2.87,49.51,52.38,mixed use,1466488.4200000006,4e-05
1,Bundoora,30,2019.0,5.0,130969.37,640.11,0.0,3.39,52.39,55.78,mixed use,1466488.4200000006,4e-05
1,Bundoora,30,2019.0,6.0,111033.44,662.72,0.0,3.51,44.41,47.93,mixed use,1466488.4200000006,3e-05
1,Bundoora,30,2019.0,7.0,116466.44,695.8,0.0,3.69,46.59,50.27,mixed use,1466488.4200000006,3e-05
1,Bundoora,30,2019.0,8.0,128572.04,704.73,0.0,3.74,51.43,55.16,mixed use,1466488.4200000006,4e-05
1,Bundoora,30,2019.0,9.0,133529.07,622.53,0.0,3.3,53.41,56.71,mixed use,1466488.4200000006,4e-05
1,Bundoora,30,2019.0,10.0,146508.59,573.25,0.0,3.04,58.6,61.64,mixed use,1466488.4200000006,4e-05
1,Bundoora,30,2019.0,11.0,119848.23,490.35,0.0,2.6,47.94,50.54,mixed use,1466488.4200000006,3e-05
1,Bundoora,30,2019.0,12.0,119460.81,270.39,0.0,1.43,47.78,49.22,mixed use,1466488.4200000006,3e-05
1,Bundoora,30,2020.0,1.0,114289.41,0.0,0.0,0.0,45.72,45.72,mixed use,1466488.4200000006,3e-05
1,Bundoora,30,2020.0,2.0,117886.43,0.0,0.0,0.0,47.15,47.15,mixed use,1466488.4200000006,3e-05
1,Bundoora,30,2020.0,3.0,116035.46,0.0,0.0,0.0,46.41,46.41,mixed use,1466488.4200000006,3e-05
1,Bundoora,30,2020.0,4.0,71053.98,0.0,0.0,0.0,28.42,28.42,mixed use,1466488.4200000006,2e-05
1,Bundoora,30,2020.0,5.0,70813.1,0.0,0.0,0.0,28.33,28.33,mixed use,1466488.4200000006,2e-05
1,Bundoora,30,2020.0,6.0,63688.17,0.0,0.0,0.0,25.48,25.48,mixed use,1466488.4200000006,2e-05
1,Bundoora,30,2020.0,7.0,61833.54,0.0,0.0,0.0,24.73,24.73,mixed use,1466488.4200000006,2e-05
1,Bundoora,30,2020.0,8.0,56711.73,0.0,0.0,0.0,22.68,22.68,mixed use,1466488.4200000006,2e-05
1,Bundoora,30,2020.0,9.0,46348.32,0.0,0.0,0.0,18.54,18.54,mixed use,1466488.4200000006,1e-05
1,Bundoora,30,2020.0,10.0,50249.56,0.0,0.0,0.0,20.1,20.1,mixed use,1466488.4200000006,1e-05
1,Bundoora,30,2020.0,11.0,53159.79,0.0,0.0,0.0,21.26,21.26,mixed use,1466488.4200000006,1e-05
1,Bundoora,30,2020.0,12.0,47518.36,0.0,0.0,0.0,19.01,19.01,mixed use,1466488.4200000006,1e-05
1,Bundoora,30,2021.0,1.0,42533.74,373.22,21924.69,1.98,17.01,18.99,mixed use,1466488.4200000006,1e-05
1,Bundoora,30,2021.0,2.0,12967.86,445.7,22358.89,2.36,5.19,7.55,mixed use,1466488.4200000006,1e-05
1,Bundoora,31,2018.0,1.0,9103.3,0.0,0.0,0.0,3.64,3.64,teaching,125797.68000000012,3e-05
1,Bundoora,31,2018.0,2.0,11263.22,0.0,0.0,0.0,4.51,4.51,teaching,125797.68000000012,4e-05
1,Bundoora,31,2018.0,3.0,13553.35,0.0,0.0,0.0,5.42,5.42,teaching,125797.68000000012,4e-05
1,Bundoora,31,2018.0,4.0,11815.16,0.0,0.0,0.0,4.73,4.73,teaching,125797.68000000012,4e-05
1,Bundoora,31,2018.0,5.0,15725.27,54.34,0.0,0.29,6.29,6.58,teaching,125797.68000000012,5e-05
1,Bundoora,31,2018.0,6.0,12677.27,60.0,0.0,0.32,5.07,5.39,teaching,125797.68000000012,4e-05
1,Bundoora,31,2018.0,7.0,14525.41,64.19,0.0,0.34,5.81,6.15,teaching,125797.68000000012,5e-05
1,Bundoora,31,2018.0,8.0,16012.03,62.45,0.0,0.33,6.4,6.74,teaching,125797.68000000012,5e-05
1,Bundoora,31,2018.0,9.0,12974.56,59.0,0.0,0.31,5.19,5.5,teaching,125797.68000000012,4e-05
1,Bundoora,31,2018.0,10.0,13726.19,54.9,0.0,0.29,5.49,5.78,teaching,125797.68000000012,5e-05
1,Bundoora,31,2018.0,11.0,12594.66,49.13,0.0,0.26,5.04,5.3,teaching,125797.68000000012,4e-05
1,Bundoora,31,2018.0,12.0,12469.22,28.17,0.0,0.15,4.99,5.14,teaching,125797.68000000012,4e-05
1,Bundoora,31,2019.0,1.0,12110.63,25.22,0.0,0.13,4.84,4.98,teaching,125797.68000000012,4e-05
1,Bundoora,31,2019.0,2.0,12779.38,36.03,0.0,0.19,5.11,5.3,teaching,125797.68000000012,4e-05
1,Bundoora,31,2019.0,3.0,14984.0,43.06,0.0,0.23,5.99,6.22,teaching,125797.68000000012,5e-05
1,Bundoora,31,2019.0,4.0,13239.25,46.47,0.0,0.25,5.3,5.54,teaching,125797.68000000012,4e-05
1,Bundoora,31,2019.0,5.0,17967.66,54.91,0.0,0.29,7.19,7.48,teaching,125797.68000000012,6e-05
1,Bundoora,31,2019.0,6.0,16765.81,56.85,0.0,0.3,6.71,7.01,teaching,125797.68000000012,6e-05
1,Bundoora,31,2019.0,7.0,19271.94,59.69,0.0,0.32,7.71,8.03,teaching,125797.68000000012,6e-05
1,Bundoora,31,2019.0,8.0,19375.5,60.45,0.0,0.32,7.75,8.07,teaching,125797.68000000012,6e-05
1,Bundoora,31,2019.0,9.0,18223.72,53.4,0.0,0.28,7.29,7.57,teaching,125797.68000000012,6e-05
1,Bundoora,31,2019.0,10.0,15400.53,49.17,0.0,0.26,6.16,6.42,teaching,125797.68000000012,5e-05
1,Bundoora,31,2019.0,11.0,12355.31,42.06,0.0,0.22,4.94,5.17,teaching,125797.68000000012,4e-05
1,Bundoora,31,2019.0,12.0,11160.31,23.19,0.0,0.12,4.46,4.59,teaching,125797.68000000012,4e-05
1,Bundoora,31,2020.0,1.0,10573.06,0.0,0.0,0.0,4.23,4.23,teaching,125797.68000000012,3e-05
1,Bundoora,31,2020.0,2.0,13204.62,0.0,0.0,0.0,5.28,5.28,teaching,125797.68000000012,4e-05
1,Bundoora,31,2020.0,3.0,12038.73,0.0,0.0,0.0,4.82,4.82,teaching,125797.68000000012,4e-05
1,Bundoora,31,2020.0,4.0,7110.43,0.0,0.0,0.0,2.84,2.84,teaching,125797.68000000012,2e-05
1,Bundoora,31,2020.0,5.0,12040.92,0.0,0.0,0.0,4.82,4.82,teaching,125797.68000000012,4e-05
1,Bundoora,31,2020.0,6.0,12290.39,0.0,0.0,0.0,4.92,4.92,teaching,125797.68000000012,4e-05
1,Bundoora,31,2020.0,7.0,19460.94,0.0,0.0,0.0,7.78,7.78,teaching,125797.68000000012,6e-05
1,Bundoora,31,2020.0,8.0,15249.77,0.0,0.0,0.0,6.1,6.1,teaching,125797.68000000012,5e-05
1,Bundoora,31,2020.0,9.0,13628.19,0.0,0.0,0.0,5.45,5.45,teaching,125797.68000000012,4e-05
1,Bundoora,31,2020.0,10.0,16101.92,0.0,0.0,0.0,6.44,6.44,teaching,125797.68000000012,5e-05
1,Bundoora,31,2020.0,11.0,17098.06,0.0,0.0,0.0,6.84,6.84,teaching,125797.68000000012,5e-05
1,Bundoora,31,2020.0,12.0,16455.76,0.0,0.0,0.0,6.58,6.58,teaching,125797.68000000012,5e-05
1,Bundoora,31,2021.0,1.0,15123.74,32.02,1880.73,0.17,6.05,6.22,teaching,125797.68000000012,5e-05
1,Bundoora,31,2021.0,2.0,16544.02,38.23,1917.98,0.2,6.62,6.82,teaching,125797.68000000012,5e-05
1,Bundoora,31,2021.0,3.0,18337.98,40.46,1912.09,0.21,7.34,7.55,teaching,125797.68000000012,6e-05
1,Bundoora,31,2021.0,4.0,16741.54,44.29,1945.56,0.23,6.7,6.93,teaching,125797.68000000012,6e-05
1,Bundoora,31,2021.0,5.0,16262.45,49.34,1953.88,0.26,6.5,6.77,teaching,125797.68000000012,5e-05
1,Bundoora,31,2021.0,6.0,11344.95,47.63,1964.34,0.25,4.54,4.79,teaching,125797.68000000012,4e-05
1,Bundoora,31,2021.0,7.0,13772.66,51.21,1975.65,0.27,5.51,5.78,teaching,125797.68000000012,5e-05
1,Bundoora,31,2021.0,8.0,15121.47,46.38,1986.88,0.25,6.05,6.29,teaching,125797.68000000012,5e-05
1,Bundoora,31,2021.0,9.0,15119.67,43.51,2010.66,0.23,6.05,6.28,teaching,125797.68000000012,5e-05
1,Bundoora,31,2021.0,10.0,15337.42,41.31,13724.74,0.22,6.13,6.35,teaching,125797.68000000012,5e-05
1,Bundoora,31,2021.0,11.0,13786.99,40.86,13195.35,0.22,5.51,5.73,teaching,125797.68000000012,5e-05
1,Bundoora,31,2021.0,12.0,14585.28,26.57,19636.61,0.14,5.83,5.97,teaching,125797.68000000012,5e-05
1,Bundoora,31,2022.0,1.0,14445.39,0.0,22393.02,0.0,5.78,5.78,teaching,125797.68000000012,5e-05
1,Bundoora,31,2022.0,2.0,13157.06,0.0,22426.86,0.0,5.26,5.26,teaching,125797.68000000012,4e-05
1,Bundoora,31,2022.0,3.0,12538.5,0.0,16293.58,0.0,5.02,5.02,teaching,125797.68000000012,4e-05
1,Bundoora,31,2022.0,4.0,12531.95,0.0,3343.93,0.0,5.01,5.01,teaching,125797.68000000012,4e-05
1,Bundoora,32,2018.0,1.0,4111.29,0.0,0.0,0.0,1.64,1.64,teaching,8037.119999999998,0.0002
1,Bundoora,32,2018.0,2.0,3973.75,0.0,0.0,0.0,1.59,1.59,teaching,8037.119999999998,0.0002
1,Bundoora,32,2018.0,3.0,4758.68,0.0,0.0,0.0,1.9,1.9,teaching,8037.119999999998,0.00024
1,Bundoora,32,2018.0,4.0,4405.39,0.0,0.0,0.0,1.76,1.76,teaching,8037.119999999998,0.00022
1,Bundoora,32,2018.0,5.0,4806.08,3.47,0.0,0.02,1.92,1.94,teaching,8037.119999999998,0.00024
1,Bundoora,32,2018.0,6.0,3543.79,3.83,0.0,0.02,1.42,1.44,teaching,8037.119999999998,0.00018
1,Bundoora,32,2018.0,7.0,2758.27,4.1,0.0,0.02,1.1,1.13,teaching,8037.119999999998,0.00014
1,Bundoora,32,2018.0,8.0,3495.21,3.99,0.0,0.02,1.4,1.42,teaching,8037.119999999998,0.00018
1,Bundoora,32,2018.0,9.0,3006.99,3.77,0.0,0.02,1.2,1.22,teaching,8037.119999999998,0.00015
1,Bundoora,32,2018.0,10.0,3475.22,3.51,0.0,0.02,1.39,1.41,teaching,8037.119999999998,0.00018
1,Bundoora,32,2018.0,11.0,2490.81,3.14,0.0,0.02,1.0,1.01,teaching,8037.119999999998,0.00013
1,Bundoora,32,2018.0,12.0,2838.5,1.8,0.0,0.01,1.14,1.14,teaching,8037.119999999998,0.00014
1,Bundoora,32,2019.0,1.0,2320.19,1.61,0.0,0.01,0.93,0.94,teaching,8037.119999999998,0.00012
1,Bundoora,32,2019.0,2.0,2215.95,2.3,0.0,0.01,0.89,0.9,teaching,8037.119999999998,0.00011
1,Bundoora,32,2019.0,3.0,3320.76,2.75,0.0,0.01,1.33,1.34,teaching,8037.119999999998,0.00017
1,Bundoora,32,2019.0,4.0,3218.01,2.97,0.0,0.02,1.29,1.3,teaching,8037.119999999998,0.00016
1,Bundoora,32,2019.0,5.0,3626.62,3.51,0.0,0.02,1.45,1.47,teaching,8037.119999999998,0.00018
1,Bundoora,32,2019.0,6.0,3872.97,3.63,0.0,0.02,1.55,1.57,teaching,8037.119999999998,0.0002
1,Bundoora,32,2019.0,7.0,4718.91,3.81,0.0,0.02,1.89,1.91,teaching,8037.119999999998,0.00024
1,Bundoora,32,2019.0,8.0,4997.88,3.86,0.0,0.02,2.0,2.02,teaching,8037.119999999998,0.00025
1,Bundoora,32,2019.0,9.0,5021.28,3.41,0.0,0.02,2.01,2.03,teaching,8037.119999999998,0.00025
1,Bundoora,32,2019.0,10.0,4812.16,3.14,0.0,0.02,1.92,1.94,teaching,8037.119999999998,0.00024
1,Bundoora,32,2019.0,11.0,2492.88,2.69,0.0,0.01,1.0,1.01,teaching,8037.119999999998,0.00013
1,Bundoora,32,2019.0,12.0,1989.98,1.48,0.0,0.01,0.8,0.8,teaching,8037.119999999998,0.0001
1,Bundoora,32,2020.0,1.0,2343.99,0.0,0.0,0.0,0.94,0.94,teaching,8037.119999999998,0.00012
1,Bundoora,32,2020.0,2.0,2997.84,0.0,0.0,0.0,1.2,1.2,teaching,8037.119999999998,0.00015
1,Bundoora,32,2020.0,3.0,4315.29,0.0,0.0,0.0,1.73,1.73,teaching,8037.119999999998,0.00022
1,Bundoora,32,2020.0,4.0,2399.04,0.0,0.0,0.0,0.96,0.96,teaching,8037.119999999998,0.00012
1,Bundoora,32,2020.0,5.0,2388.38,0.0,0.0,0.0,0.96,0.96,teaching,8037.119999999998,0.00012
1,Bundoora,32,2020.0,6.0,1993.58,0.0,0.0,0.0,0.8,0.8,teaching,8037.119999999998,0.0001
1,Bundoora,32,2020.0,7.0,1872.69,0.0,0.0,0.0,0.75,0.75,teaching,8037.119999999998,9e-05
1,Bundoora,32,2020.0,8.0,1982.81,0.0,0.0,0.0,0.79,0.79,teaching,8037.119999999998,0.0001
1,Bundoora,32,2020.0,9.0,2933.2,0.0,0.0,0.0,1.17,1.17,teaching,8037.119999999998,0.00015
1,Bundoora,32,2020.0,10.0,3805.67,0.0,0.0,0.0,1.52,1.52,teaching,8037.119999999998,0.00019
1,Bundoora,32,2020.0,11.0,3742.85,0.0,0.0,0.0,1.5,1.5,teaching,8037.119999999998,0.00019
1,Bundoora,32,2020.0,12.0,3356.33,0.0,0.0,0.0,1.34,1.34,teaching,8037.119999999998,0.00017
1,Bundoora,32,2021.0,1.0,2091.68,2.05,120.16,0.01,0.84,0.85,teaching,8037.119999999998,0.00011
1,Bundoora,32,2021.0,2.0,2197.86,2.44,122.54,0.01,0.88,0.89,teaching,8037.119999999998,0.00011
1,Bundoora,32,2021.0,3.0,1782.43,2.58,122.16,0.01,0.71,0.73,teaching,8037.119999999998,9e-05
1,Bundoora,32,2021.0,4.0,1679.18,2.83,124.3,0.01,0.67,0.69,teaching,8037.119999999998,9e-05
1,Bundoora,32,2021.0,5.0,1914.81,3.15,124.83,0.02,0.77,0.78,teaching,8037.119999999998,0.0001
1,Bundoora,32,2021.0,6.0,1467.41,3.04,125.5,0.02,0.59,0.6,teaching,8037.119999999998,7e-05
1,Bundoora,32,2021.0,7.0,1551.4,3.27,126.22,0.02,0.62,0.64,teaching,8037.119999999998,8e-05
1,Bundoora,32,2021.0,8.0,1771.34,2.96,126.94,0.02,0.71,0.72,teaching,8037.119999999998,9e-05
1,Bundoora,32,2021.0,9.0,2067.06,2.78,128.46,0.01,0.83,0.84,teaching,8037.119999999998,0.0001
1,Bundoora,32,2021.0,10.0,1562.6,2.64,876.86,0.01,0.63,0.64,teaching,8037.119999999998,8e-05
1,Bundoora,32,2021.0,11.0,1400.75,2.61,843.04,0.01,0.56,0.57,teaching,8037.119999999998,7e-05
1,Bundoora,32,2021.0,12.0,1477.95,1.7,1254.57,0.01,0.59,0.6,teaching,8037.119999999998,7e-05
1,Bundoora,32,2022.0,1.0,1549.66,0.0,1430.67,0.0,0.62,0.62,teaching,8037.119999999998,8e-05
1,Bundoora,32,2022.0,2.0,1458.23,0.0,1432.84,0.0,0.58,0.58,teaching,8037.119999999998,7e-05
1,Bundoora,32,2022.0,3.0,1458.03,0.0,1040.98,0.0,0.58,0.58,teaching,8037.119999999998,7e-05
1,Bundoora,32,2022.0,4.0,1875.76,0.0,213.64,0.0,0.75,0.75,teaching,8037.119999999998,9e-05
1,Bundoora,33,2018.0,1.0,13655.48,0.0,0.0,0.0,5.46,5.46,mixed use,1070857.9200000025,1e-05
1,Bundoora,33,2018.0,2.0,16406.95,0.0,0.0,0.0,6.56,6.56,mixed use,1070857.9200000025,1e-05
1,Bundoora,33,2018.0,3.0,17488.64,0.0,0.0,0.0,7.0,7.0,mixed use,1070857.9200000025,1e-05
1,Bundoora,33,2018.0,4.0,16066.8,0.0,0.0,0.0,6.43,6.43,mixed use,1070857.9200000025,1e-05
1,Bundoora,33,2018.0,5.0,18196.42,462.61,0.0,2.45,7.28,9.73,mixed use,1070857.9200000025,1e-05
1,Bundoora,33,2018.0,6.0,15954.16,510.79,0.0,2.71,6.38,9.09,mixed use,1070857.9200000025,1e-05
1,Bundoora,33,2018.0,7.0,16980.23,546.38,0.0,2.9,6.79,9.69,mixed use,1070857.9200000025,1e-05
1,Bundoora,33,2018.0,8.0,18015.02,531.57,0.0,2.82,7.21,10.02,mixed use,1070857.9200000025,1e-05
1,Bundoora,33,2018.0,9.0,15741.75,502.27,0.0,2.66,6.3,8.96,mixed use,1070857.9200000025,1e-05
1,Bundoora,33,2018.0,10.0,17562.93,467.32,0.0,2.48,7.03,9.5,mixed use,1070857.9200000025,1e-05
1,Bundoora,33,2018.0,11.0,15310.1,418.25,0.0,2.22,6.12,8.34,mixed use,1070857.9200000025,1e-05
1,Bundoora,33,2018.0,12.0,14047.62,239.8,0.0,1.27,5.62,6.89,mixed use,1070857.9200000025,1e-05
1,Bundoora,33,2019.0,1.0,15515.47,214.65,0.0,1.14,6.21,7.34,mixed use,1070857.9200000025,1e-05
1,Bundoora,33,2019.0,2.0,14460.71,306.67,0.0,1.63,5.78,7.41,mixed use,1070857.9200000025,1e-05
1,Bundoora,33,2019.0,3.0,15928.5,366.52,0.0,1.94,6.37,8.31,mixed use,1070857.9200000025,1e-05
1,Bundoora,33,2019.0,4.0,16098.7,395.61,0.0,2.1,6.44,8.54,mixed use,1070857.9200000025,1e-05
1,Bundoora,33,2019.0,5.0,17526.71,467.42,0.0,2.48,7.01,9.49,mixed use,1070857.9200000025,1e-05
1,Bundoora,33,2019.0,6.0,16422.13,483.93,0.0,2.56,6.57,9.13,mixed use,1070857.9200000025,1e-05
1,Bundoora,33,2019.0,7.0,20079.4,508.09,0.0,2.69,8.03,10.72,mixed use,1070857.9200000025,1e-05
1,Bundoora,33,2019.0,8.0,20563.76,514.6,0.0,2.73,8.23,10.95,mixed use,1070857.9200000025,1e-05
1,Bundoora,33,2019.0,9.0,18509.21,454.58,0.0,2.41,7.4,9.81,mixed use,1070857.9200000025,1e-05
1,Bundoora,33,2019.0,10.0,18170.77,418.6,0.0,2.22,7.27,9.49,mixed use,1070857.9200000025,1e-05
1,Bundoora,33,2019.0,11.0,16706.52,358.06,0.0,1.9,6.68,8.58,mixed use,1070857.9200000025,1e-05
1,Bundoora,33,2019.0,12.0,15634.14,197.44,0.0,1.05,6.25,7.3,mixed use,1070857.9200000025,1e-05
1,Bundoora,33,2020.0,1.0,17467.15,0.0,0.0,0.0,6.99,6.99,mixed use,1070857.9200000025,1e-05
1,Bundoora,33,2020.0,2.0,18837.93,0.0,0.0,0.0,7.54,7.54,mixed use,1070857.9200000025,1e-05
1,Bundoora,33,2020.0,3.0,14417.01,0.0,0.0,0.0,5.77,5.77,mixed use,1070857.9200000025,1e-05
1,Bundoora,33,2020.0,4.0,7225.07,0.0,0.0,0.0,2.89,2.89,mixed use,1070857.9200000025,0.0
1,Bundoora,33,2020.0,5.0,7204.45,0.0,0.0,0.0,2.88,2.88,mixed use,1070857.9200000025,0.0
1,Bundoora,33,2020.0,6.0,6525.24,0.0,0.0,0.0,2.61,2.61,mixed use,1070857.9200000025,0.0
1,Bundoora,33,2020.0,7.0,14178.51,0.0,0.0,0.0,5.67,5.67,mixed use,1070857.9200000025,1e-05
1,Bundoora,33,2020.0,8.0,11493.44,0.0,0.0,0.0,4.6,4.6,mixed use,1070857.9200000025,0.0
1,Bundoora,33,2020.0,9.0,11963.74,0.0,0.0,0.0,4.79,4.79,mixed use,1070857.9200000025,0.0
1,Bundoora,33,2020.0,10.0,12281.47,0.0,0.0,0.0,4.91,4.91,mixed use,1070857.9200000025,0.0
1,Bundoora,33,2020.0,11.0,16511.41,0.0,0.0,0.0,6.6,6.6,mixed use,1070857.9200000025,1e-05
1,Bundoora,33,2020.0,12.0,16637.96,0.0,0.0,0.0,6.66,6.66,mixed use,1070857.9200000025,1e-05
1,Bundoora,33,2021.0,1.0,15386.85,272.53,16009.83,1.44,6.15,7.6,mixed use,1070857.9200000025,1e-05
1,Bundoora,33,2021.0,2.0,13088.29,325.46,16326.89,1.72,5.24,6.96,mixed use,1070857.9200000025,1e-05
1,Bundoora,33,2021.0,3.0,12997.9,344.4,16276.74,1.83,5.2,7.02,mixed use,1070857.9200000025,1e-05
1,Bundoora,33,2021.0,4.0,12881.08,376.99,16561.66,2.0,5.15,7.15,mixed use,1070857.9200000025,1e-05
1,Bundoora,33,2021.0,5.0,11026.23,420.03,16632.44,2.23,4.41,6.64,mixed use,1070857.9200000025,1e-05
1,Bundoora,33,2021.0,6.0,8881.12,405.42,16721.49,2.15,3.55,5.7,mixed use,1070857.9200000025,1e-05
1,Bundoora,33,2021.0,7.0,10339.43,435.96,16817.79,2.31,4.14,6.45,mixed use,1070857.9200000025,1e-05
1,Bundoora,33,2021.0,8.0,12132.08,394.83,16913.37,2.09,4.85,6.95,mixed use,1070857.9200000025,1e-05
1,Bundoora,33,2021.0,9.0,12972.52,370.37,17115.86,1.96,5.19,7.15,mixed use,1070857.9200000025,1e-05
1,Bundoora,33,2021.0,10.0,12418.89,351.63,116832.38,1.86,4.97,6.83,mixed use,1070857.9200000025,1e-05
1,Bundoora,33,2021.0,11.0,11716.54,347.79,112325.95,1.84,4.69,6.53,mixed use,1070857.9200000025,1e-05
1,Bundoora,33,2021.0,12.0,12508.16,226.17,167157.48,1.2,5.0,6.2,mixed use,1070857.9200000025,1e-05
1,Bundoora,33,2022.0,1.0,12783.03,0.0,190621.53,0.0,5.11,5.11,mixed use,1070857.9200000025,0.0
1,Bundoora,33,2022.0,2.0,11830.99,0.0,190909.57,0.0,4.73,4.73,mixed use,1070857.9200000025,0.0
1,Bundoora,33,2022.0,3.0,11605.55,0.0,138699.77,0.0,4.64,4.64,mixed use,1070857.9200000025,0.0
1,Bundoora,33,2022.0,4.0,11953.85,0.0,28465.32,0.0,4.78,4.78,mixed use,1070857.9200000025,0.0
1,Bundoora,34,2018.0,1.0,13818.13,0.0,0.0,0.0,5.53,5.53,mixed use,786082.8900000039,1e-05
1,Bundoora,34,2018.0,2.0,13298.68,0.0,0.0,0.0,5.32,5.32,mixed use,786082.8900000039,1e-05
1,Bundoora,34,2018.0,3.0,16126.04,0.0,0.0,0.0,6.45,6.45,mixed use,786082.8900000039,1e-05
1,Bundoora,34,2018.0,4.0,13532.99,0.0,0.0,0.0,5.41,5.41,mixed use,786082.8900000039,1e-05
1,Bundoora,34,2018.0,5.0,16681.06,339.58,0.0,1.8,6.67,8.47,mixed use,786082.8900000039,1e-05
1,Bundoora,34,2018.0,6.0,14579.53,374.95,0.0,1.99,5.83,7.82,mixed use,786082.8900000039,1e-05
1,Bundoora,34,2018.0,7.0,18480.13,401.08,0.0,2.13,7.39,9.52,mixed use,786082.8900000039,1e-05
1,Bundoora,34,2018.0,8.0,21108.19,390.21,0.0,2.07,8.44,10.51,mixed use,786082.8900000039,1e-05
1,Bundoora,34,2018.0,9.0,17289.0,368.7,0.0,1.95,6.92,8.87,mixed use,786082.8900000039,1e-05
1,Bundoora,34,2018.0,10.0,15880.19,343.04,0.0,1.82,6.35,8.17,mixed use,786082.8900000039,1e-05
1,Bundoora,34,2018.0,11.0,12616.78,307.03,0.0,1.63,5.05,6.67,mixed use,786082.8900000039,1e-05
1,Bundoora,34,2018.0,12.0,11656.84,176.03,0.0,0.93,4.66,5.6,mixed use,786082.8900000039,1e-05
1,Bundoora,34,2019.0,1.0,13151.88,157.57,0.0,0.84,5.26,6.1,mixed use,786082.8900000039,1e-05
1,Bundoora,34,2019.0,2.0,12485.56,225.12,0.0,1.19,4.99,6.19,mixed use,786082.8900000039,1e-05
1,Bundoora,34,2019.0,3.0,15280.38,269.05,0.0,1.43,6.11,7.54,mixed use,786082.8900000039,1e-05
1,Bundoora,34,2019.0,4.0,14768.03,290.4,0.0,1.54,5.91,7.45,mixed use,786082.8900000039,1e-05
1,Bundoora,34,2019.0,5.0,17554.84,343.12,0.0,1.82,7.02,8.84,mixed use,786082.8900000039,1e-05
1,Bundoora,34,2019.0,6.0,15520.25,355.24,0.0,1.88,6.21,8.09,mixed use,786082.8900000039,1e-05
1,Bundoora,34,2019.0,7.0,16276.72,372.97,0.0,1.98,6.51,8.49,mixed use,786082.8900000039,1e-05
1,Bundoora,34,2019.0,8.0,18185.66,377.75,0.0,2.0,7.27,9.28,mixed use,786082.8900000039,1e-05
1,Bundoora,34,2019.0,9.0,14281.09,333.69,0.0,1.77,5.71,7.48,mixed use,786082.8900000039,1e-05
1,Bundoora,34,2019.0,10.0,13695.19,307.28,0.0,1.63,5.48,7.11,mixed use,786082.8900000039,1e-05
1,Bundoora,34,2019.0,11.0,11507.13,262.84,0.0,1.39,4.6,6.0,mixed use,786082.8900000039,1e-05
1,Bundoora,34,2019.0,12.0,10724.5,144.94,0.0,0.77,4.29,5.06,mixed use,786082.8900000039,1e-05
1,Bundoora,34,2020.0,1.0,11537.63,0.0,0.0,0.0,4.62,4.62,mixed use,786082.8900000039,1e-05
1,Bundoora,34,2020.0,2.0,11268.56,0.0,0.0,0.0,4.51,4.51,mixed use,786082.8900000039,1e-05
1,Bundoora,34,2020.0,3.0,12186.65,0.0,0.0,0.0,4.87,4.87,mixed use,786082.8900000039,1e-05
1,Bundoora,34,2020.0,4.0,6237.52,0.0,0.0,0.0,2.5,2.5,mixed use,786082.8900000039,0.0
1,Bundoora,34,2020.0,5.0,6674.65,0.0,0.0,0.0,2.67,2.67,mixed use,786082.8900000039,0.0
1,Bundoora,34,2020.0,6.0,8630.47,0.0,0.0,0.0,3.45,3.45,mixed use,786082.8900000039,0.0
1,Bundoora,34,2020.0,7.0,9236.3,0.0,0.0,0.0,3.69,3.69,mixed use,786082.8900000039,0.0
1,Bundoora,34,2020.0,8.0,11794.84,0.0,0.0,0.0,4.72,4.72,mixed use,786082.8900000039,1e-05
1,Bundoora,34,2020.0,9.0,13018.0,0.0,0.0,0.0,5.21,5.21,mixed use,786082.8900000039,1e-05
1,Bundoora,34,2020.0,10.0,13175.92,0.0,0.0,0.0,5.27,5.27,mixed use,786082.8900000039,1e-05
1,Bundoora,34,2020.0,11.0,12476.31,0.0,0.0,0.0,4.99,4.99,mixed use,786082.8900000039,1e-05
1,Bundoora,34,2020.0,12.0,12680.99,0.0,0.0,0.0,5.07,5.07,mixed use,786082.8900000039,1e-05
1,Bundoora,34,2021.0,1.0,12959.28,200.06,11752.31,1.06,5.18,6.24,mixed use,786082.8900000039,1e-05
1,Bundoora,34,2021.0,2.0,13703.13,238.91,11985.05,1.27,5.48,6.75,mixed use,786082.8900000039,1e-05
1,Bundoora,34,2021.0,3.0,14031.47,252.82,11948.24,1.34,5.61,6.95,mixed use,786082.8900000039,1e-05
1,Bundoora,34,2021.0,4.0,13451.95,276.74,12157.39,1.47,5.38,6.85,mixed use,786082.8900000039,1e-05
1,Bundoora,34,2021.0,5.0,14542.76,308.33,12209.35,1.63,5.82,7.45,mixed use,786082.8900000039,1e-05
1,Bundoora,34,2021.0,6.0,11310.3,297.61,12274.72,1.58,4.52,6.1,mixed use,786082.8900000039,1e-05
1,Bundoora,34,2021.0,7.0,11605.61,320.02,12345.41,1.7,4.64,6.34,mixed use,786082.8900000039,1e-05
1,Bundoora,34,2021.0,8.0,14161.13,289.83,12415.57,1.54,5.66,7.2,mixed use,786082.8900000039,1e-05
1,Bundoora,34,2021.0,9.0,14474.85,271.87,12564.21,1.44,5.79,7.23,mixed use,786082.8900000039,1e-05
1,Bundoora,34,2021.0,10.0,13887.21,258.12,85762.95,1.37,5.55,6.92,mixed use,786082.8900000039,1e-05
1,Bundoora,34,2021.0,11.0,12216.16,255.3,82454.92,1.35,4.89,6.24,mixed use,786082.8900000039,1e-05
1,Bundoora,34,2021.0,12.0,13774.49,166.02,122705.02,0.88,5.51,6.39,mixed use,786082.8900000039,1e-05
1,Bundoora,34,2022.0,1.0,12536.97,0.0,139929.23,0.0,5.01,5.01,mixed use,786082.8900000039,1e-05
1,Bundoora,34,2022.0,2.0,11572.16,0.0,140140.67,0.0,4.63,4.63,mixed use,786082.8900000039,1e-05
1,Bundoora,34,2022.0,3.0,10936.18,0.0,101815.11,0.0,4.37,4.37,mixed use,786082.8900000039,1e-05
1,Bundoora,34,2022.0,4.0,12749.58,0.0,20895.49,0.0,5.1,5.1,mixed use,786082.8900000039,1e-05
1,Bundoora,35,2018.0,1.0,40919.44,0.0,0.0,0.0,16.37,16.37,sport,316182.8800000003,5e-05
1,Bundoora,35,2018.0,2.0,38974.0,0.0,0.0,0.0,15.59,15.59,sport,316182.8800000003,5e-05
1,Bundoora,35,2018.0,3.0,44367.13,0.0,0.0,0.0,17.75,17.75,sport,316182.8800000003,6e-05
1,Bundoora,35,2018.0,4.0,39160.94,0.0,0.0,0.0,15.66,15.66,sport,316182.8800000003,5e-05
1,Bundoora,35,2018.0,5.0,42994.0,136.59,0.0,0.72,17.2,17.92,sport,316182.8800000003,6e-05
1,Bundoora,35,2018.0,6.0,41281.25,150.82,0.0,0.8,16.51,17.31,sport,316182.8800000003,5e-05
1,Bundoora,35,2018.0,7.0,44214.25,161.33,0.0,0.86,17.69,18.54,sport,316182.8800000003,6e-05
1,Bundoora,35,2018.0,8.0,43122.94,156.95,0.0,0.83,17.25,18.08,sport,316182.8800000003,6e-05
1,Bundoora,35,2018.0,9.0,40506.88,148.3,0.0,0.79,16.2,16.99,sport,316182.8800000003,5e-05
1,Bundoora,35,2018.0,10.0,43256.94,137.98,0.0,0.73,17.3,18.03,sport,316182.8800000003,6e-05
1,Bundoora,35,2018.0,11.0,40964.0,123.49,0.0,0.65,16.39,17.04,sport,316182.8800000003,5e-05
1,Bundoora,35,2018.0,12.0,37683.75,70.8,0.0,0.38,15.07,15.45,sport,316182.8800000003,5e-05
1,Bundoora,35,2019.0,1.0,40223.0,63.38,0.0,0.34,16.09,16.43,sport,316182.8800000003,5e-05
1,Bundoora,35,2019.0,2.0,39585.0,90.55,0.0,0.48,15.83,16.31,sport,316182.8800000003,5e-05
1,Bundoora,35,2019.0,3.0,43677.5,108.22,0.0,0.57,17.47,18.04,sport,316182.8800000003,6e-05
1,Bundoora,35,2019.0,4.0,38289.25,116.81,0.0,0.62,15.32,15.93,sport,316182.8800000003,5e-05
1,Bundoora,35,2019.0,5.0,44842.88,138.01,0.0,0.73,17.94,18.67,sport,316182.8800000003,6e-05
1,Bundoora,35,2019.0,6.0,41946.88,142.89,0.0,0.76,16.78,17.54,sport,316182.8800000003,6e-05
1,Bundoora,35,2019.0,7.0,44426.13,150.02,0.0,0.8,17.77,18.57,sport,316182.8800000003,6e-05
1,Bundoora,35,2019.0,8.0,42937.63,151.94,0.0,0.81,17.18,17.98,sport,316182.8800000003,6e-05
1,Bundoora,35,2019.0,9.0,40424.63,134.22,0.0,0.71,16.17,16.88,sport,316182.8800000003,5e-05
1,Bundoora,35,2019.0,10.0,42785.13,123.6,0.0,0.66,17.11,17.77,sport,316182.8800000003,6e-05
1,Bundoora,35,2019.0,11.0,39923.88,105.72,0.0,0.56,15.97,16.53,sport,316182.8800000003,5e-05
1,Bundoora,35,2019.0,12.0,32942.0,58.3,0.0,0.31,13.18,13.49,sport,316182.8800000003,4e-05
1,Bundoora,35,2020.0,1.0,39102.13,0.0,0.0,0.0,15.64,15.64,sport,316182.8800000003,5e-05
1,Bundoora,35,2020.0,2.0,39517.38,0.0,0.0,0.0,15.81,15.81,sport,316182.8800000003,5e-05
1,Bundoora,35,2020.0,3.0,35382.63,0.0,0.0,0.0,14.15,14.15,sport,316182.8800000003,4e-05
1,Bundoora,35,2020.0,4.0,21905.13,0.0,0.0,0.0,8.76,8.76,sport,316182.8800000003,3e-05
1,Bundoora,35,2020.0,5.0,24352.63,0.0,0.0,0.0,9.74,9.74,sport,316182.8800000003,3e-05
1,Bundoora,35,2020.0,6.0,28238.25,0.0,0.0,0.0,11.3,11.3,sport,316182.8800000003,4e-05
1,Bundoora,35,2020.0,7.0,24001.5,0.0,0.0,0.0,9.6,9.6,sport,316182.8800000003,3e-05
1,Bundoora,35,2020.0,8.0,26025.13,0.0,0.0,0.0,10.41,10.41,sport,316182.8800000003,3e-05
1,Bundoora,35,2020.0,9.0,19640.0,0.0,0.0,0.0,7.86,7.86,sport,316182.8800000003,2e-05
1,Bundoora,35,2020.0,10.0,16803.13,0.0,0.0,0.0,6.72,6.72,sport,316182.8800000003,2e-05
1,Bundoora,35,2020.0,11.0,26336.88,0.0,0.0,0.0,10.53,10.53,sport,316182.8800000003,3e-05
1,Bundoora,35,2020.0,12.0,27965.75,0.0,0.0,0.0,11.19,11.19,sport,316182.8800000003,4e-05
1,Bundoora,35,2021.0,1.0,31754.25,80.47,4727.08,0.43,12.7,13.13,sport,316182.8800000003,4e-05
1,Bundoora,35,2021.0,2.0,27624.25,96.1,4820.7,0.51,11.05,11.56,sport,316182.8800000003,4e-05
1,Bundoora,35,2021.0,3.0,33235.63,101.69,4805.89,0.54,13.29,13.83,sport,316182.8800000003,4e-05
1,Bundoora,35,2021.0,4.0,32049.75,111.31,4890.02,0.59,12.82,13.41,sport,316182.8800000003,4e-05
1,Bundoora,35,2021.0,5.0,34104.88,124.02,4910.92,0.66,13.64,14.3,sport,316182.8800000003,5e-05
1,Bundoora,35,2021.0,6.0,26379.0,119.71,4937.21,0.63,10.55,11.19,sport,316182.8800000003,4e-05
1,Bundoora,35,2021.0,7.0,29603.13,128.72,4965.64,0.68,11.84,12.52,sport,316182.8800000003,4e-05
1,Bundoora,35,2021.0,8.0,21726.5,116.58,4993.86,0.62,8.69,9.31,sport,316182.8800000003,3e-05
1,Bundoora,35,2021.0,9.0,25819.0,109.35,5053.65,0.58,10.33,10.91,sport,316182.8800000003,3e-05
1,Bundoora,35,2021.0,10.0,26434.25,103.82,34496.08,0.55,10.57,11.12,sport,316182.8800000003,4e-05
1,Bundoora,35,2021.0,11.0,28934.25,102.69,33165.5,0.54,11.57,12.12,sport,316182.8800000003,4e-05
1,Bundoora,35,2021.0,12.0,28474.25,66.78,49355.13,0.35,11.39,11.74,sport,316182.8800000003,4e-05
1,Bundoora,35,2022.0,1.0,29920.25,0.0,56283.16,0.0,11.97,11.97,sport,316182.8800000003,4e-05
1,Bundoora,35,2022.0,2.0,29203.25,0.0,56368.21,0.0,11.68,11.68,sport,316182.8800000003,4e-05
1,Bundoora,35,2022.0,3.0,30279.5,0.0,40952.67,0.0,12.11,12.11,sport,316182.8800000003,4e-05
1,Bundoora,35,2022.0,4.0,32453.5,0.0,8404.71,0.0,12.98,12.98,sport,316182.8800000003,4e-05
1,Bundoora,36,2018.0,1.0,18937.55,0.0,0.0,0.0,7.58,7.58,mixed use,74609.19000000005,0.0001
1,Bundoora,36,2018.0,2.0,18006.53,0.0,0.0,0.0,7.2,7.2,mixed use,74609.19000000005,0.0001
1,Bundoora,36,2018.0,3.0,20815.22,0.0,0.0,0.0,8.33,8.33,mixed use,74609.19000000005,0.00011
1,Bundoora,36,2018.0,4.0,17569.22,0.0,0.0,0.0,7.03,7.03,mixed use,74609.19000000005,9e-05
1,Bundoora,36,2018.0,5.0,22329.34,32.23,0.0,0.17,8.93,9.1,mixed use,74609.19000000005,0.00012
1,Bundoora,36,2018.0,6.0,21948.06,35.59,0.0,0.19,8.78,8.97,mixed use,74609.19000000005,0.00012
1,Bundoora,36,2018.0,7.0,22284.56,38.07,0.0,0.2,8.91,9.12,mixed use,74609.19000000005,0.00012
1,Bundoora,36,2018.0,8.0,21877.38,37.04,0.0,0.2,8.75,8.95,mixed use,74609.19000000005,0.00012
1,Bundoora,36,2018.0,9.0,19320.91,34.99,0.0,0.19,7.73,7.91,mixed use,74609.19000000005,0.00011
1,Bundoora,36,2018.0,10.0,19672.66,32.56,0.0,0.17,7.87,8.04,mixed use,74609.19000000005,0.00011
1,Bundoora,36,2018.0,11.0,18714.53,29.14,0.0,0.15,7.49,7.64,mixed use,74609.19000000005,0.0001
1,Bundoora,36,2018.0,12.0,20143.16,16.71,0.0,0.09,8.06,8.15,mixed use,74609.19000000005,0.00011
1,Bundoora,36,2019.0,1.0,20215.5,14.96,0.0,0.08,8.09,8.17,mixed use,74609.19000000005,0.00011
1,Bundoora,36,2019.0,2.0,18402.47,21.37,0.0,0.11,7.36,7.47,mixed use,74609.19000000005,0.0001
1,Bundoora,36,2019.0,3.0,21000.06,25.54,0.0,0.14,8.4,8.54,mixed use,74609.19000000005,0.00011
1,Bundoora,36,2019.0,4.0,19277.56,27.56,0.0,0.15,7.71,7.86,mixed use,74609.19000000005,0.00011
1,Bundoora,36,2019.0,5.0,21502.81,32.57,0.0,0.17,8.6,8.77,mixed use,74609.19000000005,0.00012
1,Bundoora,36,2019.0,6.0,20532.0,33.72,0.0,0.18,8.21,8.39,mixed use,74609.19000000005,0.00011
1,Bundoora,36,2019.0,7.0,21204.5,35.4,0.0,0.19,8.48,8.67,mixed use,74609.19000000005,0.00012
1,Bundoora,36,2019.0,8.0,20637.13,35.85,0.0,0.19,8.25,8.44,mixed use,74609.19000000005,0.00011
1,Bundoora,36,2019.0,9.0,18135.94,31.67,0.0,0.17,7.25,7.42,mixed use,74609.19000000005,0.0001
1,Bundoora,36,2019.0,10.0,18423.56,29.16,0.0,0.15,7.37,7.52,mixed use,74609.19000000005,0.0001
1,Bundoora,36,2019.0,11.0,16321.13,24.95,0.0,0.13,6.53,6.66,mixed use,74609.19000000005,9e-05
1,Bundoora,36,2019.0,12.0,18021.38,13.76,0.0,0.07,7.21,7.28,mixed use,74609.19000000005,0.0001
1,Bundoora,36,2020.0,1.0,19410.5,0.0,0.0,0.0,7.76,7.76,mixed use,74609.19000000005,0.0001
1,Bundoora,36,2020.0,2.0,18465.63,0.0,0.0,0.0,7.39,7.39,mixed use,74609.19000000005,0.0001
1,Bundoora,36,2020.0,3.0,19345.13,0.0,0.0,0.0,7.74,7.74,mixed use,74609.19000000005,0.0001
1,Bundoora,36,2020.0,4.0,16032.19,0.0,0.0,0.0,6.41,6.41,mixed use,74609.19000000005,9e-05
1,Bundoora,36,2020.0,5.0,17449.25,0.0,0.0,0.0,6.98,6.98,mixed use,74609.19000000005,9e-05
1,Bundoora,36,2020.0,6.0,17038.69,0.0,0.0,0.0,6.82,6.82,mixed use,74609.19000000005,9e-05
1,Bundoora,36,2020.0,7.0,13785.56,0.0,0.0,0.0,5.51,5.51,mixed use,74609.19000000005,7e-05
1,Bundoora,36,2020.0,8.0,14794.44,0.0,0.0,0.0,5.92,5.92,mixed use,74609.19000000005,8e-05
1,Bundoora,36,2020.0,9.0,8826.88,0.0,0.0,0.0,3.53,3.53,mixed use,74609.19000000005,5e-05
1,Bundoora,36,2020.0,10.0,12253.0,0.0,0.0,0.0,4.9,4.9,mixed use,74609.19000000005,7e-05
1,Bundoora,36,2020.0,11.0,11718.75,0.0,0.0,0.0,4.69,4.69,mixed use,74609.19000000005,6e-05
1,Bundoora,36,2020.0,12.0,16089.5,0.0,0.0,0.0,6.44,6.44,mixed use,74609.19000000005,9e-05
1,Bundoora,36,2021.0,1.0,14545.0,18.99,1115.44,0.1,5.82,5.92,mixed use,74609.19000000005,8e-05
1,Bundoora,36,2021.0,2.0,17030.63,22.68,1137.53,0.12,6.81,6.93,mixed use,74609.19000000005,9e-05
1,Bundoora,36,2021.0,3.0,17807.81,24.0,1134.04,0.13,7.12,7.25,mixed use,74609.19000000005,0.0001
1,Bundoora,36,2021.0,4.0,17596.88,26.27,1153.89,0.14,7.04,7.18,mixed use,74609.19000000005,0.0001
1,Bundoora,36,2021.0,5.0,20100.31,29.26,1158.82,0.16,8.04,8.2,mixed use,74609.19000000005,0.00011
1,Bundoora,36,2021.0,6.0,20117.81,28.25,1165.03,0.15,8.05,8.2,mixed use,74609.19000000005,0.00011
1,Bundoora,36,2021.0,7.0,20341.31,30.37,1171.73,0.16,8.14,8.3,mixed use,74609.19000000005,0.00011
1,Bundoora,36,2021.0,8.0,20795.88,27.51,1178.39,0.15,8.32,8.46,mixed use,74609.19000000005,0.00011
1,Bundoora,36,2021.0,9.0,19673.5,25.8,1192.5,0.14,7.87,8.01,mixed use,74609.19000000005,0.00011
1,Bundoora,36,2021.0,10.0,18968.5,24.5,8139.99,0.13,7.59,7.72,mixed use,74609.19000000005,0.0001
1,Bundoora,36,2021.0,11.0,17309.63,24.23,7826.01,0.13,6.92,7.05,mixed use,74609.19000000005,9e-05
1,Bundoora,36,2021.0,12.0,16741.75,15.76,11646.26,0.08,6.7,6.78,mixed use,74609.19000000005,9e-05
1,Bundoora,36,2022.0,1.0,18842.25,0.0,13281.05,0.0,7.54,7.54,mixed use,74609.19000000005,0.0001
1,Bundoora,36,2022.0,2.0,15858.75,0.0,13301.12,0.0,6.34,6.34,mixed use,74609.19000000005,8e-05
1,Bundoora,36,2022.0,3.0,16506.63,0.0,9663.54,0.0,6.6,6.6,mixed use,74609.19000000005,9e-05
1,Bundoora,36,2022.0,4.0,16783.75,0.0,1983.25,0.0,6.71,6.71,mixed use,74609.19000000005,9e-05
1,Bundoora,37,2018.0,1.0,217954.63,0.0,0.0,0.0,87.18,87.18,library,5459748.900000038,2e-05
1,Bundoora,37,2018.0,2.0,252601.38,0.0,0.0,0.0,101.04,101.04,library,5459748.900000038,2e-05
1,Bundoora,37,2018.0,3.0,259322.13,0.0,0.0,0.0,103.73,103.73,library,5459748.900000038,2e-05
1,Bundoora,37,2018.0,4.0,242392.75,0.0,0.0,0.0,96.96,96.96,library,5459748.900000038,2e-05
1,Bundoora,37,2018.0,5.0,278489.75,2358.58,0.0,12.5,111.4,123.9,library,5459748.900000038,2e-05
1,Bundoora,37,2018.0,6.0,272412.75,2604.24,0.0,13.8,108.97,122.77,library,5459748.900000038,2e-05
1,Bundoora,37,2018.0,7.0,263758.5,2785.73,0.0,14.76,105.5,120.27,library,5459748.900000038,2e-05
1,Bundoora,37,2018.0,8.0,280076.0,2710.19,0.0,14.36,112.03,126.39,library,5459748.900000038,2e-05
1,Bundoora,37,2018.0,9.0,275215.75,2560.83,0.0,13.57,110.09,123.66,library,5459748.900000038,2e-05
1,Bundoora,37,2018.0,10.0,279818.25,2382.62,0.0,12.63,111.93,124.56,library,5459748.900000038,2e-05
1,Bundoora,37,2018.0,11.0,266377.0,2132.46,0.0,11.3,106.55,117.85,library,5459748.900000038,2e-05
1,Bundoora,37,2018.0,12.0,261324.5,1222.6,0.0,6.48,104.53,111.01,library,5459748.900000038,2e-05
1,Bundoora,37,2019.0,1.0,265667.5,1094.41,0.0,5.8,106.27,112.07,library,5459748.900000038,2e-05
1,Bundoora,37,2019.0,2.0,239441.0,1563.56,0.0,8.29,95.78,104.06,library,5459748.900000038,2e-05
1,Bundoora,37,2019.0,3.0,251811.5,1868.72,0.0,9.9,100.72,110.63,library,5459748.900000038,2e-05
1,Bundoora,37,2019.0,4.0,263168.5,2016.99,0.0,10.69,105.27,115.96,library,5459748.900000038,2e-05
1,Bundoora,37,2019.0,5.0,278841.0,2383.15,0.0,12.63,111.54,124.17,library,5459748.900000038,2e-05
1,Bundoora,37,2019.0,6.0,266153.5,2467.31,0.0,13.08,106.46,119.54,library,5459748.900000038,2e-05
1,Bundoora,37,2019.0,7.0,230026.0,2590.48,0.0,13.73,92.01,105.74,library,5459748.900000038,2e-05
1,Bundoora,37,2019.0,8.0,245190.5,2623.7,0.0,13.91,98.08,111.98,library,5459748.900000038,2e-05
1,Bundoora,37,2019.0,9.0,253585.0,2317.67,0.0,12.28,101.43,113.72,library,5459748.900000038,2e-05
1,Bundoora,37,2019.0,10.0,250498.5,2134.21,0.0,11.31,100.2,111.51,library,5459748.900000038,2e-05
1,Bundoora,37,2019.0,11.0,243912.5,1825.57,0.0,9.68,97.56,107.24,library,5459748.900000038,2e-05
1,Bundoora,37,2019.0,12.0,261904.5,1006.65,0.0,5.34,104.76,110.1,library,5459748.900000038,2e-05
1,Bundoora,37,2020.0,1.0,239964.5,0.0,0.0,0.0,95.99,95.99,library,5459748.900000038,2e-05
1,Bundoora,37,2020.0,2.0,230634.0,0.0,0.0,0.0,92.25,92.25,library,5459748.900000038,2e-05
1,Bundoora,37,2020.0,3.0,228534.5,0.0,0.0,0.0,91.41,91.41,library,5459748.900000038,2e-05
1,Bundoora,37,2020.0,4.0,54334.0,0.0,0.0,0.0,21.73,21.73,library,5459748.900000038,0.0
1,Bundoora,37,2020.0,5.0,65928.28,0.0,0.0,0.0,26.37,26.37,library,5459748.900000038,0.0
1,Bundoora,37,2020.0,6.0,69651.21,0.0,0.0,0.0,27.86,27.86,library,5459748.900000038,1e-05
1,Bundoora,37,2020.0,7.0,117063.63,0.0,0.0,0.0,46.83,46.83,library,5459748.900000038,1e-05
1,Bundoora,37,2020.0,8.0,92680.29,0.0,0.0,0.0,37.07,37.07,library,5459748.900000038,1e-05
1,Bundoora,37,2020.0,9.0,103473.65,0.0,0.0,0.0,41.39,41.39,library,5459748.900000038,1e-05
1,Bundoora,37,2020.0,10.0,125116.53,0.0,0.0,0.0,50.05,50.05,library,5459748.900000038,1e-05
1,Bundoora,37,2020.0,11.0,139023.39,0.0,0.0,0.0,55.61,55.61,library,5459748.900000038,1e-05
1,Bundoora,37,2020.0,12.0,160832.0,0.0,0.0,0.0,64.33,64.33,library,5459748.900000038,1e-05
1,Bundoora,37,2021.0,1.0,115371.13,1389.5,81625.8,7.36,46.15,53.51,library,5459748.900000038,1e-05
1,Bundoora,37,2021.0,2.0,139833.47,1659.34,83242.34,8.79,55.93,64.73,library,5459748.900000038,1e-05
1,Bundoora,37,2021.0,3.0,145812.0,1755.94,82986.65,9.31,58.32,67.63,library,5459748.900000038,1e-05
1,Bundoora,37,2021.0,4.0,122754.19,1922.1,84439.33,10.19,49.1,59.29,library,5459748.900000038,1e-05
1,Bundoora,37,2021.0,5.0,138588.66,2141.49,84800.2,11.35,55.44,66.79,library,5459748.900000038,1e-05
1,Bundoora,37,2021.0,6.0,111216.63,2067.05,85254.2,10.96,44.49,55.44,library,5459748.900000038,1e-05
1,Bundoora,37,2021.0,7.0,111364.13,2222.74,85745.18,11.78,44.55,56.33,library,5459748.900000038,1e-05
1,Bundoora,37,2021.0,8.0,135380.24,2013.03,86232.48,10.67,54.15,64.82,library,5459748.900000038,1e-05
1,Bundoora,37,2021.0,9.0,121000.24,1888.3,87264.87,10.01,48.4,58.41,library,5459748.900000038,1e-05
1,Bundoora,37,2021.0,10.0,126879.58,1792.8,595667.69,9.5,50.75,60.25,library,5459748.900000038,1e-05
1,Bundoora,37,2021.0,11.0,116850.77,1773.18,572691.72,9.4,46.74,56.14,library,5459748.900000038,1e-05
1,Bundoora,37,2021.0,12.0,129974.91,1153.1,852249.28,6.11,51.99,58.1,library,5459748.900000038,1e-05
1,Bundoora,37,2022.0,1.0,120901.28,0.0,971880.25,0.0,48.36,48.36,library,5459748.900000038,1e-05
1,Bundoora,37,2022.0,2.0,125887.16,0.0,973348.86,0.0,50.35,50.35,library,5459748.900000038,1e-05
1,Bundoora,37,2022.0,3.0,152351.5,0.0,707158.17,0.0,60.94,60.94,library,5459748.900000038,1e-05
1,Bundoora,37,2022.0,4.0,151751.19,0.0,145129.92,0.0,60.7,60.7,library,5459748.900000038,1e-05
1,Bundoora,38,2018.0,1.0,170855.06,0.0,0.0,0.0,68.34,68.34,mixed use,4573541.699999976,1e-05
1,Bundoora,38,2018.0,2.0,179493.88,0.0,0.0,0.0,71.8,71.8,mixed use,4573541.699999976,2e-05
1,Bundoora,38,2018.0,3.0,200256.25,0.0,0.0,0.0,80.1,80.1,mixed use,4573541.699999976,2e-05
1,Bundoora,38,2018.0,4.0,192168.88,0.0,0.0,0.0,76.87,76.87,mixed use,4573541.699999976,2e-05
1,Bundoora,38,2018.0,5.0,195275.5,1975.75,0.0,10.47,78.11,88.58,mixed use,4573541.699999976,2e-05
1,Bundoora,38,2018.0,6.0,165556.88,2181.53,0.0,11.56,66.22,77.78,mixed use,4573541.699999976,2e-05
1,Bundoora,38,2018.0,7.0,178017.13,2333.56,0.0,12.37,71.21,83.57,mixed use,4573541.699999976,2e-05
1,Bundoora,38,2018.0,8.0,185318.0,2270.28,0.0,12.03,74.13,86.16,mixed use,4573541.699999976,2e-05
1,Bundoora,38,2018.0,9.0,175181.0,2145.17,0.0,11.37,70.07,81.44,mixed use,4573541.699999976,2e-05
1,Bundoora,38,2018.0,10.0,198074.75,1995.88,0.0,10.58,79.23,89.81,mixed use,4573541.699999976,2e-05
1,Bundoora,38,2018.0,11.0,188594.75,1786.32,0.0,9.47,75.44,84.91,mixed use,4573541.699999976,2e-05
1,Bundoora,38,2018.0,12.0,207054.0,1024.15,0.0,5.43,82.82,88.25,mixed use,4573541.699999976,2e-05
1,Bundoora,38,2019.0,1.0,196939.5,916.77,0.0,4.86,78.78,83.63,mixed use,4573541.699999976,2e-05
1,Bundoora,38,2019.0,2.0,191830.75,1309.77,0.0,6.94,76.73,83.67,mixed use,4573541.699999976,2e-05
1,Bundoora,38,2019.0,3.0,215255.75,1565.39,0.0,8.3,86.1,94.4,mixed use,4573541.699999976,2e-05
1,Bundoora,38,2019.0,4.0,181352.0,1689.6,0.0,8.95,72.54,81.5,mixed use,4573541.699999976,2e-05
1,Bundoora,38,2019.0,5.0,208142.5,1996.32,0.0,10.58,83.26,93.84,mixed use,4573541.699999976,2e-05
1,Bundoora,38,2019.0,6.0,187321.5,2066.83,0.0,10.95,74.93,85.88,mixed use,4573541.699999976,2e-05
1,Bundoora,38,2019.0,7.0,188377.0,2170.0,0.0,11.5,75.35,86.85,mixed use,4573541.699999976,2e-05
1,Bundoora,38,2019.0,8.0,184274.5,2197.83,0.0,11.65,73.71,85.36,mixed use,4573541.699999976,2e-05
1,Bundoora,38,2019.0,9.0,176989.5,1941.48,0.0,10.29,70.8,81.09,mixed use,4573541.699999976,2e-05
1,Bundoora,38,2019.0,10.0,181925.5,1787.79,0.0,9.48,72.77,82.25,mixed use,4573541.699999976,2e-05
1,Bundoora,38,2019.0,11.0,181613.5,1529.25,0.0,8.11,72.65,80.75,mixed use,4573541.699999976,2e-05
1,Bundoora,38,2019.0,12.0,180328.0,843.26,0.0,4.47,72.13,76.6,mixed use,4573541.699999976,2e-05
1,Bundoora,38,2020.0,1.0,183098.5,0.0,0.0,0.0,73.24,73.24,mixed use,4573541.699999976,2e-05
1,Bundoora,38,2020.0,2.0,183991.0,0.0,0.0,0.0,73.6,73.6,mixed use,4573541.699999976,2e-05
1,Bundoora,38,2020.0,3.0,185729.51,0.0,0.0,0.0,74.29,74.29,mixed use,4573541.699999976,2e-05
1,Bundoora,38,2020.0,4.0,150942.61,0.0,0.0,0.0,60.38,60.38,mixed use,4573541.699999976,1e-05
1,Bundoora,38,2020.0,5.0,153519.63,0.0,0.0,0.0,61.41,61.41,mixed use,4573541.699999976,1e-05
1,Bundoora,38,2020.0,6.0,161118.92,0.0,0.0,0.0,64.45,64.45,mixed use,4573541.699999976,1e-05
1,Bundoora,38,2020.0,7.0,152117.48,0.0,0.0,0.0,60.85,60.85,mixed use,4573541.699999976,1e-05
1,Bundoora,38,2020.0,8.0,161112.66,0.0,0.0,0.0,64.45,64.45,mixed use,4573541.699999976,1e-05
1,Bundoora,38,2020.0,9.0,128910.18,0.0,0.0,0.0,51.56,51.56,mixed use,4573541.699999976,1e-05
1,Bundoora,38,2020.0,10.0,166810.84,0.0,0.0,0.0,66.72,66.72,mixed use,4573541.699999976,1e-05
1,Bundoora,38,2020.0,11.0,168828.46,0.0,0.0,0.0,67.53,67.53,mixed use,4573541.699999976,1e-05
1,Bundoora,38,2020.0,12.0,173020.54,0.0,0.0,0.0,69.21,69.21,mixed use,4573541.699999976,2e-05
1,Bundoora,38,2021.0,1.0,182358.11,1163.96,68376.59,6.17,72.94,79.11,mixed use,4573541.699999976,2e-05
1,Bundoora,38,2021.0,2.0,149521.74,1390.0,69730.74,7.37,59.81,67.18,mixed use,4573541.699999976,1e-05
1,Bundoora,38,2021.0,3.0,166262.95,1470.92,69516.55,7.8,66.51,74.3,mixed use,4573541.699999976,2e-05
1,Bundoora,38,2021.0,4.0,158024.71,1610.11,70733.44,8.53,63.21,71.74,mixed use,4573541.699999976,2e-05
1,Bundoora,38,2021.0,5.0,150647.2,1793.89,71035.73,9.51,60.26,69.77,mixed use,4573541.699999976,2e-05
1,Bundoora,38,2021.0,6.0,128228.81,1731.53,71416.04,9.18,51.29,60.47,mixed use,4573541.699999976,1e-05
1,Bundoora,38,2021.0,7.0,141197.38,1861.95,71827.33,9.87,56.48,66.35,mixed use,4573541.699999976,1e-05
1,Bundoora,38,2021.0,8.0,151176.8,1686.28,72235.53,8.94,60.47,69.41,mixed use,4573541.699999976,2e-05
1,Bundoora,38,2021.0,9.0,147049.84,1581.8,73100.35,8.38,58.82,67.2,mixed use,4573541.699999976,1e-05
1,Bundoora,38,2021.0,10.0,143843.29,1501.8,498981.01,7.96,57.54,65.5,mixed use,4573541.699999976,1e-05
1,Bundoora,38,2021.0,11.0,145653.82,1485.37,479734.42,7.87,58.26,66.13,mixed use,4573541.699999976,1e-05
1,Bundoora,38,2021.0,12.0,152582.24,965.93,713915.18,5.12,61.03,66.15,mixed use,4573541.699999976,1e-05
1,Bundoora,38,2022.0,1.0,168138.92,0.0,814128.08,0.0,67.26,67.26,mixed use,4573541.699999976,1e-05
1,Bundoora,38,2022.0,2.0,149193.64,0.0,815358.3,0.0,59.68,59.68,mixed use,4573541.699999976,1e-05
1,Bundoora,38,2022.0,3.0,154471.24,0.0,592374.75,0.0,61.79,61.79,mixed use,4573541.699999976,1e-05
1,Bundoora,38,2022.0,4.0,151531.3,0.0,121572.94,0.0,60.61,60.61,mixed use,4573541.699999976,1e-05
1,Bundoora,39,2018.0,1.0,105415.13,0.0,0.0,0.0,42.17,42.17,teaching,1356939.4800000023,3e-05
1,Bundoora,39,2018.0,2.0,97560.75,0.0,0.0,0.0,39.02,39.02,teaching,1356939.4800000023,3e-05
1,Bundoora,39,2018.0,3.0,108653.13,0.0,0.0,0.0,43.46,43.46,teaching,1356939.4800000023,3e-05
1,Bundoora,39,2018.0,4.0,105011.75,0.0,0.0,0.0,42.0,42.0,teaching,1356939.4800000023,3e-05
1,Bundoora,39,2018.0,5.0,107516.25,586.19,0.0,3.11,43.01,46.11,teaching,1356939.4800000023,3e-05
1,Bundoora,39,2018.0,6.0,98390.88,647.25,0.0,3.43,39.36,42.79,teaching,1356939.4800000023,3e-05
1,Bundoora,39,2018.0,7.0,106509.25,692.35,0.0,3.67,42.6,46.27,teaching,1356939.4800000023,3e-05
1,Bundoora,39,2018.0,8.0,107553.75,673.58,0.0,3.57,43.02,46.59,teaching,1356939.4800000023,3e-05
1,Bundoora,39,2018.0,9.0,103690.0,636.46,0.0,3.37,41.48,44.85,teaching,1356939.4800000023,3e-05
1,Bundoora,39,2018.0,10.0,102100.5,592.16,0.0,3.14,40.84,43.98,teaching,1356939.4800000023,3e-05
1,Bundoora,39,2018.0,11.0,100506.25,529.99,0.0,2.81,40.2,43.01,teaching,1356939.4800000023,3e-05
1,Bundoora,39,2018.0,12.0,96430.5,303.86,0.0,1.61,38.57,40.18,teaching,1356939.4800000023,3e-05
1,Bundoora,39,2019.0,1.0,108265.75,272.0,0.0,1.44,43.31,44.75,teaching,1356939.4800000023,3e-05
1,Bundoora,39,2019.0,2.0,99633.0,388.6,0.0,2.06,39.85,41.91,teaching,1356939.4800000023,3e-05
1,Bundoora,39,2019.0,3.0,115158.75,464.44,0.0,2.46,46.06,48.53,teaching,1356939.4800000023,4e-05
1,Bundoora,39,2019.0,4.0,110409.0,501.29,0.0,2.66,44.16,46.82,teaching,1356939.4800000023,3e-05
1,Bundoora,39,2019.0,5.0,117137.75,592.3,0.0,3.14,46.86,49.99,teaching,1356939.4800000023,4e-05
1,Bundoora,39,2019.0,6.0,112312.75,613.21,0.0,3.25,44.93,48.18,teaching,1356939.4800000023,4e-05
1,Bundoora,39,2019.0,7.0,105582.0,643.82,0.0,3.41,42.23,45.65,teaching,1356939.4800000023,3e-05
1,Bundoora,39,2019.0,8.0,112062.0,652.08,0.0,3.46,44.82,48.28,teaching,1356939.4800000023,4e-05
1,Bundoora,39,2019.0,9.0,109933.25,576.02,0.0,3.05,43.97,47.03,teaching,1356939.4800000023,3e-05
1,Bundoora,39,2019.0,10.0,116611.25,530.43,0.0,2.81,46.64,49.46,teaching,1356939.4800000023,4e-05
1,Bundoora,39,2019.0,11.0,113351.0,453.72,0.0,2.4,45.34,47.75,teaching,1356939.4800000023,4e-05
1,Bundoora,39,2019.0,12.0,114122.5,250.19,0.0,1.33,45.65,46.98,teaching,1356939.4800000023,3e-05
1,Bundoora,39,2020.0,1.0,111446.25,0.0,0.0,0.0,44.58,44.58,teaching,1356939.4800000023,3e-05
1,Bundoora,39,2020.0,2.0,108742.25,0.0,0.0,0.0,43.5,43.5,teaching,1356939.4800000023,3e-05
1,Bundoora,39,2020.0,3.0,115619.0,0.0,0.0,0.0,46.25,46.25,teaching,1356939.4800000023,3e-05
1,Bundoora,39,2020.0,4.0,99646.5,0.0,0.0,0.0,39.86,39.86,teaching,1356939.4800000023,3e-05
1,Bundoora,39,2020.0,5.0,104506.5,0.0,0.0,0.0,41.8,41.8,teaching,1356939.4800000023,3e-05
1,Bundoora,39,2020.0,6.0,102038.5,0.0,0.0,0.0,40.82,40.82,teaching,1356939.4800000023,3e-05
1,Bundoora,39,2020.0,7.0,95133.5,0.0,0.0,0.0,38.05,38.05,teaching,1356939.4800000023,3e-05
1,Bundoora,39,2020.0,8.0,106476.0,0.0,0.0,0.0,42.59,42.59,teaching,1356939.4800000023,3e-05
1,Bundoora,39,2020.0,9.0,102445.0,0.0,0.0,0.0,40.98,40.98,teaching,1356939.4800000023,3e-05
1,Bundoora,39,2020.0,10.0,107488.0,0.0,0.0,0.0,43.0,43.0,teaching,1356939.4800000023,3e-05
1,Bundoora,39,2020.0,11.0,107571.0,0.0,0.0,0.0,43.03,43.03,teaching,1356939.4800000023,3e-05
1,Bundoora,39,2020.0,12.0,108611.5,0.0,0.0,0.0,43.44,43.44,teaching,1356939.4800000023,3e-05
1,Bundoora,39,2021.0,1.0,110910.0,345.34,20286.88,1.83,44.36,46.19,teaching,1356939.4800000023,3e-05
1,Bundoora,39,2021.0,2.0,105250.5,412.4,20688.65,2.19,42.1,44.29,teaching,1356939.4800000023,3e-05
1,Bundoora,39,2021.0,3.0,116197.5,436.41,20625.1,2.31,46.48,48.79,teaching,1356939.4800000023,4e-05
1,Bundoora,39,2021.0,4.0,105745.0,477.71,20986.14,2.53,42.3,44.83,teaching,1356939.4800000023,3e-05
1,Bundoora,39,2021.0,5.0,106824.0,532.24,21075.83,2.82,42.73,45.55,teaching,1356939.4800000023,3e-05
1,Bundoora,39,2021.0,6.0,102509.5,513.73,21188.66,2.72,41.0,43.73,teaching,1356939.4800000023,3e-05
1,Bundoora,39,2021.0,7.0,108510.5,552.43,21310.69,2.93,43.4,46.33,teaching,1356939.4800000023,3e-05
1,Bundoora,39,2021.0,8.0,114931.5,500.31,21431.8,2.65,45.97,48.62,teaching,1356939.4800000023,4e-05
1,Bundoora,39,2021.0,9.0,110493.5,469.31,21688.39,2.49,44.2,46.68,teaching,1356939.4800000023,3e-05
1,Bundoora,39,2021.0,10.0,115384.0,445.57,148044.36,2.36,46.15,48.52,teaching,1356939.4800000023,4e-05
1,Bundoora,39,2021.0,11.0,105310.5,440.7,142334.02,2.34,42.12,44.46,teaching,1356939.4800000023,3e-05
1,Bundoora,39,2021.0,12.0,105299.0,286.59,211813.9,1.52,42.12,43.64,teaching,1356939.4800000023,3e-05
1,Bundoora,39,2022.0,1.0,105177.0,0.0,241546.4,0.0,42.07,42.07,teaching,1356939.4800000023,3e-05
1,Bundoora,39,2022.0,2.0,96172.0,0.0,241911.4,0.0,38.47,38.47,teaching,1356939.4800000023,3e-05
1,Bundoora,39,2022.0,3.0,98118.0,0.0,175753.66,0.0,39.25,39.25,teaching,1356939.4800000023,3e-05
1,Bundoora,39,2022.0,4.0,104138.0,0.0,36069.88,0.0,41.66,41.66,teaching,1356939.4800000023,3e-05
1,Bundoora,40,2018.0,1.0,115777.75,0.0,0.0,0.0,46.31,46.31,other,2849674.200000011,2e-05
1,Bundoora,40,2018.0,2.0,106398.13,0.0,0.0,0.0,42.56,42.56,other,2849674.200000011,1e-05
1,Bundoora,40,2018.0,3.0,108704.5,0.0,0.0,0.0,43.48,43.48,other,2849674.200000011,2e-05
1,Bundoora,40,2018.0,4.0,98945.25,0.0,0.0,0.0,39.58,39.58,other,2849674.200000011,1e-05
1,Bundoora,40,2018.0,5.0,92047.13,1231.04,0.0,6.52,36.82,43.34,other,2849674.200000011,2e-05
1,Bundoora,40,2018.0,6.0,80280.0,1359.26,0.0,7.2,32.11,39.32,other,2849674.200000011,1e-05
1,Bundoora,40,2018.0,7.0,75118.38,1453.99,0.0,7.71,30.05,37.75,other,2849674.200000011,1e-05
1,Bundoora,40,2018.0,8.0,70179.5,1414.56,0.0,7.5,28.07,35.57,other,2849674.200000011,1e-05
1,Bundoora,40,2018.0,9.0,69938.75,1336.61,0.0,7.08,27.98,35.06,other,2849674.200000011,1e-05
1,Bundoora,40,2018.0,10.0,80201.0,1243.59,0.0,6.59,32.08,38.67,other,2849674.200000011,1e-05
1,Bundoora,40,2018.0,11.0,83831.0,1113.02,0.0,5.9,33.53,39.43,other,2849674.200000011,1e-05
1,Bundoora,40,2018.0,12.0,96193.25,638.13,0.0,3.38,38.48,41.86,other,2849674.200000011,1e-05
1,Bundoora,40,2019.0,1.0,98607.25,571.22,0.0,3.03,39.44,42.47,other,2849674.200000011,1e-05
1,Bundoora,40,2019.0,2.0,94922.25,816.09,0.0,4.33,37.97,42.29,other,2849674.200000011,1e-05
1,Bundoora,40,2019.0,3.0,100443.0,975.36,0.0,5.17,40.18,45.35,other,2849674.200000011,2e-05
1,Bundoora,40,2019.0,4.0,87375.5,1052.75,0.0,5.58,34.95,40.53,other,2849674.200000011,1e-05
1,Bundoora,40,2019.0,5.0,91737.25,1243.86,0.0,6.59,36.69,43.29,other,2849674.200000011,2e-05
1,Bundoora,40,2019.0,6.0,70595.25,1287.8,0.0,6.83,28.24,35.06,other,2849674.200000011,1e-05
1,Bundoora,40,2019.0,7.0,62802.0,1352.08,0.0,7.17,25.12,32.29,other,2849674.200000011,1e-05
1,Bundoora,40,2019.0,8.0,62845.0,1369.42,0.0,7.26,25.14,32.4,other,2849674.200000011,1e-05
1,Bundoora,40,2019.0,9.0,65362.75,1209.69,0.0,6.41,26.15,32.56,other,2849674.200000011,1e-05
1,Bundoora,40,2019.0,10.0,75136.75,1113.93,0.0,5.9,30.05,35.96,other,2849674.200000011,1e-05
1,Bundoora,40,2019.0,11.0,72960.0,952.84,0.0,5.05,29.18,34.23,other,2849674.200000011,1e-05
1,Bundoora,40,2019.0,12.0,82267.5,525.42,0.0,2.78,32.91,35.69,other,2849674.200000011,1e-05
1,Bundoora,40,2020.0,1.0,83649.5,0.0,0.0,0.0,33.46,33.46,other,2849674.200000011,1e-05
1,Bundoora,40,2020.0,2.0,84423.5,0.0,0.0,0.0,33.77,33.77,other,2849674.200000011,1e-05
1,Bundoora,40,2020.0,3.0,86568.0,0.0,0.0,0.0,34.63,34.63,other,2849674.200000011,1e-05
1,Bundoora,40,2020.0,4.0,64197.5,0.0,0.0,0.0,25.68,25.68,other,2849674.200000011,1e-05
1,Bundoora,40,2020.0,5.0,53886.5,0.0,0.0,0.0,21.55,21.55,other,2849674.200000011,1e-05
1,Bundoora,40,2020.0,6.0,47702.5,0.0,0.0,0.0,19.08,19.08,other,2849674.200000011,1e-05
1,Bundoora,40,2020.0,7.0,51692.75,0.0,0.0,0.0,20.68,20.68,other,2849674.200000011,1e-05
1,Bundoora,40,2020.0,8.0,63572.5,0.0,0.0,0.0,25.43,25.43,other,2849674.200000011,1e-05
1,Bundoora,40,2020.0,9.0,61841.0,0.0,0.0,0.0,24.74,24.74,other,2849674.200000011,1e-05
1,Bundoora,40,2020.0,10.0,78688.75,0.0,0.0,0.0,31.48,31.48,other,2849674.200000011,1e-05
1,Bundoora,40,2020.0,11.0,80821.5,0.0,0.0,0.0,32.33,32.33,other,2849674.200000011,1e-05
1,Bundoora,40,2020.0,12.0,79183.5,0.0,0.0,0.0,31.67,31.67,other,2849674.200000011,1e-05
1,Bundoora,40,2021.0,1.0,83425.5,725.24,42603.96,3.84,33.37,37.21,other,2849674.200000011,1e-05
1,Bundoora,40,2021.0,2.0,24600.5,866.08,43447.7,4.59,9.84,14.43,other,2849674.200000011,1e-05
1,Bundoora,41,2019.0,11.0,2028.91,5.67,0.0,0.03,0.81,0.84,teaching,16967.0,5e-05
1,Bundoora,41,2019.0,12.0,9808.24,3.13,0.0,0.02,3.92,3.94,teaching,16967.0,0.00023
1,Bundoora,41,2020.0,1.0,6305.93,0.0,0.0,0.0,2.52,2.52,teaching,16967.0,0.00015
1,Bundoora,41,2020.0,2.0,7138.06,0.0,0.0,0.0,2.86,2.86,teaching,16967.0,0.00017
1,Bundoora,41,2020.0,3.0,8005.32,0.0,0.0,0.0,3.2,3.2,teaching,16967.0,0.00019
1,Bundoora,41,2020.0,4.0,4634.59,0.0,0.0,0.0,1.85,1.85,teaching,16967.0,0.00011
1,Bundoora,41,2020.0,5.0,3530.56,0.0,0.0,0.0,1.41,1.41,teaching,16967.0,8e-05
1,Bundoora,41,2020.0,6.0,8439.32,0.0,0.0,0.0,3.38,3.38,teaching,16967.0,0.0002
1,Bundoora,41,2020.0,7.0,9643.29,0.0,0.0,0.0,3.86,3.86,teaching,16967.0,0.00023
1,Bundoora,41,2020.0,8.0,7816.96,0.0,0.0,0.0,3.13,3.13,teaching,16967.0,0.00018
1,Bundoora,41,2020.0,9.0,20131.78,0.0,0.0,0.0,8.05,8.05,teaching,16967.0,0.00047
1,Bundoora,41,2020.0,10.0,19628.64,0.0,0.0,0.0,7.85,7.85,teaching,16967.0,0.00046
1,Bundoora,41,2020.0,11.0,23558.11,0.0,0.0,0.0,9.42,9.42,teaching,16967.0,0.00056
1,Bundoora,41,2020.0,12.0,26487.92,0.0,0.0,0.0,10.6,10.6,teaching,16967.0,0.00062
1,Bundoora,41,2021.0,1.0,36551.88,4.32,253.66,0.02,14.62,14.64,teaching,16967.0,0.00086
1,Bundoora,41,2021.0,2.0,32405.23,5.16,258.69,0.03,12.96,12.99,teaching,16967.0,0.00077
1,Bundoora,41,2021.0,3.0,52825.13,5.46,257.89,0.03,21.13,21.16,teaching,16967.0,0.00125
1,Bundoora,41,2021.0,4.0,65520.11,5.97,262.41,0.03,26.21,26.24,teaching,16967.0,0.00155
1,Bundoora,41,2021.0,5.0,62602.24,6.66,263.53,0.04,25.04,25.08,teaching,16967.0,0.00148
1,Bundoora,41,2021.0,6.0,39195.39,6.42,264.94,0.03,15.68,15.71,teaching,16967.0,0.00093
1,Bundoora,41,2021.0,7.0,47826.15,6.91,266.47,0.04,19.13,19.17,teaching,16967.0,0.00113
1,Bundoora,41,2021.0,8.0,28200.29,6.26,267.98,0.03,11.28,11.31,teaching,16967.0,0.00067
1,Bundoora,41,2021.0,9.0,24241.74,5.87,271.19,0.03,9.7,9.73,teaching,16967.0,0.00057
1,Bundoora,41,2021.0,10.0,21027.04,5.57,1851.13,0.03,8.41,8.44,teaching,16967.0,0.0005
1,Bundoora,41,2021.0,11.0,14915.0,5.51,1779.73,0.03,5.97,6.0,teaching,16967.0,0.00035
1,Bundoora,42,2018.0,1.0,2189.17,0.0,0.0,0.0,0.88,0.88,office,4249.980000000001,0.00021
1,Bundoora,42,2018.0,2.0,2008.34,0.0,0.0,0.0,0.8,0.8,office,4249.980000000001,0.00019
1,Bundoora,42,2018.0,3.0,2501.58,0.0,0.0,0.0,1.0,1.0,office,4249.980000000001,0.00024
1,Bundoora,42,2018.0,4.0,2129.42,0.0,0.0,0.0,0.85,0.85,office,4249.980000000001,0.0002
1,Bundoora,42,2018.0,5.0,2822.03,1.84,0.0,0.01,1.13,1.14,office,4249.980000000001,0.00027
1,Bundoora,42,2018.0,6.0,3404.44,2.03,0.0,0.01,1.36,1.37,office,4249.980000000001,0.00032
1,Bundoora,42,2018.0,7.0,2946.96,2.17,0.0,0.01,1.18,1.19,office,4249.980000000001,0.00028
1,Bundoora,42,2018.0,8.0,3422.05,2.11,0.0,0.01,1.37,1.38,office,4249.980000000001,0.00032
1,Bundoora,42,2018.0,9.0,3057.97,1.99,0.0,0.01,1.22,1.23,office,4249.980000000001,0.00029
1,Bundoora,42,2018.0,10.0,3183.47,1.85,0.0,0.01,1.27,1.28,office,4249.980000000001,0.0003
1,Bundoora,42,2018.0,11.0,2912.24,1.66,0.0,0.01,1.16,1.17,office,4249.980000000001,0.00028
1,Bundoora,42,2018.0,12.0,2306.57,0.95,0.0,0.01,0.92,0.93,office,4249.980000000001,0.00022
1,Bundoora,42,2019.0,1.0,2635.59,0.85,0.0,0.0,1.05,1.06,office,4249.980000000001,0.00025
1,Bundoora,42,2019.0,2.0,2694.3,1.22,0.0,0.01,1.08,1.08,office,4249.980000000001,0.00025
1,Bundoora,42,2019.0,3.0,2811.38,1.45,0.0,0.01,1.12,1.13,office,4249.980000000001,0.00027
1,Bundoora,42,2019.0,4.0,2833.93,1.57,0.0,0.01,1.13,1.14,office,4249.980000000001,0.00027
1,Bundoora,42,2019.0,5.0,3323.97,1.86,0.0,0.01,1.33,1.34,office,4249.980000000001,0.00032
1,Bundoora,42,2019.0,6.0,3440.68,1.92,0.0,0.01,1.38,1.39,office,4249.980000000001,0.00033
1,Bundoora,42,2019.0,7.0,3637.46,2.02,0.0,0.01,1.45,1.47,office,4249.980000000001,0.00035
1,Bundoora,42,2019.0,8.0,3368.26,2.04,0.0,0.01,1.35,1.36,office,4249.980000000001,0.00032
1,Bundoora,42,2019.0,9.0,2815.38,1.8,0.0,0.01,1.13,1.14,office,4249.980000000001,0.00027
1,Bundoora,42,2019.0,10.0,2536.87,1.66,0.0,0.01,1.01,1.02,office,4249.980000000001,0.00024
1,Bundoora,42,2019.0,11.0,2594.93,1.42,0.0,0.01,1.04,1.05,office,4249.980000000001,0.00025
1,Bundoora,42,2019.0,12.0,2159.68,0.78,0.0,0.0,0.86,0.87,office,4249.980000000001,0.0002
1,Bundoora,42,2020.0,1.0,1962.5,0.0,0.0,0.0,0.78,0.78,office,4249.980000000001,0.00018
1,Bundoora,42,2020.0,2.0,2255.58,0.0,0.0,0.0,0.9,0.9,office,4249.980000000001,0.00021
1,Bundoora,42,2020.0,3.0,2206.09,0.0,0.0,0.0,0.88,0.88,office,4249.980000000001,0.00021
1,Bundoora,42,2020.0,4.0,1816.3,0.0,0.0,0.0,0.73,0.73,office,4249.980000000001,0.00017
1,Bundoora,42,2020.0,5.0,2055.72,0.0,0.0,0.0,0.82,0.82,office,4249.980000000001,0.00019
1,Bundoora,42,2020.0,6.0,2530.02,0.0,0.0,0.0,1.01,1.01,office,4249.980000000001,0.00024
1,Bundoora,42,2020.0,7.0,2350.26,0.0,0.0,0.0,0.94,0.94,office,4249.980000000001,0.00022
1,Bundoora,42,2020.0,8.0,2513.57,0.0,0.0,0.0,1.01,1.01,office,4249.980000000001,0.00024
1,Bundoora,42,2020.0,9.0,2410.19,0.0,0.0,0.0,0.96,0.96,office,4249.980000000001,0.00023
1,Bundoora,42,2020.0,10.0,2208.8,0.0,0.0,0.0,0.88,0.88,office,4249.980000000001,0.00021
1,Bundoora,42,2020.0,11.0,2346.99,0.0,0.0,0.0,0.94,0.94,office,4249.980000000001,0.00022
1,Bundoora,42,2020.0,12.0,2401.79,0.0,0.0,0.0,0.96,0.96,office,4249.980000000001,0.00023
1,Bundoora,42,2021.0,1.0,2502.04,1.08,63.54,0.01,1.0,1.01,office,4249.980000000001,0.00024
1,Bundoora,42,2021.0,2.0,2528.13,1.29,64.8,0.01,1.01,1.02,office,4249.980000000001,0.00024
1,Bundoora,42,2021.0,3.0,3182.72,1.37,64.6,0.01,1.27,1.28,office,4249.980000000001,0.0003
1,Bundoora,42,2021.0,4.0,2756.12,1.5,65.73,0.01,1.1,1.11,office,4249.980000000001,0.00026
1,Bundoora,42,2021.0,5.0,2599.09,1.67,66.01,0.01,1.04,1.05,office,4249.980000000001,0.00025
1,Bundoora,42,2021.0,6.0,2336.68,1.61,66.36,0.01,0.93,0.94,office,4249.980000000001,0.00022
1,Bundoora,42,2021.0,7.0,2386.4,1.73,66.75,0.01,0.95,0.96,office,4249.980000000001,0.00023
1,Bundoora,42,2021.0,8.0,3312.91,1.57,67.13,0.01,1.33,1.33,office,4249.980000000001,0.00031
1,Bundoora,42,2021.0,9.0,3241.11,1.47,67.93,0.01,1.3,1.3,office,4249.980000000001,0.00031
1,Bundoora,42,2021.0,10.0,2748.23,1.4,463.68,0.01,1.1,1.11,office,4249.980000000001,0.00026
1,Bundoora,42,2021.0,11.0,2244.25,1.38,445.79,0.01,0.9,0.91,office,4249.980000000001,0.00021
1,Bundoora,42,2021.0,12.0,2124.39,0.9,663.41,0.0,0.85,0.85,office,4249.980000000001,0.0002
1,Bundoora,42,2022.0,1.0,2157.08,0.0,756.53,0.0,0.86,0.86,office,4249.980000000001,0.0002
1,Bundoora,42,2022.0,2.0,2287.08,0.0,757.67,0.0,0.91,0.91,office,4249.980000000001,0.00021
1,Bundoora,42,2022.0,3.0,2810.15,0.0,550.47,0.0,1.12,1.12,office,4249.980000000001,0.00026
1,Bundoora,42,2022.0,4.0,2779.51,0.0,112.97,0.0,1.11,1.11,office,4249.980000000001,0.00026
1,Bundoora,43,2018.0,1.0,9575.1,0.0,0.0,0.0,3.83,3.83,other,,0.0
1,Bundoora,43,2018.0,2.0,14488.18,0.0,0.0,0.0,5.8,5.8,other,,0.0
1,Bundoora,43,2018.0,3.0,17638.31,0.0,0.0,0.0,7.06,7.06,other,,0.0
1,Bundoora,43,2018.0,4.0,17051.36,0.0,0.0,0.0,6.82,6.82,other,,0.0
1,Bundoora,43,2018.0,5.0,18630.19,0.0,0.0,0.0,7.45,7.45,other,,0.0
1,Bundoora,43,2018.0,6.0,17805.28,0.0,0.0,0.0,7.12,7.12,other,,0.0
1,Bundoora,43,2018.0,7.0,17023.4,0.0,0.0,0.0,6.81,6.81,other,,0.0
1,Bundoora,43,2018.0,8.0,17935.09,0.0,0.0,0.0,7.17,7.17,other,,0.0
1,Bundoora,43,2018.0,9.0,16758.35,0.0,0.0,0.0,6.7,6.7,other,,0.0
1,Bundoora,43,2018.0,10.0,15675.88,0.0,0.0,0.0,6.27,6.27,other,,0.0
1,Bundoora,43,2018.0,11.0,15688.91,0.0,0.0,0.0,6.28,6.28,other,,0.0
1,Bundoora,43,2018.0,12.0,16308.87,0.0,0.0,0.0,6.52,6.52,other,,0.0
1,Bundoora,43,2019.0,1.0,15342.15,0.0,0.0,0.0,6.14,6.14,other,,0.0
1,Bundoora,43,2019.0,2.0,14897.87,0.0,0.0,0.0,5.96,5.96,other,,0.0
1,Bundoora,43,2019.0,3.0,16975.73,0.0,0.0,0.0,6.79,6.79,other,,0.0
1,Bundoora,43,2019.0,4.0,16670.84,0.0,0.0,0.0,6.67,6.67,other,,0.0
1,Bundoora,43,2019.0,5.0,14730.31,0.0,0.0,0.0,5.89,5.89,other,,0.0
1,Bundoora,43,2019.0,6.0,15219.69,0.0,0.0,0.0,6.09,6.09,other,,0.0
1,Bundoora,43,2019.0,7.0,14859.34,0.0,0.0,0.0,5.94,5.94,other,,0.0
1,Bundoora,43,2019.0,8.0,16293.44,0.0,0.0,0.0,6.52,6.52,other,,0.0
1,Bundoora,43,2019.0,9.0,14203.59,0.0,0.0,0.0,5.68,5.68,other,,0.0
1,Bundoora,43,2019.0,10.0,13571.84,0.0,0.0,0.0,5.43,5.43,other,,0.0
1,Bundoora,43,2019.0,11.0,16637.91,0.0,0.0,0.0,6.66,6.66,other,,0.0
1,Bundoora,43,2019.0,12.0,14177.88,0.0,0.0,0.0,5.67,5.67,other,,0.0
1,Bundoora,43,2020.0,1.0,14631.56,0.0,0.0,0.0,5.85,5.85,other,,0.0
1,Bundoora,43,2020.0,2.0,12787.03,0.0,0.0,0.0,5.11,5.11,other,,0.0
1,Bundoora,43,2020.0,3.0,16030.81,0.0,0.0,0.0,6.41,6.41,other,,0.0
1,Bundoora,43,2020.0,4.0,14239.09,0.0,0.0,0.0,5.7,5.7,other,,0.0
1,Bundoora,43,2020.0,5.0,15904.31,0.0,0.0,0.0,6.36,6.36,other,,0.0
1,Bundoora,43,2020.0,6.0,15149.75,0.0,0.0,0.0,6.06,6.06,other,,0.0
1,Bundoora,43,2020.0,7.0,15121.69,0.0,0.0,0.0,6.05,6.05,other,,0.0
1,Bundoora,43,2020.0,8.0,14463.06,0.0,0.0,0.0,5.79,5.79,other,,0.0
1,Bundoora,43,2020.0,9.0,12435.84,0.0,0.0,0.0,4.97,4.97,other,,0.0
1,Bundoora,43,2020.0,10.0,13113.38,0.0,0.0,0.0,5.25,5.25,other,,0.0
1,Bundoora,43,2020.0,11.0,11902.5,0.0,0.0,0.0,4.76,4.76,other,,0.0
1,Bundoora,43,2020.0,12.0,12867.5,0.0,0.0,0.0,5.15,5.15,other,,0.0
1,Bundoora,43,2021.0,1.0,13869.69,0.0,0.0,0.0,5.55,5.55,other,,0.0
1,Bundoora,43,2021.0,2.0,9974.25,0.0,0.0,0.0,3.99,3.99,other,,0.0
1,Bundoora,43,2021.0,3.0,11005.13,0.0,0.0,0.0,4.4,4.4,other,,0.0
1,Bundoora,43,2021.0,4.0,7016.5,0.0,0.0,0.0,2.81,2.81,other,,0.0
1,Bundoora,44,2018.0,1.0,23926.33,0.0,0.0,0.0,9.57,9.57,mixed use,2358137.079999972,0.0
1,Bundoora,44,2018.0,2.0,19407.53,0.0,0.0,0.0,7.76,7.76,mixed use,2358137.079999972,0.0
1,Bundoora,44,2018.0,3.0,20870.16,0.0,0.0,0.0,8.35,8.35,mixed use,2358137.079999972,0.0
1,Bundoora,44,2018.0,4.0,21082.91,0.0,0.0,0.0,8.43,8.43,mixed use,2358137.079999972,0.0
1,Bundoora,44,2018.0,5.0,26368.38,1018.7,0.0,5.4,10.55,15.95,mixed use,2358137.079999972,1e-05
1,Bundoora,44,2018.0,6.0,23877.72,1124.81,0.0,5.96,9.55,15.51,mixed use,2358137.079999972,1e-05
1,Bundoora,44,2018.0,7.0,25504.72,1203.19,0.0,6.38,10.2,16.58,mixed use,2358137.079999972,1e-05
1,Bundoora,44,2018.0,8.0,23848.22,1170.57,0.0,6.2,9.54,15.74,mixed use,2358137.079999972,1e-05
1,Bundoora,44,2018.0,9.0,23295.31,1106.06,0.0,5.86,9.32,15.18,mixed use,2358137.079999972,1e-05
1,Bundoora,44,2018.0,10.0,26979.03,1029.08,0.0,5.45,10.79,16.25,mixed use,2358137.079999972,1e-05
1,Bundoora,44,2018.0,11.0,25922.59,921.04,0.0,4.88,10.37,15.25,mixed use,2358137.079999972,1e-05
1,Bundoora,44,2018.0,12.0,23852.25,528.06,0.0,2.8,9.54,12.34,mixed use,2358137.079999972,1e-05
1,Bundoora,44,2019.0,1.0,23057.25,472.69,0.0,2.51,9.22,11.73,mixed use,2358137.079999972,0.0
1,Bundoora,44,2019.0,2.0,21461.19,675.32,0.0,3.58,8.58,12.16,mixed use,2358137.079999972,1e-05
1,Bundoora,44,2019.0,3.0,22921.25,807.12,0.0,4.28,9.17,13.45,mixed use,2358137.079999972,1e-05
1,Bundoora,44,2019.0,4.0,23004.44,871.17,0.0,4.62,9.2,13.82,mixed use,2358137.079999972,1e-05
1,Bundoora,44,2019.0,5.0,26429.56,1029.31,0.0,5.46,10.57,16.03,mixed use,2358137.079999972,1e-05
1,Bundoora,44,2019.0,6.0,23954.25,1065.67,0.0,5.65,9.58,15.23,mixed use,2358137.079999972,1e-05
1,Bundoora,44,2019.0,7.0,22479.5,1118.86,0.0,5.93,8.99,14.92,mixed use,2358137.079999972,1e-05
1,Bundoora,44,2019.0,8.0,21638.0,1133.21,0.0,6.01,8.66,14.66,mixed use,2358137.079999972,1e-05
1,Bundoora,44,2019.0,9.0,21758.19,1001.03,0.0,5.31,8.7,14.01,mixed use,2358137.079999972,1e-05
1,Bundoora,44,2019.0,10.0,24035.88,921.79,0.0,4.89,9.61,14.5,mixed use,2358137.079999972,1e-05
1,Bundoora,44,2019.0,11.0,23006.44,788.49,0.0,4.18,9.2,13.38,mixed use,2358137.079999972,1e-05
1,Bundoora,44,2019.0,12.0,21472.75,434.79,0.0,2.3,8.59,10.89,mixed use,2358137.079999972,0.0
1,Bundoora,44,2020.0,1.0,22313.88,0.0,0.0,0.0,8.93,8.93,mixed use,2358137.079999972,0.0
1,Bundoora,44,2020.0,2.0,20649.88,0.0,0.0,0.0,8.26,8.26,mixed use,2358137.079999972,0.0
1,Bundoora,44,2020.0,3.0,21896.44,0.0,0.0,0.0,8.76,8.76,mixed use,2358137.079999972,0.0
1,Bundoora,44,2020.0,4.0,14713.31,0.0,0.0,0.0,5.89,5.89,mixed use,2358137.079999972,0.0
1,Bundoora,44,2020.0,5.0,14880.75,0.0,0.0,0.0,5.95,5.95,mixed use,2358137.079999972,0.0
1,Bundoora,44,2020.0,6.0,14636.31,0.0,0.0,0.0,5.85,5.85,mixed use,2358137.079999972,0.0
1,Bundoora,44,2020.0,7.0,10598.25,0.0,0.0,0.0,4.24,4.24,mixed use,2358137.079999972,0.0
1,Bundoora,44,2020.0,8.0,10008.63,0.0,0.0,0.0,4.0,4.0,mixed use,2358137.079999972,0.0
1,Bundoora,44,2020.0,9.0,9316.38,0.0,0.0,0.0,3.73,3.73,mixed use,2358137.079999972,0.0
1,Bundoora,44,2020.0,10.0,13759.06,0.0,0.0,0.0,5.5,5.5,mixed use,2358137.079999972,0.0
1,Bundoora,44,2020.0,11.0,14545.5,0.0,0.0,0.0,5.82,5.82,mixed use,2358137.079999972,0.0
1,Bundoora,44,2020.0,12.0,15657.06,0.0,0.0,0.0,6.26,6.26,mixed use,2358137.079999972,0.0
1,Bundoora,44,2021.0,1.0,16000.5,600.14,35255.25,3.18,6.4,9.58,mixed use,2358137.079999972,0.0
1,Bundoora,44,2021.0,2.0,17966.38,716.69,35953.46,3.8,7.19,10.99,mixed use,2358137.079999972,0.0
1,Bundoora,44,2021.0,3.0,19407.0,758.41,35843.02,4.02,7.76,11.78,mixed use,2358137.079999972,0.0
1,Bundoora,44,2021.0,4.0,18303.75,830.18,36470.45,4.4,7.32,11.72,mixed use,2358137.079999972,0.0
1,Bundoora,44,2021.0,5.0,19571.5,924.94,36626.32,4.9,7.83,12.73,mixed use,2358137.079999972,1e-05
1,Bundoora,44,2021.0,6.0,17657.38,892.79,36822.41,4.73,7.06,11.79,mixed use,2358137.079999972,0.0
1,Bundoora,44,2021.0,7.0,19298.88,960.03,37034.47,5.09,7.72,12.81,mixed use,2358137.079999972,1e-05
1,Bundoora,44,2021.0,8.0,19356.88,869.45,37244.94,4.61,7.74,12.35,mixed use,2358137.079999972,1e-05
1,Bundoora,44,2021.0,9.0,18301.63,815.58,37690.84,4.32,7.32,11.64,mixed use,2358137.079999972,0.0
1,Bundoora,44,2021.0,10.0,18307.38,774.33,257276.68,4.1,7.32,11.43,mixed use,2358137.079999972,0.0
1,Bundoora,44,2021.0,11.0,17120.5,765.86,247353.06,4.06,6.85,10.91,mixed use,2358137.079999972,0.0
1,Bundoora,44,2021.0,12.0,15758.38,498.04,368097.63,2.64,6.3,8.94,mixed use,2358137.079999972,0.0
1,Bundoora,44,2022.0,1.0,15299.75,0.0,419767.81,0.0,6.12,6.12,mixed use,2358137.079999972,0.0
1,Bundoora,44,2022.0,2.0,14891.38,0.0,420402.12,0.0,5.96,5.96,mixed use,2358137.079999972,0.0
1,Bundoora,44,2022.0,3.0,17084.13,0.0,305430.88,0.0,6.83,6.83,mixed use,2358137.079999972,0.0
1,Bundoora,44,2022.0,4.0,16593.75,0.0,62683.51,0.0,6.64,6.64,mixed use,2358137.079999972,0.0
1,Bundoora,45,2018.0,1.0,61259.38,0.0,0.0,0.0,24.5,24.5,other,0.0,0.0
1,Bundoora,45,2018.0,2.0,55249.19,0.0,0.0,0.0,22.1,22.1,other,0.0,0.0
1,Bundoora,45,2018.0,3.0,68974.31,0.0,0.0,0.0,27.59,27.59,other,0.0,0.0
1,Bundoora,45,2018.0,4.0,63799.75,0.0,0.0,0.0,25.52,25.52,other,0.0,0.0
1,Bundoora,45,2018.0,5.0,70606.38,0.0,0.0,0.0,28.24,28.24,other,0.0,0.0
1,Bundoora,45,2018.0,6.0,72470.25,0.0,0.0,0.0,28.99,28.99,other,0.0,0.0
1,Bundoora,45,2018.0,7.0,71263.88,0.0,0.0,0.0,28.51,28.51,other,0.0,0.0
1,Bundoora,45,2018.0,8.0,72983.38,0.0,0.0,0.0,29.19,29.19,other,0.0,0.0
1,Bundoora,45,2018.0,9.0,69363.13,0.0,0.0,0.0,27.75,27.75,other,0.0,0.0
1,Bundoora,45,2018.0,10.0,72247.75,0.0,0.0,0.0,28.9,28.9,other,0.0,0.0
1,Bundoora,45,2018.0,11.0,61896.63,0.0,0.0,0.0,24.76,24.76,other,0.0,0.0
1,Bundoora,45,2018.0,12.0,52727.63,0.0,0.0,0.0,21.09,21.09,other,0.0,0.0
1,Bundoora,45,2019.0,1.0,61334.75,0.0,0.0,0.0,24.53,24.53,other,0.0,0.0
1,Bundoora,45,2019.0,2.0,60639.13,0.0,0.0,0.0,24.26,24.26,other,0.0,0.0
1,Bundoora,45,2019.0,3.0,69253.88,0.0,0.0,0.0,27.7,27.7,other,0.0,0.0
1,Bundoora,45,2019.0,4.0,67055.63,0.0,0.0,0.0,26.82,26.82,other,0.0,0.0
1,Bundoora,45,2019.0,5.0,71830.63,0.0,0.0,0.0,28.73,28.73,other,0.0,0.0
1,Bundoora,45,2019.0,6.0,71076.75,0.0,0.0,0.0,28.43,28.43,other,0.0,0.0
1,Bundoora,45,2019.0,7.0,74057.75,0.0,0.0,0.0,29.62,29.62,other,0.0,0.0
1,Bundoora,45,2019.0,8.0,73207.75,0.0,0.0,0.0,29.28,29.28,other,0.0,0.0
1,Bundoora,45,2019.0,9.0,68910.75,0.0,0.0,0.0,27.56,27.56,other,0.0,0.0
1,Bundoora,45,2019.0,10.0,68926.0,0.0,0.0,0.0,27.57,27.57,other,0.0,0.0
1,Bundoora,45,2019.0,11.0,58265.25,0.0,0.0,0.0,23.31,23.31,other,0.0,0.0
1,Bundoora,45,2019.0,12.0,53783.25,0.0,0.0,0.0,21.51,21.51,other,0.0,0.0
1,Bundoora,45,2020.0,1.0,55869.5,0.0,0.0,0.0,22.35,22.35,other,0.0,0.0
1,Bundoora,45,2020.0,2.0,55526.86,0.0,0.0,0.0,22.21,22.21,other,0.0,0.0
1,Bundoora,45,2020.0,3.0,61767.37,0.0,0.0,0.0,24.71,24.71,other,0.0,0.0
1,Bundoora,45,2020.0,4.0,44634.3,0.0,0.0,0.0,17.85,17.85,other,0.0,0.0
1,Bundoora,45,2020.0,5.0,50673.73,0.0,0.0,0.0,20.27,20.27,other,0.0,0.0
1,Bundoora,45,2020.0,6.0,51624.25,0.0,0.0,0.0,20.65,20.65,other,0.0,0.0
1,Bundoora,45,2020.0,7.0,52612.5,0.0,0.0,0.0,21.04,21.04,other,0.0,0.0
1,Bundoora,45,2020.0,8.0,55648.37,0.0,0.0,0.0,22.26,22.26,other,0.0,0.0
1,Bundoora,45,2020.0,9.0,42347.83,0.0,0.0,0.0,16.94,16.94,other,0.0,0.0
1,Bundoora,45,2020.0,10.0,53469.22,0.0,0.0,0.0,21.39,21.39,other,0.0,0.0
1,Bundoora,45,2020.0,11.0,50566.46,0.0,0.0,0.0,20.23,20.23,other,0.0,0.0
1,Bundoora,45,2020.0,12.0,48863.02,0.0,0.0,0.0,19.55,19.55,other,0.0,0.0
1,Bundoora,45,2021.0,1.0,46150.28,0.0,0.0,0.0,18.46,18.46,other,0.0,0.0
1,Bundoora,45,2021.0,2.0,47764.73,0.0,0.0,0.0,19.11,19.11,other,0.0,0.0
1,Bundoora,45,2021.0,3.0,53914.92,0.0,0.0,0.0,21.57,21.57,other,0.0,0.0
1,Bundoora,45,2021.0,4.0,56295.98,0.0,0.0,0.0,22.52,22.52,other,0.0,0.0
1,Bundoora,45,2021.0,5.0,64551.37,0.0,0.0,0.0,25.82,25.82,other,0.0,0.0
1,Bundoora,45,2021.0,6.0,55113.12,0.0,0.0,0.0,22.05,22.05,other,0.0,0.0
1,Bundoora,45,2021.0,7.0,64460.43,0.0,0.0,0.0,25.78,25.78,other,0.0,0.0
1,Bundoora,45,2021.0,8.0,68016.43,0.0,0.0,0.0,27.21,27.21,other,0.0,0.0
1,Bundoora,45,2021.0,9.0,57985.63,0.0,0.0,0.0,23.19,23.19,other,0.0,0.0
1,Bundoora,45,2021.0,10.0,54209.6,0.0,0.0,0.0,21.68,21.68,other,0.0,0.0
1,Bundoora,45,2021.0,11.0,48890.0,0.0,0.0,0.0,19.56,19.56,other,0.0,0.0
1,Bundoora,45,2021.0,12.0,42041.73,0.0,0.0,0.0,16.82,16.82,other,0.0,0.0
1,Bundoora,45,2022.0,1.0,48485.49,0.0,0.0,0.0,19.39,19.39,other,0.0,0.0
1,Bundoora,45,2022.0,2.0,47613.85,0.0,0.0,0.0,19.05,19.05,other,0.0,0.0
1,Bundoora,45,2022.0,3.0,51603.6,0.0,0.0,0.0,20.64,20.64,other,0.0,0.0
1,Bundoora,45,2022.0,4.0,51931.6,0.0,0.0,0.0,20.77,20.77,other,0.0,0.0
1,Bundoora,46,2018.0,1.0,12468.48,0.0,0.0,0.0,4.99,4.99,residence,0.0,0.0
1,Bundoora,46,2018.0,2.0,7811.38,0.0,0.0,0.0,3.12,3.12,residence,0.0,0.0
1,Bundoora,46,2018.0,3.0,10700.65,0.0,0.0,0.0,4.28,4.28,residence,0.0,0.0
1,Bundoora,46,2018.0,4.0,11620.63,0.0,0.0,0.0,4.65,4.65,residence,0.0,0.0
1,Bundoora,46,2018.0,5.0,13540.27,0.0,0.0,0.0,5.42,5.42,residence,0.0,0.0
1,Bundoora,46,2018.0,6.0,12723.84,0.0,0.0,0.0,5.09,5.09,residence,0.0,0.0
1,Bundoora,46,2018.0,7.0,12185.34,0.0,0.0,0.0,4.87,4.87,residence,0.0,0.0
1,Bundoora,46,2018.0,8.0,13704.91,0.0,0.0,0.0,5.48,5.48,residence,0.0,0.0
1,Bundoora,46,2018.0,9.0,12274.38,0.0,0.0,0.0,4.91,4.91,residence,0.0,0.0
1,Bundoora,46,2018.0,10.0,13367.03,0.0,0.0,0.0,5.35,5.35,residence,0.0,0.0
1,Bundoora,46,2018.0,11.0,10540.78,0.0,0.0,0.0,4.22,4.22,residence,0.0,0.0
1,Bundoora,46,2018.0,12.0,11418.56,0.0,0.0,0.0,4.57,4.57,residence,0.0,0.0
1,Bundoora,46,2019.0,1.0,14045.22,0.0,0.0,0.0,5.62,5.62,residence,0.0,0.0
1,Bundoora,46,2019.0,2.0,12493.78,0.0,0.0,0.0,5.0,5.0,residence,0.0,0.0
1,Bundoora,46,2019.0,3.0,15703.63,0.0,0.0,0.0,6.28,6.28,residence,0.0,0.0
1,Bundoora,46,2019.0,4.0,12647.81,0.0,0.0,0.0,5.06,5.06,residence,0.0,0.0
1,Bundoora,46,2019.0,5.0,13658.88,0.0,0.0,0.0,5.46,5.46,residence,0.0,0.0
1,Bundoora,46,2019.0,6.0,12374.19,0.0,0.0,0.0,4.95,4.95,residence,0.0,0.0
1,Bundoora,46,2019.0,7.0,11730.03,0.0,0.0,0.0,4.69,4.69,residence,0.0,0.0
1,Bundoora,46,2019.0,8.0,14353.47,0.0,0.0,0.0,5.74,5.74,residence,0.0,0.0
1,Bundoora,46,2019.0,9.0,13455.59,0.0,0.0,0.0,5.38,5.38,residence,0.0,0.0
1,Bundoora,46,2019.0,10.0,14007.38,0.0,0.0,0.0,5.6,5.6,residence,0.0,0.0
1,Bundoora,46,2019.0,11.0,10448.94,0.0,0.0,0.0,4.18,4.18,residence,0.0,0.0
1,Bundoora,46,2019.0,12.0,12584.84,0.0,0.0,0.0,5.03,5.03,residence,0.0,0.0
1,Bundoora,46,2020.0,1.0,15123.59,0.0,0.0,0.0,6.05,6.05,residence,0.0,0.0
1,Bundoora,46,2020.0,2.0,12063.06,0.0,0.0,0.0,4.83,4.83,residence,0.0,0.0
1,Bundoora,46,2020.0,3.0,14021.38,0.0,0.0,0.0,5.61,5.61,residence,0.0,0.0
1,Bundoora,46,2020.0,4.0,10229.38,0.0,0.0,0.0,4.09,4.09,residence,0.0,0.0
1,Bundoora,46,2020.0,5.0,11169.56,0.0,0.0,0.0,4.47,4.47,residence,0.0,0.0
1,Bundoora,46,2020.0,6.0,11635.75,0.0,0.0,0.0,4.65,4.65,residence,0.0,0.0
1,Bundoora,46,2020.0,7.0,12507.88,0.0,0.0,0.0,5.0,5.0,residence,0.0,0.0
1,Bundoora,46,2020.0,8.0,13306.13,0.0,0.0,0.0,5.32,5.32,residence,0.0,0.0
1,Bundoora,46,2020.0,9.0,9966.44,0.0,0.0,0.0,3.99,3.99,residence,0.0,0.0
1,Bundoora,46,2020.0,10.0,12754.63,0.0,0.0,0.0,5.1,5.1,residence,0.0,0.0
1,Bundoora,46,2020.0,11.0,11412.38,0.0,0.0,0.0,4.56,4.56,residence,0.0,0.0
1,Bundoora,46,2020.0,12.0,13326.06,0.0,0.0,0.0,5.33,5.33,residence,0.0,0.0
1,Bundoora,46,2021.0,1.0,13910.25,0.0,0.0,0.0,5.56,5.56,residence,0.0,0.0
1,Bundoora,46,2021.0,2.0,10409.81,0.0,0.0,0.0,4.16,4.16,residence,0.0,0.0
1,Bundoora,46,2021.0,3.0,13658.44,0.0,0.0,0.0,5.46,5.46,residence,0.0,0.0
1,Bundoora,46,2021.0,4.0,13223.63,0.0,0.0,0.0,5.29,5.29,residence,0.0,0.0
1,Bundoora,46,2021.0,5.0,15825.81,0.0,0.0,0.0,6.33,6.33,residence,0.0,0.0
1,Bundoora,46,2021.0,6.0,12363.69,0.0,0.0,0.0,4.95,4.95,residence,0.0,0.0
1,Bundoora,46,2021.0,7.0,14382.81,0.0,0.0,0.0,5.75,5.75,residence,0.0,0.0
1,Bundoora,46,2021.0,8.0,15397.19,0.0,0.0,0.0,6.16,6.16,residence,0.0,0.0
1,Bundoora,46,2021.0,9.0,11890.25,0.0,0.0,0.0,4.76,4.76,residence,0.0,0.0
1,Bundoora,46,2021.0,10.0,10216.63,0.0,0.0,0.0,4.09,4.09,residence,0.0,0.0
1,Bundoora,46,2021.0,11.0,9206.19,0.0,0.0,0.0,3.68,3.68,residence,0.0,0.0
1,Bundoora,46,2021.0,12.0,4603.69,0.0,0.0,0.0,1.84,1.84,residence,0.0,0.0
1,Bundoora,46,2022.0,1.0,3347.5,0.0,0.0,0.0,1.34,1.34,residence,0.0,0.0
1,Bundoora,46,2022.0,2.0,5665.19,0.0,0.0,0.0,2.27,2.27,residence,0.0,0.0
1,Bundoora,46,2022.0,3.0,5624.88,0.0,0.0,0.0,2.25,2.25,residence,0.0,0.0
1,Bundoora,46,2022.0,4.0,6309.81,0.0,0.0,0.0,2.52,2.52,residence,0.0,0.0
1,Bundoora,49,2018.0,1.0,41210.4,0.0,0.0,0.0,16.48,16.48,office,222608.9599999995,7e-05
1,Bundoora,49,2018.0,2.0,37644.76,0.0,0.0,0.0,15.06,15.06,office,222608.9599999995,7e-05
1,Bundoora,49,2018.0,3.0,39743.43,0.0,0.0,0.0,15.9,15.9,office,222608.9599999995,7e-05
1,Bundoora,49,2018.0,4.0,38294.99,0.0,0.0,0.0,15.32,15.32,office,222608.9599999995,7e-05
1,Bundoora,49,2018.0,5.0,41421.3,96.17,0.0,0.51,16.57,17.08,office,222608.9599999995,8e-05
1,Bundoora,49,2018.0,6.0,39098.37,106.18,0.0,0.56,15.64,16.2,office,222608.9599999995,7e-05
1,Bundoora,49,2018.0,7.0,42374.23,113.58,0.0,0.6,16.95,17.55,office,222608.9599999995,8e-05
1,Bundoora,49,2018.0,8.0,50282.95,110.5,0.0,0.59,20.11,20.7,office,222608.9599999995,9e-05
1,Bundoora,49,2018.0,9.0,45049.62,104.41,0.0,0.55,18.02,18.57,office,222608.9599999995,8e-05
1,Bundoora,49,2018.0,10.0,45590.32,97.15,0.0,0.51,18.24,18.75,office,222608.9599999995,8e-05
1,Bundoora,49,2018.0,11.0,41941.92,86.95,0.0,0.46,16.78,17.24,office,222608.9599999995,8e-05
1,Bundoora,49,2018.0,12.0,44396.29,49.85,0.0,0.26,17.76,18.02,office,222608.9599999995,8e-05
1,Bundoora,49,2019.0,1.0,47879.69,44.62,0.0,0.24,19.15,19.39,office,222608.9599999995,9e-05
1,Bundoora,49,2019.0,2.0,43054.63,63.75,0.0,0.34,17.22,17.56,office,222608.9599999995,8e-05
1,Bundoora,49,2019.0,3.0,47398.28,76.19,0.0,0.4,18.96,19.36,office,222608.9599999995,9e-05
1,Bundoora,49,2019.0,4.0,46722.6,82.24,0.0,0.44,18.69,19.12,office,222608.9599999995,9e-05
1,Bundoora,49,2019.0,5.0,50204.9,97.17,0.0,0.52,20.08,20.6,office,222608.9599999995,9e-05
1,Bundoora,49,2019.0,6.0,49069.11,100.6,0.0,0.53,19.63,20.16,office,222608.9599999995,9e-05
1,Bundoora,49,2019.0,7.0,52315.97,105.62,0.0,0.56,20.93,21.49,office,222608.9599999995,0.0001
1,Bundoora,49,2019.0,8.0,50369.86,106.98,0.0,0.57,20.15,20.71,office,222608.9599999995,9e-05
1,Bundoora,49,2019.0,9.0,47018.32,94.5,0.0,0.5,18.81,19.31,office,222608.9599999995,9e-05
1,Bundoora,49,2019.0,10.0,48718.37,87.02,0.0,0.46,19.49,19.95,office,222608.9599999995,9e-05
1,Bundoora,49,2019.0,11.0,45261.89,74.43,0.0,0.39,18.1,18.5,office,222608.9599999995,8e-05
1,Bundoora,49,2019.0,12.0,44657.1,41.04,0.0,0.22,17.86,18.08,office,222608.9599999995,8e-05
1,Bundoora,49,2020.0,1.0,42699.57,0.0,0.0,0.0,17.08,17.08,office,222608.9599999995,8e-05
1,Bundoora,49,2020.0,2.0,38523.71,0.0,0.0,0.0,15.41,15.41,office,222608.9599999995,7e-05
1,Bundoora,49,2020.0,3.0,42645.56,0.0,0.0,0.0,17.06,17.06,office,222608.9599999995,8e-05
1,Bundoora,49,2020.0,4.0,38317.9,0.0,0.0,0.0,15.33,15.33,office,222608.9599999995,7e-05
1,Bundoora,49,2020.0,5.0,39103.05,0.0,0.0,0.0,15.64,15.64,office,222608.9599999995,7e-05
1,Bundoora,49,2020.0,6.0,36040.99,0.0,0.0,0.0,14.42,14.42,office,222608.9599999995,6e-05
1,Bundoora,49,2020.0,7.0,39177.47,0.0,0.0,0.0,15.67,15.67,office,222608.9599999995,7e-05
1,Bundoora,49,2020.0,8.0,40446.18,0.0,0.0,0.0,16.18,16.18,office,222608.9599999995,7e-05
1,Bundoora,49,2020.0,9.0,42689.15,0.0,0.0,0.0,17.08,17.08,office,222608.9599999995,8e-05
1,Bundoora,49,2020.0,10.0,45109.93,0.0,0.0,0.0,18.04,18.04,office,222608.9599999995,8e-05
1,Bundoora,49,2020.0,11.0,42359.83,0.0,0.0,0.0,16.94,16.94,office,222608.9599999995,8e-05
1,Bundoora,49,2020.0,12.0,44372.12,0.0,0.0,0.0,17.75,17.75,office,222608.9599999995,8e-05
1,Bundoora,49,2021.0,1.0,44359.89,56.65,3328.11,0.3,17.74,18.04,office,222608.9599999995,8e-05
1,Bundoora,49,2021.0,2.0,39586.23,67.66,3394.02,0.36,15.83,16.19,office,222608.9599999995,7e-05
1,Bundoora,49,2021.0,3.0,39328.89,71.59,3383.59,0.38,15.73,16.11,office,222608.9599999995,7e-05
1,Bundoora,49,2021.0,4.0,36955.34,78.37,3442.82,0.42,14.78,15.2,office,222608.9599999995,7e-05
1,Bundoora,49,2021.0,5.0,41092.51,87.31,3457.54,0.46,16.44,16.9,office,222608.9599999995,8e-05
1,Bundoora,49,2021.0,6.0,36875.84,84.28,3476.05,0.45,14.75,15.2,office,222608.9599999995,7e-05
1,Bundoora,49,2021.0,7.0,38285.77,90.63,3496.07,0.48,15.31,15.79,office,222608.9599999995,7e-05
1,Bundoora,49,2021.0,8.0,45788.8,82.08,3515.94,0.44,18.32,18.75,office,222608.9599999995,8e-05
1,Bundoora,49,2021.0,9.0,44934.36,76.99,3558.03,0.41,17.97,18.38,office,222608.9599999995,8e-05
1,Bundoora,49,2021.0,10.0,44381.13,73.1,24287.01,0.39,17.75,18.14,office,222608.9599999995,8e-05
1,Bundoora,49,2021.0,11.0,40690.7,72.3,23350.21,0.38,16.28,16.66,office,222608.9599999995,7e-05
1,Bundoora,49,2021.0,12.0,43492.06,47.01,34748.54,0.25,17.4,17.65,office,222608.9599999995,8e-05
1,Bundoora,49,2022.0,1.0,45460.75,0.0,39626.23,0.0,18.18,18.18,office,222608.9599999995,8e-05
1,Bundoora,49,2022.0,2.0,40704.94,0.0,39686.11,0.0,16.28,16.28,office,222608.9599999995,7e-05
1,Bundoora,49,2022.0,3.0,41930.0,0.0,28832.78,0.0,16.77,16.77,office,222608.9599999995,8e-05
1,Bundoora,49,2022.0,4.0,43871.26,0.0,5917.35,0.0,17.55,17.55,office,222608.9599999995,8e-05
1,Bundoora,50,2018.0,1.0,40489.69,0.0,0.0,0.0,16.2,16.2,mixed use,911138.5599999988,2e-05
1,Bundoora,50,2018.0,2.0,44109.13,0.0,0.0,0.0,17.64,17.64,mixed use,911138.5599999988,2e-05
1,Bundoora,50,2018.0,3.0,49324.81,0.0,0.0,0.0,19.73,19.73,mixed use,911138.5599999988,2e-05
1,Bundoora,50,2018.0,4.0,47389.19,0.0,0.0,0.0,18.96,18.96,mixed use,911138.5599999988,2e-05
1,Bundoora,50,2018.0,5.0,53468.88,393.61,0.0,2.09,21.39,23.47,mixed use,911138.5599999988,3e-05
1,Bundoora,50,2018.0,6.0,49595.56,434.6,0.0,2.3,19.84,22.14,mixed use,911138.5599999988,2e-05
1,Bundoora,50,2018.0,7.0,45907.75,464.89,0.0,2.46,18.36,20.83,mixed use,911138.5599999988,2e-05
1,Bundoora,50,2018.0,8.0,54535.88,452.28,0.0,2.4,21.81,24.21,mixed use,911138.5599999988,3e-05
1,Bundoora,50,2018.0,9.0,51373.25,427.36,0.0,2.27,20.55,22.81,mixed use,911138.5599999988,3e-05
1,Bundoora,50,2018.0,10.0,53737.63,397.62,0.0,2.11,21.5,23.6,mixed use,911138.5599999988,3e-05
1,Bundoora,50,2018.0,11.0,48636.25,355.87,0.0,1.89,19.45,21.34,mixed use,911138.5599999988,2e-05
1,Bundoora,50,2018.0,12.0,52489.0,204.03,0.0,1.08,21.0,22.08,mixed use,911138.5599999988,2e-05
1,Bundoora,50,2019.0,1.0,51712.63,182.64,0.0,0.97,20.69,21.65,mixed use,911138.5599999988,2e-05
1,Bundoora,50,2019.0,2.0,51518.5,260.93,0.0,1.38,20.61,21.99,mixed use,911138.5599999988,2e-05
1,Bundoora,50,2019.0,3.0,55990.63,311.86,0.0,1.65,22.4,24.05,mixed use,911138.5599999988,3e-05
1,Bundoora,50,2019.0,4.0,53538.0,336.6,0.0,1.78,21.42,23.2,mixed use,911138.5599999988,3e-05
1,Bundoora,50,2019.0,5.0,58844.25,397.71,0.0,2.11,23.54,25.65,mixed use,911138.5599999988,3e-05
1,Bundoora,50,2019.0,6.0,54502.63,411.75,0.0,2.18,21.8,23.98,mixed use,911138.5599999988,3e-05
1,Bundoora,50,2019.0,7.0,56823.13,432.31,0.0,2.29,22.73,25.02,mixed use,911138.5599999988,3e-05
1,Bundoora,50,2019.0,8.0,55865.38,437.85,0.0,2.32,22.35,24.67,mixed use,911138.5599999988,3e-05
1,Bundoora,50,2019.0,9.0,52347.0,386.78,0.0,2.05,20.94,22.99,mixed use,911138.5599999988,3e-05
1,Bundoora,50,2019.0,10.0,55112.88,356.16,0.0,1.89,22.05,23.93,mixed use,911138.5599999988,3e-05
1,Bundoora,50,2019.0,11.0,54066.13,304.66,0.0,1.61,21.63,23.24,mixed use,911138.5599999988,3e-05
1,Bundoora,50,2019.0,12.0,53718.13,167.99,0.0,0.89,21.49,22.38,mixed use,911138.5599999988,2e-05
1,Bundoora,50,2020.0,1.0,51624.13,0.0,0.0,0.0,20.65,20.65,mixed use,911138.5599999988,2e-05
1,Bundoora,50,2020.0,2.0,49982.25,0.0,0.0,0.0,19.99,19.99,mixed use,911138.5599999988,2e-05
1,Bundoora,50,2020.0,3.0,55175.63,0.0,0.0,0.0,22.07,22.07,mixed use,911138.5599999988,2e-05
1,Bundoora,50,2020.0,4.0,44899.75,0.0,0.0,0.0,17.96,17.96,mixed use,911138.5599999988,2e-05
1,Bundoora,50,2020.0,5.0,46257.75,0.0,0.0,0.0,18.5,18.5,mixed use,911138.5599999988,2e-05
1,Bundoora,50,2020.0,6.0,46690.5,0.0,0.0,0.0,18.68,18.68,mixed use,911138.5599999988,2e-05
1,Bundoora,50,2020.0,7.0,41228.25,0.0,0.0,0.0,16.49,16.49,mixed use,911138.5599999988,2e-05
1,Bundoora,50,2020.0,8.0,41371.75,0.0,0.0,0.0,16.55,16.55,mixed use,911138.5599999988,2e-05
1,Bundoora,50,2020.0,9.0,35940.75,0.0,0.0,0.0,14.38,14.38,mixed use,911138.5599999988,2e-05
1,Bundoora,50,2020.0,10.0,27892.5,0.0,0.0,0.0,11.16,11.16,mixed use,911138.5599999988,1e-05
1,Bundoora,50,2020.0,11.0,42150.75,0.0,0.0,0.0,16.86,16.86,mixed use,911138.5599999988,2e-05
1,Bundoora,50,2020.0,12.0,43422.5,0.0,0.0,0.0,17.37,17.37,mixed use,911138.5599999988,2e-05
1,Bundoora,50,2021.0,1.0,46056.75,231.88,13621.95,1.23,18.42,19.65,mixed use,911138.5599999988,2e-05
1,Bundoora,50,2021.0,2.0,44887.5,276.92,13891.72,1.47,17.96,19.42,mixed use,911138.5599999988,2e-05
1,Bundoora,50,2021.0,3.0,47653.5,293.04,13849.05,1.55,19.06,20.61,mixed use,911138.5599999988,2e-05
1,Bundoora,50,2021.0,4.0,46315.25,320.77,14091.48,1.7,18.53,20.23,mixed use,911138.5599999988,2e-05
1,Bundoora,50,2021.0,5.0,51852.25,357.38,14151.7,1.89,20.74,22.64,mixed use,911138.5599999988,2e-05
1,Bundoora,50,2021.0,6.0,45701.25,344.96,14227.47,1.83,18.28,20.11,mixed use,911138.5599999988,2e-05
1,Bundoora,50,2021.0,7.0,45368.25,370.94,14309.4,1.97,18.15,20.11,mixed use,911138.5599999988,2e-05
1,Bundoora,50,2021.0,8.0,45657.25,335.94,14390.72,1.78,18.26,20.04,mixed use,911138.5599999988,2e-05
1,Bundoora,50,2021.0,9.0,47535.0,315.13,14563.01,1.67,19.01,20.68,mixed use,911138.5599999988,2e-05
1,Bundoora,50,2021.0,10.0,47583.0,299.19,99406.73,1.59,19.03,20.62,mixed use,911138.5599999988,2e-05
1,Bundoora,50,2021.0,11.0,45615.25,295.91,95572.44,1.57,18.25,19.81,mixed use,911138.5599999988,2e-05
1,Bundoora,50,2021.0,12.0,45969.5,192.43,142225.8,1.02,18.39,19.41,mixed use,911138.5599999988,2e-05
1,Bundoora,50,2022.0,1.0,51152.75,0.0,162190.16,0.0,20.46,20.46,mixed use,911138.5599999988,2e-05
1,Bundoora,50,2022.0,2.0,44259.25,0.0,162435.25,0.0,17.7,17.7,mixed use,911138.5599999988,2e-05
1,Bundoora,50,2022.0,3.0,45876.25,0.0,118012.58,0.0,18.35,18.35,mixed use,911138.5599999988,2e-05
1,Bundoora,50,2022.0,4.0,46146.0,0.0,24219.7,0.0,18.46,18.46,mixed use,911138.5599999988,2e-05
1,Bundoora,51,2018.0,1.0,18936.39,0.0,0.0,0.0,7.57,7.57,mixed use,344871.48000000016,2e-05
1,Bundoora,51,2018.0,2.0,17045.66,0.0,0.0,0.0,6.82,6.82,mixed use,344871.48000000016,2e-05
1,Bundoora,51,2018.0,3.0,18054.56,0.0,0.0,0.0,7.22,7.22,mixed use,344871.48000000016,2e-05
1,Bundoora,51,2018.0,4.0,15410.27,0.0,0.0,0.0,6.16,6.16,mixed use,344871.48000000016,2e-05
1,Bundoora,51,2018.0,5.0,17464.9,148.98,0.0,0.79,6.99,7.78,mixed use,344871.48000000016,2e-05
1,Bundoora,51,2018.0,6.0,15756.61,164.5,0.0,0.87,6.3,7.17,mixed use,344871.48000000016,2e-05
1,Bundoora,51,2018.0,7.0,14059.37,175.96,0.0,0.93,5.62,6.56,mixed use,344871.48000000016,2e-05
1,Bundoora,51,2018.0,8.0,15545.81,171.19,0.0,0.91,6.22,7.13,mixed use,344871.48000000016,2e-05
1,Bundoora,51,2018.0,9.0,13249.3,161.76,0.0,0.86,5.3,6.16,mixed use,344871.48000000016,2e-05
1,Bundoora,51,2018.0,10.0,16409.92,150.5,0.0,0.8,6.56,7.36,mixed use,344871.48000000016,2e-05
1,Bundoora,51,2018.0,11.0,14040.23,134.7,0.0,0.71,5.62,6.33,mixed use,344871.48000000016,2e-05
1,Bundoora,51,2018.0,12.0,14393.64,77.23,0.0,0.41,5.76,6.17,mixed use,344871.48000000016,2e-05
1,Bundoora,51,2019.0,1.0,17918.57,69.13,0.0,0.37,7.17,7.53,mixed use,344871.48000000016,2e-05
1,Bundoora,51,2019.0,2.0,20043.68,98.76,0.0,0.52,8.02,8.54,mixed use,344871.48000000016,2e-05
1,Bundoora,51,2019.0,3.0,22767.41,118.04,0.0,0.63,9.11,9.73,mixed use,344871.48000000016,3e-05
1,Bundoora,51,2019.0,4.0,21161.72,127.41,0.0,0.68,8.46,9.14,mixed use,344871.48000000016,3e-05
1,Bundoora,51,2019.0,5.0,17073.46,150.53,0.0,0.8,6.83,7.63,mixed use,344871.48000000016,2e-05
1,Bundoora,51,2019.0,6.0,14635.98,155.85,0.0,0.83,5.85,6.68,mixed use,344871.48000000016,2e-05
1,Bundoora,51,2019.0,7.0,14800.44,163.63,0.0,0.87,5.92,6.79,mixed use,344871.48000000016,2e-05
1,Bundoora,51,2019.0,8.0,16305.16,165.73,0.0,0.88,6.52,7.4,mixed use,344871.48000000016,2e-05
1,Bundoora,51,2019.0,9.0,13955.85,146.4,0.0,0.78,5.58,6.36,mixed use,344871.48000000016,2e-05
1,Bundoora,51,2019.0,10.0,15243.78,134.81,0.0,0.71,6.1,6.81,mixed use,344871.48000000016,2e-05
1,Bundoora,51,2019.0,11.0,14373.62,115.31,0.0,0.61,5.75,6.36,mixed use,344871.48000000016,2e-05
1,Bundoora,51,2019.0,12.0,12578.89,63.59,0.0,0.34,5.03,5.37,mixed use,344871.48000000016,2e-05
1,Bundoora,51,2020.0,1.0,12863.51,0.0,0.0,0.0,5.15,5.15,mixed use,344871.48000000016,1e-05
1,Bundoora,51,2020.0,2.0,9240.77,0.0,0.0,0.0,3.7,3.7,mixed use,344871.48000000016,1e-05
1,Bundoora,51,2020.0,3.0,9000.73,0.0,0.0,0.0,3.6,3.6,mixed use,344871.48000000016,1e-05
1,Bundoora,51,2020.0,4.0,5581.44,0.0,0.0,0.0,2.23,2.23,mixed use,344871.48000000016,1e-05
1,Bundoora,51,2020.0,5.0,5931.83,0.0,0.0,0.0,2.37,2.37,mixed use,344871.48000000016,1e-05
1,Bundoora,51,2020.0,6.0,7959.53,0.0,0.0,0.0,3.18,3.18,mixed use,344871.48000000016,1e-05
1,Bundoora,51,2020.0,7.0,9490.33,0.0,0.0,0.0,3.8,3.8,mixed use,344871.48000000016,1e-05
1,Bundoora,51,2020.0,8.0,10959.85,0.0,0.0,0.0,4.38,4.38,mixed use,344871.48000000016,1e-05
1,Bundoora,51,2020.0,9.0,11994.92,0.0,0.0,0.0,4.8,4.8,mixed use,344871.48000000016,1e-05
1,Bundoora,51,2020.0,10.0,13859.63,0.0,0.0,0.0,5.54,5.54,mixed use,344871.48000000016,2e-05
1,Bundoora,51,2020.0,11.0,16788.16,0.0,0.0,0.0,6.72,6.72,mixed use,344871.48000000016,2e-05
1,Bundoora,51,2020.0,12.0,16800.91,0.0,0.0,0.0,6.72,6.72,mixed use,344871.48000000016,2e-05
1,Bundoora,51,2021.0,1.0,18172.89,87.77,5155.99,0.47,7.27,7.73,mixed use,344871.48000000016,2e-05
1,Bundoora,51,2021.0,2.0,16298.12,104.81,5258.1,0.56,6.52,7.07,mixed use,344871.48000000016,2e-05
1,Bundoora,51,2021.0,3.0,16686.43,110.92,5241.95,0.59,6.67,7.26,mixed use,344871.48000000016,2e-05
1,Bundoora,51,2021.0,4.0,15484.79,121.41,5333.71,0.64,6.19,6.84,mixed use,344871.48000000016,2e-05
1,Bundoora,51,2021.0,5.0,15640.39,135.27,5356.5,0.72,6.26,6.97,mixed use,344871.48000000016,2e-05
1,Bundoora,51,2021.0,6.0,12350.73,130.57,5385.18,0.69,4.94,5.63,mixed use,344871.48000000016,2e-05
1,Bundoora,51,2021.0,7.0,11998.76,140.4,5416.2,0.74,4.8,5.54,mixed use,344871.48000000016,2e-05
1,Bundoora,51,2021.0,8.0,14040.59,127.16,5446.98,0.67,5.62,6.29,mixed use,344871.48000000016,2e-05
1,Bundoora,51,2021.0,9.0,16142.34,119.28,5512.19,0.63,6.46,7.09,mixed use,344871.48000000016,2e-05
1,Bundoora,51,2021.0,10.0,17054.29,113.24,37626.05,0.6,6.82,7.42,mixed use,344871.48000000016,2e-05
1,Bundoora,51,2021.0,11.0,16631.73,112.01,36174.75,0.59,6.65,7.25,mixed use,344871.48000000016,2e-05
1,Bundoora,51,2021.0,12.0,17884.97,72.84,53833.33,0.39,7.15,7.54,mixed use,344871.48000000016,2e-05
1,Bundoora,51,2022.0,1.0,20615.11,0.0,61389.96,0.0,8.25,8.25,mixed use,344871.48000000016,2e-05
1,Bundoora,51,2022.0,2.0,17758.68,0.0,61482.73,0.0,7.1,7.1,mixed use,344871.48000000016,2e-05
1,Bundoora,51,2022.0,3.0,15843.56,0.0,44668.48,0.0,6.34,6.34,mixed use,344871.48000000016,2e-05
1,Bundoora,51,2022.0,4.0,14017.47,0.0,9167.3,0.0,5.61,5.61,mixed use,344871.48000000016,2e-05
1,Bundoora,54,2018.0,1.0,76203.38,0.0,0.0,0.0,30.48,30.48,mixed use,1312015.9999999988,2e-05
1,Bundoora,54,2018.0,2.0,78496.88,0.0,0.0,0.0,31.4,31.4,mixed use,1312015.9999999988,2e-05
1,Bundoora,54,2018.0,3.0,88858.75,0.0,0.0,0.0,35.54,35.54,mixed use,1312015.9999999988,3e-05
1,Bundoora,54,2018.0,4.0,85843.5,0.0,0.0,0.0,34.34,34.34,mixed use,1312015.9999999988,3e-05
1,Bundoora,54,2018.0,5.0,88915.38,566.78,0.0,3.0,35.57,38.57,mixed use,1312015.9999999988,3e-05
1,Bundoora,54,2018.0,6.0,82772.0,625.82,0.0,3.32,33.11,36.43,mixed use,1312015.9999999988,3e-05
1,Bundoora,54,2018.0,7.0,83649.0,669.43,0.0,3.55,33.46,37.01,mixed use,1312015.9999999988,3e-05
1,Bundoora,54,2018.0,8.0,84031.75,651.28,0.0,3.45,33.61,37.06,mixed use,1312015.9999999988,3e-05
1,Bundoora,54,2018.0,9.0,81125.0,615.39,0.0,3.26,32.45,35.71,mixed use,1312015.9999999988,3e-05
1,Bundoora,54,2018.0,10.0,83232.25,572.56,0.0,3.03,33.29,36.33,mixed use,1312015.9999999988,3e-05
1,Bundoora,54,2018.0,11.0,81833.63,512.44,0.0,2.72,32.73,35.45,mixed use,1312015.9999999988,3e-05
1,Bundoora,54,2018.0,12.0,79684.0,293.8,0.0,1.56,31.87,33.43,mixed use,1312015.9999999988,3e-05
1,Bundoora,54,2019.0,1.0,84201.5,262.99,0.0,1.39,33.68,35.07,mixed use,1312015.9999999988,3e-05
1,Bundoora,54,2019.0,2.0,80016.5,375.73,0.0,1.99,32.01,34.0,mixed use,1312015.9999999988,3e-05
1,Bundoora,54,2019.0,3.0,87625.0,449.07,0.0,2.38,35.05,37.43,mixed use,1312015.9999999988,3e-05
1,Bundoora,54,2019.0,4.0,82716.25,484.7,0.0,2.57,33.09,35.66,mixed use,1312015.9999999988,3e-05
1,Bundoora,54,2019.0,5.0,86640.75,572.69,0.0,3.04,34.66,37.69,mixed use,1312015.9999999988,3e-05
1,Bundoora,54,2019.0,6.0,81561.0,592.91,0.0,3.14,32.62,35.77,mixed use,1312015.9999999988,3e-05
1,Bundoora,54,2019.0,7.0,85257.0,622.51,0.0,3.3,34.1,37.4,mixed use,1312015.9999999988,3e-05
1,Bundoora,54,2019.0,8.0,83861.25,630.49,0.0,3.34,33.54,36.89,mixed use,1312015.9999999988,3e-05
1,Bundoora,54,2019.0,9.0,81295.25,556.95,0.0,2.95,32.52,35.47,mixed use,1312015.9999999988,3e-05
1,Bundoora,54,2019.0,10.0,87946.0,512.87,0.0,2.72,35.18,37.9,mixed use,1312015.9999999988,3e-05
1,Bundoora,54,2019.0,11.0,86210.25,438.7,0.0,2.33,34.48,36.81,mixed use,1312015.9999999988,3e-05
1,Bundoora,54,2019.0,12.0,84303.5,241.91,0.0,1.28,33.72,35.0,mixed use,1312015.9999999988,3e-05
1,Bundoora,54,2020.0,1.0,85116.25,0.0,0.0,0.0,34.05,34.05,mixed use,1312015.9999999988,3e-05
1,Bundoora,54,2020.0,2.0,83249.25,0.0,0.0,0.0,33.3,33.3,mixed use,1312015.9999999988,3e-05
1,Bundoora,54,2020.0,3.0,86837.0,0.0,0.0,0.0,34.73,34.73,mixed use,1312015.9999999988,3e-05
1,Bundoora,54,2020.0,4.0,68974.73,0.0,0.0,0.0,27.59,27.59,mixed use,1312015.9999999988,2e-05
1,Bundoora,54,2020.0,5.0,73385.52,0.0,0.0,0.0,29.35,29.35,mixed use,1312015.9999999988,2e-05
1,Bundoora,54,2020.0,6.0,70393.8,0.0,0.0,0.0,28.16,28.16,mixed use,1312015.9999999988,2e-05
1,Bundoora,54,2020.0,7.0,63431.02,0.0,0.0,0.0,25.37,25.37,mixed use,1312015.9999999988,2e-05
1,Bundoora,54,2020.0,8.0,67622.75,0.0,0.0,0.0,27.05,27.05,mixed use,1312015.9999999988,2e-05
1,Bundoora,54,2020.0,9.0,54681.86,0.0,0.0,0.0,21.87,21.87,mixed use,1312015.9999999988,2e-05
1,Bundoora,54,2020.0,10.0,73475.24,0.0,0.0,0.0,29.39,29.39,mixed use,1312015.9999999988,2e-05
1,Bundoora,54,2020.0,11.0,76295.4,0.0,0.0,0.0,30.52,30.52,mixed use,1312015.9999999988,2e-05
1,Bundoora,54,2020.0,12.0,77577.0,0.0,0.0,0.0,31.03,31.03,mixed use,1312015.9999999988,2e-05
1,Bundoora,54,2021.0,1.0,78982.6,333.91,19615.25,1.77,31.59,33.36,mixed use,1312015.9999999988,3e-05
1,Bundoora,54,2021.0,2.0,73009.54,398.75,20003.72,2.11,29.2,31.32,mixed use,1312015.9999999988,2e-05
1,Bundoora,54,2021.0,3.0,79627.03,421.96,19942.28,2.24,31.85,34.09,mixed use,1312015.9999999988,3e-05
1,Bundoora,54,2021.0,4.0,76781.09,461.89,20291.36,2.45,30.71,33.16,mixed use,1312015.9999999988,3e-05
1,Bundoora,54,2021.0,5.0,76775.89,514.62,20378.08,2.73,30.71,33.44,mixed use,1312015.9999999988,3e-05
1,Bundoora,54,2021.0,6.0,66722.89,496.73,20487.18,2.63,26.69,29.32,mixed use,1312015.9999999988,2e-05
1,Bundoora,54,2021.0,7.0,71313.4,534.14,20605.17,2.83,28.53,31.36,mixed use,1312015.9999999988,2e-05
1,Bundoora,54,2021.0,8.0,77376.43,483.75,20722.27,2.56,30.95,33.51,mixed use,1312015.9999999988,3e-05
1,Bundoora,54,2021.0,9.0,72719.85,453.77,20970.36,2.4,29.09,31.49,mixed use,1312015.9999999988,2e-05
1,Bundoora,54,2021.0,10.0,79857.88,430.82,143143.13,2.28,31.94,34.23,mixed use,1312015.9999999988,3e-05
1,Bundoora,54,2021.0,11.0,72771.62,426.11,137621.84,2.26,29.11,31.37,mixed use,1312015.9999999988,2e-05
1,Bundoora,54,2021.0,12.0,77824.87,277.1,204801.49,1.47,31.13,32.6,mixed use,1312015.9999999988,2e-05
1,Bundoora,54,2022.0,1.0,57131.39,0.0,233549.65,0.0,22.85,22.85,mixed use,1312015.9999999988,2e-05
1,Bundoora,54,2022.0,2.0,43534.87,0.0,233902.57,0.0,17.41,17.41,mixed use,1312015.9999999988,1e-05
1,Bundoora,54,2022.0,3.0,81468.09,0.0,169935.07,0.0,32.59,32.59,mixed use,1312015.9999999988,2e-05
1,Bundoora,54,2022.0,4.0,81307.78,0.0,34875.74,0.0,32.52,32.52,mixed use,1312015.9999999988,2e-05
1,Bundoora,55,2018.0,1.0,44404.66,0.0,0.0,0.0,17.76,17.76,mixed use,0.0,0.0
1,Bundoora,55,2018.0,2.0,37030.63,0.0,0.0,0.0,14.81,14.81,mixed use,0.0,0.0
1,Bundoora,55,2018.0,3.0,41998.97,0.0,0.0,0.0,16.8,16.8,mixed use,0.0,0.0
1,Bundoora,55,2018.0,4.0,41274.63,0.0,0.0,0.0,16.51,16.51,mixed use,0.0,0.0
1,Bundoora,55,2018.0,5.0,44310.69,0.0,0.0,0.0,17.72,17.72,mixed use,0.0,0.0
1,Bundoora,55,2018.0,6.0,45550.0,0.0,0.0,0.0,18.22,18.22,mixed use,0.0,0.0
1,Bundoora,55,2018.0,7.0,47427.06,0.0,0.0,0.0,18.97,18.97,mixed use,0.0,0.0
1,Bundoora,55,2018.0,8.0,45987.19,0.0,0.0,0.0,18.39,18.39,mixed use,0.0,0.0
1,Bundoora,55,2018.0,9.0,43263.25,0.0,0.0,0.0,17.31,17.31,mixed use,0.0,0.0
1,Bundoora,55,2018.0,10.0,42896.88,0.0,0.0,0.0,17.16,17.16,mixed use,0.0,0.0
1,Bundoora,55,2018.0,11.0,41910.06,0.0,0.0,0.0,16.76,16.76,mixed use,0.0,0.0
1,Bundoora,55,2018.0,12.0,43264.31,0.0,0.0,0.0,17.31,17.31,mixed use,0.0,0.0
1,Bundoora,55,2019.0,1.0,38650.69,0.0,0.0,0.0,15.46,15.46,mixed use,0.0,0.0
1,Bundoora,55,2019.0,2.0,38810.81,0.0,0.0,0.0,15.52,15.52,mixed use,0.0,0.0
1,Bundoora,55,2019.0,3.0,48519.13,0.0,0.0,0.0,19.41,19.41,mixed use,0.0,0.0
1,Bundoora,55,2019.0,4.0,45247.38,0.0,0.0,0.0,18.1,18.1,mixed use,0.0,0.0
1,Bundoora,55,2019.0,5.0,47349.5,0.0,0.0,0.0,18.94,18.94,mixed use,0.0,0.0
1,Bundoora,55,2019.0,6.0,44841.75,0.0,0.0,0.0,17.94,17.94,mixed use,0.0,0.0
1,Bundoora,55,2019.0,7.0,49970.25,0.0,0.0,0.0,19.99,19.99,mixed use,0.0,0.0
1,Bundoora,55,2019.0,8.0,52189.88,0.0,0.0,0.0,20.88,20.88,mixed use,0.0,0.0
1,Bundoora,55,2019.0,9.0,50629.5,0.0,0.0,0.0,20.25,20.25,mixed use,0.0,0.0
1,Bundoora,55,2019.0,10.0,50313.25,0.0,0.0,0.0,20.13,20.13,mixed use,0.0,0.0
1,Bundoora,55,2019.0,11.0,27230.38,0.0,0.0,0.0,10.89,10.89,mixed use,0.0,0.0
1,Bundoora,55,2019.0,12.0,35103.38,0.0,0.0,0.0,14.04,14.04,mixed use,0.0,0.0
1,Bundoora,55,2020.0,1.0,34128.88,0.0,0.0,0.0,13.65,13.65,mixed use,0.0,0.0
1,Bundoora,55,2020.0,2.0,39487.0,0.0,0.0,0.0,15.79,15.79,mixed use,0.0,0.0
1,Bundoora,55,2020.0,3.0,39654.88,0.0,0.0,0.0,15.86,15.86,mixed use,0.0,0.0
1,Bundoora,55,2020.0,4.0,31380.63,0.0,0.0,0.0,12.55,12.55,mixed use,0.0,0.0
1,Bundoora,55,2020.0,5.0,33124.88,0.0,0.0,0.0,13.25,13.25,mixed use,0.0,0.0
1,Bundoora,55,2020.0,6.0,33629.88,0.0,0.0,0.0,13.45,13.45,mixed use,0.0,0.0
1,Bundoora,55,2020.0,7.0,35214.25,0.0,0.0,0.0,14.09,14.09,mixed use,0.0,0.0
1,Bundoora,55,2020.0,8.0,40302.25,0.0,0.0,0.0,16.12,16.12,mixed use,0.0,0.0
1,Bundoora,55,2020.0,9.0,41981.0,0.0,0.0,0.0,16.79,16.79,mixed use,0.0,0.0
1,Bundoora,55,2020.0,10.0,38488.38,0.0,0.0,0.0,15.4,15.4,mixed use,0.0,0.0
1,Bundoora,55,2020.0,11.0,33523.25,0.0,0.0,0.0,13.41,13.41,mixed use,0.0,0.0
1,Bundoora,55,2020.0,12.0,36133.0,0.0,0.0,0.0,14.45,14.45,mixed use,0.0,0.0
1,Bundoora,55,2021.0,1.0,32920.13,0.0,0.0,0.0,13.17,13.17,mixed use,0.0,0.0
1,Bundoora,55,2021.0,2.0,33983.13,0.0,0.0,0.0,13.59,13.59,mixed use,0.0,0.0
1,Bundoora,55,2021.0,3.0,42137.13,0.0,0.0,0.0,16.85,16.85,mixed use,0.0,0.0
1,Bundoora,55,2021.0,4.0,39902.38,0.0,0.0,0.0,15.96,15.96,mixed use,0.0,0.0
1,Bundoora,55,2021.0,5.0,38327.75,0.0,0.0,0.0,15.33,15.33,mixed use,0.0,0.0
1,Bundoora,55,2021.0,6.0,39111.0,0.0,0.0,0.0,15.64,15.64,mixed use,0.0,0.0
1,Bundoora,55,2021.0,7.0,42457.25,0.0,0.0,0.0,16.98,16.98,mixed use,0.0,0.0
1,Bundoora,55,2021.0,8.0,40216.75,0.0,0.0,0.0,16.09,16.09,mixed use,0.0,0.0
1,Bundoora,55,2021.0,9.0,39891.25,0.0,0.0,0.0,15.96,15.96,mixed use,0.0,0.0
1,Bundoora,55,2021.0,10.0,41021.25,0.0,0.0,0.0,16.41,16.41,mixed use,0.0,0.0
1,Bundoora,55,2021.0,11.0,37271.0,0.0,0.0,0.0,14.91,14.91,mixed use,0.0,0.0
1,Bundoora,55,2021.0,12.0,40823.25,0.0,0.0,0.0,16.33,16.33,mixed use,0.0,0.0
1,Bundoora,55,2022.0,1.0,39878.5,0.0,0.0,0.0,15.95,15.95,mixed use,0.0,0.0
1,Bundoora,55,2022.0,2.0,36611.25,0.0,0.0,0.0,14.64,14.64,mixed use,0.0,0.0
1,Bundoora,55,2022.0,3.0,34498.0,0.0,0.0,0.0,13.8,13.8,mixed use,0.0,0.0
1,Bundoora,55,2022.0,4.0,40396.25,0.0,0.0,0.0,16.16,16.16,mixed use,0.0,0.0
1,Bundoora,56,2018.0,1.0,6566.59,0.0,0.0,0.0,2.63,2.63,sport,71171.19999999994,4e-05
1,Bundoora,56,2018.0,2.0,5563.78,0.0,0.0,0.0,2.23,2.23,sport,71171.19999999994,3e-05
1,Bundoora,56,2018.0,3.0,5366.94,0.0,0.0,0.0,2.15,2.15,sport,71171.19999999994,3e-05
1,Bundoora,56,2018.0,4.0,6384.47,0.0,0.0,0.0,2.55,2.55,sport,71171.19999999994,4e-05
1,Bundoora,56,2018.0,5.0,1995.0,30.75,0.0,0.16,0.8,0.96,sport,71171.19999999994,1e-05
1,Bundoora,56,2018.0,9.0,11983.63,33.38,0.0,0.18,4.79,4.97,sport,71171.19999999994,7e-05
1,Bundoora,56,2018.0,10.0,21909.09,31.06,0.0,0.16,8.76,8.93,sport,71171.19999999994,0.00013
1,Bundoora,56,2018.0,11.0,18224.03,27.8,0.0,0.15,7.29,7.44,sport,71171.19999999994,0.0001
1,Bundoora,56,2018.0,12.0,19975.25,15.94,0.0,0.08,7.99,8.07,sport,71171.19999999994,0.00011
1,Bundoora,56,2019.0,1.0,20575.5,14.27,0.0,0.08,8.23,8.31,sport,71171.19999999994,0.00012
1,Bundoora,56,2019.0,2.0,22567.38,20.38,0.0,0.11,9.03,9.13,sport,71171.19999999994,0.00013
1,Bundoora,56,2019.0,3.0,30167.78,24.36,0.0,0.13,12.07,12.2,sport,71171.19999999994,0.00017
1,Bundoora,56,2019.0,4.0,27537.59,26.29,0.0,0.14,11.02,11.15,sport,71171.19999999994,0.00016
1,Bundoora,56,2019.0,5.0,28976.88,31.07,0.0,0.16,11.59,11.76,sport,71171.19999999994,0.00017
1,Bundoora,56,2019.0,6.0,29512.25,32.16,0.0,0.17,11.8,11.98,sport,71171.19999999994,0.00017
1,Bundoora,56,2019.0,7.0,33714.38,33.77,0.0,0.18,13.49,13.66,sport,71171.19999999994,0.00019
1,Bundoora,56,2019.0,8.0,34628.56,34.2,0.0,0.18,13.85,14.03,sport,71171.19999999994,0.0002
1,Bundoora,56,2019.0,9.0,31279.25,30.21,0.0,0.16,12.51,12.67,sport,71171.19999999994,0.00018
1,Bundoora,56,2019.0,10.0,31627.38,27.82,0.0,0.15,12.65,12.8,sport,71171.19999999994,0.00018
1,Bundoora,56,2019.0,11.0,31767.25,23.8,0.0,0.13,12.71,12.83,sport,71171.19999999994,0.00018
1,Bundoora,56,2019.0,12.0,26863.81,13.12,0.0,0.07,10.75,10.82,sport,71171.19999999994,0.00015
1,Bundoora,56,2020.0,1.0,23555.75,0.0,0.0,0.0,9.42,9.42,sport,71171.19999999994,0.00013
1,Bundoora,56,2020.0,2.0,22655.13,0.0,0.0,0.0,9.06,9.06,sport,71171.19999999994,0.00013
1,Bundoora,56,2020.0,3.0,26794.38,0.0,0.0,0.0,10.72,10.72,sport,71171.19999999994,0.00015
1,Bundoora,56,2020.0,4.0,17582.31,0.0,0.0,0.0,7.03,7.03,sport,71171.19999999994,0.0001
1,Bundoora,56,2020.0,5.0,18905.69,0.0,0.0,0.0,7.56,7.56,sport,71171.19999999994,0.00011
1,Bundoora,56,2020.0,6.0,24353.31,0.0,0.0,0.0,9.74,9.74,sport,71171.19999999994,0.00014
1,Bundoora,56,2020.0,7.0,17329.31,0.0,0.0,0.0,6.93,6.93,sport,71171.19999999994,0.0001
1,Bundoora,56,2020.0,8.0,16262.75,0.0,0.0,0.0,6.51,6.51,sport,71171.19999999994,9e-05
1,Bundoora,56,2020.0,9.0,15005.56,0.0,0.0,0.0,6.0,6.0,sport,71171.19999999994,8e-05
1,Bundoora,56,2020.0,10.0,17208.25,0.0,0.0,0.0,6.88,6.88,sport,71171.19999999994,0.0001
1,Bundoora,56,2020.0,11.0,21641.81,0.0,0.0,0.0,8.66,8.66,sport,71171.19999999994,0.00012
1,Bundoora,56,2020.0,12.0,22472.0,0.0,0.0,0.0,8.99,8.99,sport,71171.19999999994,0.00013
1,Bundoora,56,2021.0,1.0,30903.5,18.11,1064.04,0.1,12.36,12.46,sport,71171.19999999994,0.00018
1,Bundoora,56,2021.0,2.0,31511.5,21.63,1085.12,0.11,12.6,12.72,sport,71171.19999999994,0.00018
1,Bundoora,56,2021.0,3.0,35027.88,22.89,1081.78,0.12,14.01,14.13,sport,71171.19999999994,0.0002
1,Bundoora,56,2021.0,4.0,34294.25,25.06,1100.72,0.13,13.72,13.85,sport,71171.19999999994,0.00019
1,Bundoora,56,2021.0,5.0,37409.25,27.92,1105.42,0.15,14.96,15.11,sport,71171.19999999994,0.00021
1,Bundoora,56,2021.0,6.0,30539.13,26.95,1111.34,0.14,12.22,12.36,sport,71171.19999999994,0.00017
1,Bundoora,56,2021.0,7.0,32754.5,28.97,1117.74,0.15,13.1,13.26,sport,71171.19999999994,0.00019
1,Bundoora,56,2021.0,8.0,25369.0,26.24,1124.09,0.14,10.15,10.29,sport,71171.19999999994,0.00014
1,Bundoora,56,2021.0,9.0,18228.75,24.62,1137.55,0.13,7.29,7.42,sport,71171.19999999994,0.0001
1,Bundoora,56,2021.0,10.0,18762.0,23.37,7764.9,0.12,7.5,7.63,sport,71171.19999999994,0.00011
1,Bundoora,56,2021.0,11.0,18006.13,23.11,7465.39,0.12,7.2,7.32,sport,71171.19999999994,0.0001
1,Bundoora,56,2021.0,12.0,22936.88,15.03,11109.6,0.08,9.17,9.25,sport,71171.19999999994,0.00013
1,Bundoora,56,2022.0,1.0,22106.63,0.0,12669.06,0.0,8.84,8.84,sport,71171.19999999994,0.00012
1,Bundoora,56,2022.0,2.0,22259.63,0.0,12688.2,0.0,8.9,8.9,sport,71171.19999999994,0.00013
1,Bundoora,56,2022.0,3.0,24148.75,0.0,9218.24,0.0,9.66,9.66,sport,71171.19999999994,0.00014
1,Bundoora,56,2022.0,4.0,25343.38,0.0,1891.86,0.0,10.14,10.14,sport,71171.19999999994,0.00014
1,Bundoora,57,2019.0,11.0,8052.03,1100.63,0.0,5.83,3.22,9.05,teaching,3291656.199999991,0.0
1,Bundoora,57,2019.0,12.0,39127.14,606.91,0.0,3.22,15.65,18.87,teaching,3291656.199999991,1e-05
1,Bundoora,57,2020.0,1.0,25780.88,0.0,0.0,0.0,10.31,10.31,teaching,3291656.199999991,0.0
1,Bundoora,57,2020.0,2.0,27845.37,0.0,0.0,0.0,11.14,11.14,teaching,3291656.199999991,0.0
1,Bundoora,57,2020.0,3.0,30736.2,0.0,0.0,0.0,12.29,12.29,teaching,3291656.199999991,0.0
1,Bundoora,57,2020.0,4.0,18812.93,0.0,0.0,0.0,7.53,7.53,teaching,3291656.199999991,0.0
1,Bundoora,57,2020.0,5.0,13975.1,0.0,0.0,0.0,5.59,5.59,teaching,3291656.199999991,0.0
1,Bundoora,57,2020.0,6.0,31602.1,0.0,0.0,0.0,12.64,12.64,teaching,3291656.199999991,0.0
1,Bundoora,57,2020.0,7.0,35073.27,0.0,0.0,0.0,14.03,14.03,teaching,3291656.199999991,0.0
1,Bundoora,57,2020.0,8.0,29156.49,0.0,0.0,0.0,11.66,11.66,teaching,3291656.199999991,0.0
1,Bundoora,57,2020.0,9.0,19511.56,0.0,0.0,0.0,7.8,7.8,teaching,3291656.199999991,0.0
1,Bundoora,57,2020.0,10.0,19628.66,0.0,0.0,0.0,7.85,7.85,teaching,3291656.199999991,0.0
1,Bundoora,57,2020.0,11.0,23437.03,0.0,0.0,0.0,9.37,9.37,teaching,3291656.199999991,0.0
1,Bundoora,57,2020.0,12.0,26448.09,0.0,0.0,0.0,10.58,10.58,teaching,3291656.199999991,0.0
1,Bundoora,57,2021.0,1.0,35868.59,837.72,49211.8,4.44,14.35,18.79,teaching,3291656.199999991,1e-05
1,Bundoora,57,2021.0,2.0,10426.56,1000.41,50186.41,5.3,4.17,9.47,teaching,3291656.199999991,0.0
1,Bundoora,58,2018.0,1.0,23670.06,0.0,0.0,0.0,9.47,9.47,mixed use,968797.2600000042,1e-05
1,Bundoora,58,2018.0,2.0,19109.84,0.0,0.0,0.0,7.64,7.64,mixed use,968797.2600000042,1e-05
1,Bundoora,58,2018.0,3.0,21546.94,0.0,0.0,0.0,8.62,8.62,mixed use,968797.2600000042,1e-05
1,Bundoora,58,2018.0,4.0,20695.5,0.0,0.0,0.0,8.28,8.28,mixed use,968797.2600000042,1e-05
1,Bundoora,58,2018.0,5.0,20752.13,418.52,0.0,2.22,8.3,10.52,mixed use,968797.2600000042,1e-05
1,Bundoora,58,2018.0,6.0,16581.94,462.11,0.0,2.45,6.63,9.08,mixed use,968797.2600000042,1e-05
1,Bundoora,58,2018.0,7.0,19221.59,494.31,0.0,2.62,7.69,10.31,mixed use,968797.2600000042,1e-05
1,Bundoora,58,2018.0,8.0,19498.38,480.91,0.0,2.55,7.8,10.35,mixed use,968797.2600000042,1e-05
1,Bundoora,58,2018.0,9.0,20098.38,454.4,0.0,2.41,8.04,10.45,mixed use,968797.2600000042,1e-05
1,Bundoora,58,2018.0,10.0,22388.0,422.78,0.0,2.24,8.96,11.2,mixed use,968797.2600000042,1e-05
1,Bundoora,58,2018.0,11.0,20347.5,378.39,0.0,2.01,8.14,10.14,mixed use,968797.2600000042,1e-05
1,Bundoora,58,2018.0,12.0,18221.44,216.94,0.0,1.15,7.29,8.44,mixed use,968797.2600000042,1e-05
1,Bundoora,58,2019.0,1.0,20073.06,194.2,0.0,1.03,8.03,9.06,mixed use,968797.2600000042,1e-05
1,Bundoora,58,2019.0,2.0,19031.44,277.44,0.0,1.47,7.61,9.08,mixed use,968797.2600000042,1e-05
1,Bundoora,58,2019.0,3.0,20383.0,331.59,0.0,1.76,8.15,9.91,mixed use,968797.2600000042,1e-05
1,Bundoora,58,2019.0,4.0,18564.19,357.9,0.0,1.9,7.43,9.32,mixed use,968797.2600000042,1e-05
1,Bundoora,58,2019.0,5.0,22033.69,422.87,0.0,2.24,8.81,11.05,mixed use,968797.2600000042,1e-05
1,Bundoora,58,2019.0,6.0,19979.13,437.81,0.0,2.32,7.99,10.31,mixed use,968797.2600000042,1e-05
1,Bundoora,58,2019.0,7.0,21803.94,459.66,0.0,2.44,8.72,11.16,mixed use,968797.2600000042,1e-05
1,Bundoora,58,2019.0,8.0,18813.94,465.56,0.0,2.47,7.53,9.99,mixed use,968797.2600000042,1e-05
1,Bundoora,58,2019.0,9.0,21656.56,411.26,0.0,2.18,8.66,10.84,mixed use,968797.2600000042,1e-05
1,Bundoora,58,2019.0,10.0,21797.44,378.7,0.0,2.01,8.72,10.73,mixed use,968797.2600000042,1e-05
1,Bundoora,58,2019.0,11.0,18760.81,323.94,0.0,1.72,7.5,9.22,mixed use,968797.2600000042,1e-05
1,Bundoora,58,2019.0,12.0,18725.81,178.62,0.0,0.95,7.49,8.44,mixed use,968797.2600000042,1e-05
1,Bundoora,58,2020.0,1.0,19470.06,0.0,0.0,0.0,7.79,7.79,mixed use,968797.2600000042,1e-05
1,Bundoora,58,2020.0,2.0,18716.5,0.0,0.0,0.0,7.49,7.49,mixed use,968797.2600000042,1e-05
1,Bundoora,58,2020.0,3.0,21686.06,0.0,0.0,0.0,8.67,8.67,mixed use,968797.2600000042,1e-05
1,Bundoora,58,2020.0,4.0,17336.25,0.0,0.0,0.0,6.93,6.93,mixed use,968797.2600000042,1e-05
1,Bundoora,58,2020.0,5.0,17396.5,0.0,0.0,0.0,6.96,6.96,mixed use,968797.2600000042,1e-05
1,Bundoora,58,2020.0,6.0,16596.56,0.0,0.0,0.0,6.64,6.64,mixed use,968797.2600000042,1e-05
1,Bundoora,58,2020.0,7.0,13185.44,0.0,0.0,0.0,5.27,5.27,mixed use,968797.2600000042,1e-05
1,Bundoora,58,2020.0,8.0,13152.06,0.0,0.0,0.0,5.26,5.26,mixed use,968797.2600000042,1e-05
1,Bundoora,58,2020.0,9.0,11981.31,0.0,0.0,0.0,4.79,4.79,mixed use,968797.2600000042,0.0
1,Bundoora,58,2020.0,10.0,11033.13,0.0,0.0,0.0,4.41,4.41,mixed use,968797.2600000042,0.0
1,Bundoora,58,2020.0,11.0,11175.38,0.0,0.0,0.0,4.47,4.47,mixed use,968797.2600000042,0.0
1,Bundoora,58,2020.0,12.0,6104.75,0.0,0.0,0.0,2.44,2.44,mixed use,968797.2600000042,0.0
1,Bundoora,58,2021.0,1.0,7008.88,246.56,14483.97,1.31,2.8,4.11,mixed use,968797.2600000042,0.0
1,Bundoora,58,2021.0,2.0,7677.38,294.44,14770.82,1.56,3.07,4.63,mixed use,968797.2600000042,0.0
1,Bundoora,58,2021.0,3.0,9664.25,311.58,14725.45,1.65,3.87,5.52,mixed use,968797.2600000042,1e-05
1,Bundoora,58,2021.0,4.0,12378.75,341.06,14983.21,1.81,4.95,6.76,mixed use,968797.2600000042,1e-05
1,Bundoora,58,2021.0,5.0,12832.75,379.99,15047.25,2.01,5.13,7.15,mixed use,968797.2600000042,1e-05
1,Bundoora,58,2021.0,6.0,13926.5,366.78,15127.81,1.94,5.57,7.51,mixed use,968797.2600000042,1e-05
1,Bundoora,58,2021.0,7.0,16123.75,394.41,15214.93,2.09,6.45,8.54,mixed use,968797.2600000042,1e-05
1,Bundoora,58,2021.0,8.0,15880.75,357.2,15301.4,1.89,6.35,8.25,mixed use,968797.2600000042,1e-05
1,Bundoora,58,2021.0,9.0,16480.75,335.07,15484.59,1.78,6.59,8.37,mixed use,968797.2600000042,1e-05
1,Bundoora,58,2021.0,10.0,14429.75,318.12,105697.39,1.69,5.77,7.46,mixed use,968797.2600000042,1e-05
1,Bundoora,58,2021.0,11.0,14229.5,314.64,101620.45,1.67,5.69,7.36,mixed use,968797.2600000042,1e-05
1,Bundoora,58,2021.0,12.0,16138.75,204.61,151226.14,1.08,6.46,7.54,mixed use,968797.2600000042,1e-05
1,Bundoora,58,2022.0,1.0,14088.0,0.0,172453.89,0.0,5.64,5.64,mixed use,968797.2600000042,1e-05
1,Bundoora,58,2022.0,2.0,15669.75,0.0,172714.48,0.0,6.27,6.27,mixed use,968797.2600000042,1e-05
1,Bundoora,58,2022.0,3.0,16108.88,0.0,125480.66,0.0,6.44,6.44,mixed use,968797.2600000042,1e-05
1,Bundoora,58,2022.0,4.0,14837.13,0.0,25752.37,0.0,5.93,5.93,mixed use,968797.2600000042,1e-05
1,Bundoora,59,2018.0,1.0,80321.94,0.0,0.0,0.0,32.13,32.13,mixed use,3255395.129999976,1e-05
1,Bundoora,59,2018.0,2.0,69773.13,0.0,0.0,0.0,27.91,27.91,mixed use,3255395.129999976,1e-05
1,Bundoora,59,2018.0,3.0,75849.06,0.0,0.0,0.0,30.34,30.34,mixed use,3255395.129999976,1e-05
1,Bundoora,59,2018.0,4.0,68195.81,0.0,0.0,0.0,27.28,27.28,mixed use,3255395.129999976,1e-05
1,Bundoora,59,2018.0,5.0,72498.38,1406.31,0.0,7.45,29.0,36.45,mixed use,3255395.129999976,1e-05
1,Bundoora,59,2018.0,6.0,62926.63,1552.79,0.0,8.23,25.17,33.4,mixed use,3255395.129999976,1e-05
1,Bundoora,59,2018.0,7.0,62456.38,1661.0,0.0,8.8,24.98,33.79,mixed use,3255395.129999976,1e-05
1,Bundoora,59,2018.0,8.0,64822.25,1615.96,0.0,8.56,25.93,34.49,mixed use,3255395.129999976,1e-05
1,Bundoora,59,2018.0,9.0,66908.75,1526.91,0.0,8.09,26.76,34.86,mixed use,3255395.129999976,1e-05
1,Bundoora,59,2018.0,10.0,73214.88,1420.64,0.0,7.53,29.29,36.82,mixed use,3255395.129999976,1e-05
1,Bundoora,59,2018.0,11.0,71566.63,1271.49,0.0,6.74,28.63,35.37,mixed use,3255395.129999976,1e-05
1,Bundoora,59,2018.0,12.0,76572.38,728.98,0.0,3.86,30.63,34.49,mixed use,3255395.129999976,1e-05
1,Bundoora,59,2019.0,1.0,73805.13,652.55,0.0,3.46,29.52,32.98,mixed use,3255395.129999976,1e-05
1,Bundoora,59,2019.0,2.0,64139.13,932.28,0.0,4.94,25.66,30.6,mixed use,3255395.129999976,1e-05
1,Bundoora,59,2019.0,3.0,76486.63,1114.23,0.0,5.91,30.59,36.5,mixed use,3255395.129999976,1e-05
1,Bundoora,59,2019.0,4.0,66680.88,1202.64,0.0,6.37,26.67,33.05,mixed use,3255395.129999976,1e-05
1,Bundoora,59,2019.0,5.0,61279.13,1420.96,0.0,7.53,24.51,32.04,mixed use,3255395.129999976,1e-05
1,Bundoora,59,2019.0,6.0,46425.38,1471.15,0.0,7.8,18.57,26.37,mixed use,3255395.129999976,1e-05
1,Bundoora,59,2019.0,7.0,57046.0,1544.58,0.0,8.19,22.82,31.0,mixed use,3255395.129999976,1e-05
1,Bundoora,59,2019.0,8.0,55880.88,1564.39,0.0,8.29,22.35,30.64,mixed use,3255395.129999976,1e-05
1,Bundoora,59,2019.0,9.0,52805.75,1381.92,0.0,7.32,21.12,28.45,mixed use,3255395.129999976,1e-05
1,Bundoora,59,2019.0,10.0,54401.0,1272.53,0.0,6.74,21.76,28.5,mixed use,3255395.129999976,1e-05
1,Bundoora,59,2019.0,11.0,49289.25,1088.5,0.0,5.77,19.72,25.48,mixed use,3255395.129999976,1e-05
1,Bundoora,59,2019.0,12.0,47090.75,600.22,0.0,3.18,18.84,22.02,mixed use,3255395.129999976,1e-05
1,Bundoora,59,2020.0,1.0,51422.25,0.0,0.0,0.0,20.57,20.57,mixed use,3255395.129999976,1e-05
1,Bundoora,59,2020.0,2.0,47364.5,0.0,0.0,0.0,18.95,18.95,mixed use,3255395.129999976,1e-05
1,Bundoora,59,2020.0,3.0,50424.75,0.0,0.0,0.0,20.17,20.17,mixed use,3255395.129999976,1e-05
1,Bundoora,59,2020.0,4.0,30485.26,0.0,0.0,0.0,12.19,12.19,mixed use,3255395.129999976,0.0
1,Bundoora,59,2020.0,5.0,24145.29,0.0,0.0,0.0,9.66,9.66,mixed use,3255395.129999976,0.0
1,Bundoora,59,2020.0,6.0,26663.82,0.0,0.0,0.0,10.67,10.67,mixed use,3255395.129999976,0.0
1,Bundoora,59,2020.0,7.0,18945.22,0.0,0.0,0.0,7.58,7.58,mixed use,3255395.129999976,0.0
1,Bundoora,59,2020.0,8.0,22892.01,0.0,0.0,0.0,9.16,9.16,mixed use,3255395.129999976,0.0
1,Bundoora,59,2020.0,9.0,27252.96,0.0,0.0,0.0,10.9,10.9,mixed use,3255395.129999976,0.0
1,Bundoora,59,2020.0,10.0,22438.76,0.0,0.0,0.0,8.98,8.98,mixed use,3255395.129999976,0.0
1,Bundoora,59,2020.0,11.0,37969.84,0.0,0.0,0.0,15.19,15.19,mixed use,3255395.129999976,0.0
1,Bundoora,59,2020.0,12.0,35862.22,0.0,0.0,0.0,14.34,14.34,mixed use,3255395.129999976,0.0
1,Bundoora,59,2021.0,1.0,53032.73,828.5,48669.68,4.39,21.21,25.6,mixed use,3255395.129999976,1e-05
1,Bundoora,59,2021.0,2.0,47317.54,989.39,49633.55,5.24,18.93,24.17,mixed use,3255395.129999976,1e-05
1,Bundoora,59,2021.0,3.0,48244.72,1046.99,49481.09,5.55,19.3,24.85,mixed use,3255395.129999976,1e-05
1,Bundoora,59,2021.0,4.0,36497.21,1146.06,50347.26,6.07,14.6,20.67,mixed use,3255395.129999976,1e-05
1,Bundoora,59,2021.0,5.0,35123.92,1276.87,50562.43,6.77,14.05,20.82,mixed use,3255395.129999976,1e-05
1,Bundoora,59,2021.0,6.0,39717.26,1232.49,50833.13,6.53,15.89,22.42,mixed use,3255395.129999976,1e-05
1,Bundoora,59,2021.0,7.0,32520.06,1325.31,51125.88,7.02,13.01,20.03,mixed use,3255395.129999976,1e-05
1,Bundoora,59,2021.0,8.0,31013.76,1200.28,51416.43,6.36,12.41,18.77,mixed use,3255395.129999976,1e-05
1,Bundoora,59,2021.0,9.0,30818.56,1125.91,52032.0,5.97,12.33,18.29,mixed use,3255395.129999976,1e-05
1,Bundoora,59,2021.0,10.0,30116.92,1068.96,355169.03,5.67,12.05,17.71,mixed use,3255395.129999976,1e-05
1,Bundoora,59,2021.0,11.0,30394.54,1057.27,341469.52,5.6,12.16,17.76,mixed use,3255395.129999976,1e-05
1,Bundoora,59,2021.0,12.0,40698.4,687.54,508156.73,3.64,16.28,19.92,mixed use,3255395.129999976,1e-05
1,Bundoora,59,2022.0,1.0,56284.39,0.0,579487.13,0.0,22.51,22.51,mixed use,3255395.129999976,1e-05
1,Bundoora,59,2022.0,2.0,43493.67,0.0,580362.8,0.0,17.4,17.4,mixed use,3255395.129999976,1e-05
1,Bundoora,59,2022.0,3.0,43956.38,0.0,421645.63,0.0,17.58,17.58,mixed use,3255395.129999976,1e-05
1,Bundoora,59,2022.0,4.0,36298.7,0.0,86534.24,0.0,14.52,14.52,mixed use,3255395.129999976,0.0
1,Bundoora,60,2018.0,1.0,27825.63,0.0,0.0,0.0,11.13,11.13,mixed use,1208347.8399999996,1e-05
1,Bundoora,60,2018.0,2.0,18993.0,0.0,0.0,0.0,7.6,7.6,mixed use,1208347.8399999996,1e-05
1,Bundoora,60,2018.0,3.0,20287.78,0.0,0.0,0.0,8.12,8.12,mixed use,1208347.8399999996,1e-05
1,Bundoora,60,2018.0,4.0,20460.5,0.0,0.0,0.0,8.18,8.18,mixed use,1208347.8399999996,1e-05
1,Bundoora,60,2018.0,5.0,21138.53,522.0,0.0,2.77,8.46,11.22,mixed use,1208347.8399999996,1e-05
1,Bundoora,60,2018.0,6.0,13871.38,576.37,0.0,3.05,5.55,8.6,mixed use,1208347.8399999996,1e-05
1,Bundoora,60,2018.0,7.0,17568.88,616.54,0.0,3.27,7.03,10.3,mixed use,1208347.8399999996,1e-05
1,Bundoora,60,2018.0,8.0,16167.59,599.82,0.0,3.18,6.47,9.65,mixed use,1208347.8399999996,1e-05
1,Bundoora,60,2018.0,9.0,12610.03,566.76,0.0,3.0,5.04,8.05,mixed use,1208347.8399999996,1e-05
1,Bundoora,60,2018.0,10.0,26085.53,527.32,0.0,2.79,10.43,13.23,mixed use,1208347.8399999996,1e-05
1,Bundoora,60,2018.0,11.0,22446.13,471.95,0.0,2.5,8.98,11.48,mixed use,1208347.8399999996,1e-05
1,Bundoora,60,2018.0,12.0,32018.63,270.59,0.0,1.43,12.81,14.24,mixed use,1208347.8399999996,1e-05
1,Bundoora,60,2019.0,1.0,38485.69,242.21,0.0,1.28,15.39,16.68,mixed use,1208347.8399999996,1e-05
1,Bundoora,60,2019.0,2.0,29887.25,346.05,0.0,1.83,11.95,13.79,mixed use,1208347.8399999996,1e-05
1,Bundoora,60,2019.0,3.0,28213.63,413.58,0.0,2.19,11.29,13.48,mixed use,1208347.8399999996,1e-05
1,Bundoora,60,2019.0,4.0,32714.81,446.4,0.0,2.37,13.09,15.45,mixed use,1208347.8399999996,1e-05
1,Bundoora,60,2019.0,5.0,19177.38,527.44,0.0,2.8,7.67,10.47,mixed use,1208347.8399999996,1e-05
1,Bundoora,60,2019.0,6.0,11066.19,546.06,0.0,2.89,4.43,7.32,mixed use,1208347.8399999996,1e-05
1,Bundoora,60,2019.0,7.0,20360.56,573.32,0.0,3.04,8.14,11.18,mixed use,1208347.8399999996,1e-05
1,Bundoora,60,2019.0,8.0,11990.88,580.68,0.0,3.08,4.8,7.87,mixed use,1208347.8399999996,1e-05
1,Bundoora,60,2019.0,9.0,16369.63,512.95,0.0,2.72,6.55,9.27,mixed use,1208347.8399999996,1e-05
1,Bundoora,60,2019.0,10.0,19699.81,472.34,0.0,2.5,7.88,10.38,mixed use,1208347.8399999996,1e-05
1,Bundoora,60,2019.0,11.0,20586.81,404.03,0.0,2.14,8.23,10.38,mixed use,1208347.8399999996,1e-05
1,Bundoora,60,2019.0,12.0,24943.75,222.79,0.0,1.18,9.98,11.16,mixed use,1208347.8399999996,1e-05
1,Bundoora,60,2020.0,1.0,28772.44,0.0,0.0,0.0,11.51,11.51,mixed use,1208347.8399999996,1e-05
1,Bundoora,60,2020.0,2.0,21638.63,0.0,0.0,0.0,8.66,8.66,mixed use,1208347.8399999996,1e-05
1,Bundoora,60,2020.0,3.0,20766.06,0.0,0.0,0.0,8.31,8.31,mixed use,1208347.8399999996,1e-05
1,Bundoora,60,2020.0,4.0,2535.94,0.0,0.0,0.0,1.01,1.01,mixed use,1208347.8399999996,0.0
1,Bundoora,61,2018.0,1.0,46367.81,0.0,0.0,0.0,18.55,18.55,mixed use,1208347.8399999996,2e-05
1,Bundoora,61,2018.0,2.0,50545.62,0.0,0.0,0.0,20.22,20.22,mixed use,1208347.8399999996,2e-05
1,Bundoora,61,2018.0,3.0,55684.8,0.0,0.0,0.0,22.27,22.27,mixed use,1208347.8399999996,2e-05
1,Bundoora,61,2018.0,4.0,50361.61,0.0,0.0,0.0,20.14,20.14,mixed use,1208347.8399999996,2e-05
1,Bundoora,61,2018.0,5.0,49598.31,522.0,0.0,2.77,19.84,22.61,mixed use,1208347.8399999996,2e-05
1,Bundoora,61,2018.0,6.0,46238.65,576.37,0.0,3.05,18.5,21.55,mixed use,1208347.8399999996,2e-05
1,Bundoora,61,2018.0,7.0,49381.8,616.54,0.0,3.27,19.75,23.02,mixed use,1208347.8399999996,2e-05
1,Bundoora,61,2018.0,8.0,55590.07,599.82,0.0,3.18,22.24,25.42,mixed use,1208347.8399999996,2e-05
1,Bundoora,61,2018.0,9.0,39436.42,566.76,0.0,3.0,15.77,18.78,mixed use,1208347.8399999996,2e-05
1,Bundoora,61,2018.0,10.0,42795.54,527.32,0.0,2.79,17.12,19.91,mixed use,1208347.8399999996,2e-05
1,Bundoora,61,2018.0,11.0,39365.57,471.95,0.0,2.5,15.75,18.25,mixed use,1208347.8399999996,2e-05
1,Bundoora,61,2018.0,12.0,35013.67,270.59,0.0,1.43,14.01,15.44,mixed use,1208347.8399999996,1e-05
1,Bundoora,61,2019.0,1.0,38203.92,242.21,0.0,1.28,15.28,16.57,mixed use,1208347.8399999996,1e-05
1,Bundoora,61,2019.0,2.0,43538.39,346.05,0.0,1.83,17.42,19.25,mixed use,1208347.8399999996,2e-05
1,Bundoora,61,2019.0,3.0,47622.46,413.58,0.0,2.19,19.05,21.24,mixed use,1208347.8399999996,2e-05
1,Bundoora,61,2019.0,4.0,43469.34,446.4,0.0,2.37,17.39,19.75,mixed use,1208347.8399999996,2e-05
1,Bundoora,61,2019.0,5.0,44230.02,527.44,0.0,2.8,17.69,20.49,mixed use,1208347.8399999996,2e-05
1,Bundoora,61,2019.0,6.0,35084.77,546.06,0.0,2.89,14.03,16.93,mixed use,1208347.8399999996,1e-05
1,Bundoora,61,2019.0,7.0,35152.61,573.32,0.0,3.04,14.06,17.1,mixed use,1208347.8399999996,1e-05
1,Bundoora,61,2019.0,8.0,36317.69,580.68,0.0,3.08,14.53,17.6,mixed use,1208347.8399999996,1e-05
1,Bundoora,61,2019.0,9.0,33166.75,512.95,0.0,2.72,13.27,15.99,mixed use,1208347.8399999996,1e-05
1,Bundoora,61,2019.0,10.0,34888.08,472.34,0.0,2.5,13.96,16.46,mixed use,1208347.8399999996,1e-05
1,Bundoora,61,2019.0,11.0,32435.06,404.03,0.0,2.14,12.97,15.12,mixed use,1208347.8399999996,1e-05
1,Bundoora,61,2019.0,12.0,28899.08,222.79,0.0,1.18,11.56,12.74,mixed use,1208347.8399999996,1e-05
1,Bundoora,61,2020.0,1.0,27501.21,0.0,0.0,0.0,11.0,11.0,mixed use,1208347.8399999996,1e-05
1,Bundoora,61,2020.0,2.0,30619.25,0.0,0.0,0.0,12.25,12.25,mixed use,1208347.8399999996,1e-05
1,Bundoora,61,2020.0,3.0,32662.3,0.0,0.0,0.0,13.06,13.06,mixed use,1208347.8399999996,1e-05
1,Bundoora,61,2020.0,4.0,20293.01,0.0,0.0,0.0,8.12,8.12,mixed use,1208347.8399999996,1e-05
1,Bundoora,61,2020.0,5.0,25599.56,0.0,0.0,0.0,10.24,10.24,mixed use,1208347.8399999996,1e-05
1,Bundoora,61,2020.0,6.0,26249.95,0.0,0.0,0.0,10.5,10.5,mixed use,1208347.8399999996,1e-05
1,Bundoora,61,2020.0,7.0,25555.24,0.0,0.0,0.0,10.22,10.22,mixed use,1208347.8399999996,1e-05
1,Bundoora,61,2020.0,8.0,26468.78,0.0,0.0,0.0,10.59,10.59,mixed use,1208347.8399999996,1e-05
1,Bundoora,61,2020.0,9.0,22427.11,0.0,0.0,0.0,8.97,8.97,mixed use,1208347.8399999996,1e-05
1,Bundoora,61,2020.0,10.0,28593.89,0.0,0.0,0.0,11.44,11.44,mixed use,1208347.8399999996,1e-05
1,Bundoora,61,2020.0,11.0,27879.39,0.0,0.0,0.0,11.15,11.15,mixed use,1208347.8399999996,1e-05
1,Bundoora,61,2020.0,12.0,28169.72,0.0,0.0,0.0,11.27,11.27,mixed use,1208347.8399999996,1e-05
1,Bundoora,61,2021.0,1.0,29070.41,307.52,18065.37,1.63,11.63,13.26,mixed use,1208347.8399999996,1e-05
1,Bundoora,61,2021.0,2.0,30253.87,367.24,18423.14,1.95,12.1,14.05,mixed use,1208347.8399999996,1e-05
1,Bundoora,61,2021.0,3.0,28725.07,388.62,18366.55,2.06,11.49,13.55,mixed use,1208347.8399999996,1e-05
1,Bundoora,61,2021.0,4.0,26934.2,425.4,18688.05,2.25,10.77,13.03,mixed use,1208347.8399999996,1e-05
1,Bundoora,61,2021.0,5.0,24854.67,473.95,18767.92,2.51,9.94,12.45,mixed use,1208347.8399999996,1e-05
1,Bundoora,61,2021.0,6.0,20713.38,457.48,18868.4,2.42,8.29,10.71,mixed use,1208347.8399999996,1e-05
1,Bundoora,61,2021.0,7.0,21121.7,491.93,18977.06,2.61,8.45,11.06,mixed use,1208347.8399999996,1e-05
1,Bundoora,61,2021.0,8.0,22240.28,445.52,19084.91,2.36,8.9,11.26,mixed use,1208347.8399999996,1e-05
1,Bundoora,61,2021.0,9.0,22941.4,417.92,19313.4,2.21,9.18,11.39,mixed use,1208347.8399999996,1e-05
1,Bundoora,61,2021.0,10.0,23247.24,396.78,131832.76,2.1,9.3,11.4,mixed use,1208347.8399999996,1e-05
1,Bundoora,61,2021.0,11.0,18443.43,392.44,126747.73,2.08,7.38,9.46,mixed use,1208347.8399999996,1e-05
1,Bundoora,61,2021.0,12.0,19920.09,255.2,188619.22,1.35,7.97,9.32,mixed use,1208347.8399999996,1e-05
1,Bundoora,61,2022.0,1.0,21522.06,0.0,215095.86,0.0,8.61,8.61,mixed use,1208347.8399999996,1e-05
1,Bundoora,61,2022.0,2.0,20159.07,0.0,215420.89,0.0,8.06,8.06,mixed use,1208347.8399999996,1e-05
1,Bundoora,61,2022.0,3.0,21679.29,0.0,156507.76,0.0,8.67,8.67,mixed use,1208347.8399999996,1e-05
1,Bundoora,61,2022.0,4.0,19501.32,0.0,32120.05,0.0,7.8,7.8,mixed use,1208347.8399999996,1e-05
1,Bundoora,62,2018.0,1.0,35835.13,0.0,0.0,0.0,14.33,14.33,teaching,1274716.1699999983,1e-05
1,Bundoora,62,2018.0,2.0,34413.28,0.0,0.0,0.0,13.77,13.77,teaching,1274716.1699999983,1e-05
1,Bundoora,62,2018.0,3.0,37365.63,0.0,0.0,0.0,14.95,14.95,teaching,1274716.1699999983,1e-05
1,Bundoora,62,2018.0,4.0,33390.63,0.0,0.0,0.0,13.36,13.36,teaching,1274716.1699999983,1e-05
1,Bundoora,62,2018.0,5.0,37628.25,550.67,0.0,2.92,15.05,17.97,teaching,1274716.1699999983,1e-05
1,Bundoora,62,2018.0,6.0,36621.25,608.03,0.0,3.22,14.65,17.87,teaching,1274716.1699999983,1e-05
1,Bundoora,62,2018.0,7.0,36939.5,650.4,0.0,3.45,14.78,18.22,teaching,1274716.1699999983,1e-05
1,Bundoora,62,2018.0,8.0,40152.0,632.76,0.0,3.35,16.06,19.41,teaching,1274716.1699999983,2e-05
1,Bundoora,62,2018.0,9.0,40173.81,597.89,0.0,3.17,16.07,19.24,teaching,1274716.1699999983,2e-05
1,Bundoora,62,2018.0,10.0,41151.31,556.28,0.0,2.95,16.46,19.41,teaching,1274716.1699999983,2e-05
1,Bundoora,62,2018.0,11.0,36002.19,497.88,0.0,2.64,14.4,17.04,teaching,1274716.1699999983,1e-05
1,Bundoora,62,2018.0,12.0,35460.19,285.45,0.0,1.51,14.18,15.7,teaching,1274716.1699999983,1e-05
1,Bundoora,62,2019.0,1.0,35618.75,255.52,0.0,1.35,14.25,15.6,teaching,1274716.1699999983,1e-05
1,Bundoora,62,2019.0,2.0,34632.06,365.05,0.0,1.93,13.85,15.79,teaching,1274716.1699999983,1e-05
1,Bundoora,62,2019.0,3.0,41206.5,436.3,0.0,2.31,16.48,18.79,teaching,1274716.1699999983,1e-05
1,Bundoora,62,2019.0,4.0,39260.88,470.92,0.0,2.5,15.7,18.2,teaching,1274716.1699999983,1e-05
1,Bundoora,62,2019.0,5.0,42258.5,556.41,0.0,2.95,16.9,19.85,teaching,1274716.1699999983,2e-05
1,Bundoora,62,2019.0,6.0,38756.25,576.06,0.0,3.05,15.5,18.56,teaching,1274716.1699999983,1e-05
1,Bundoora,62,2019.0,7.0,40534.75,604.81,0.0,3.21,16.21,19.42,teaching,1274716.1699999983,2e-05
1,Bundoora,62,2019.0,8.0,41306.75,612.57,0.0,3.25,16.52,19.77,teaching,1274716.1699999983,2e-05
1,Bundoora,62,2019.0,9.0,40185.75,541.12,0.0,2.87,16.07,18.94,teaching,1274716.1699999983,1e-05
1,Bundoora,62,2019.0,10.0,41151.25,498.28,0.0,2.64,16.46,19.1,teaching,1274716.1699999983,1e-05
1,Bundoora,62,2019.0,11.0,36849.63,426.22,0.0,2.26,14.74,17.0,teaching,1274716.1699999983,1e-05
1,Bundoora,62,2019.0,12.0,34856.5,235.03,0.0,1.25,13.94,15.19,teaching,1274716.1699999983,1e-05
1,Bundoora,62,2020.0,1.0,33815.13,0.0,0.0,0.0,13.53,13.53,teaching,1274716.1699999983,1e-05
1,Bundoora,62,2020.0,2.0,31736.13,0.0,0.0,0.0,12.69,12.69,teaching,1274716.1699999983,1e-05
1,Bundoora,62,2020.0,3.0,34940.88,0.0,0.0,0.0,13.98,13.98,teaching,1274716.1699999983,1e-05
1,Bundoora,62,2020.0,4.0,25314.56,0.0,0.0,0.0,10.13,10.13,teaching,1274716.1699999983,1e-05
1,Bundoora,62,2020.0,5.0,22639.25,0.0,0.0,0.0,9.06,9.06,teaching,1274716.1699999983,1e-05
1,Bundoora,62,2020.0,6.0,23463.63,0.0,0.0,0.0,9.39,9.39,teaching,1274716.1699999983,1e-05
1,Bundoora,62,2020.0,7.0,25219.25,0.0,0.0,0.0,10.09,10.09,teaching,1274716.1699999983,1e-05
1,Bundoora,62,2020.0,8.0,24070.38,0.0,0.0,0.0,9.63,9.63,teaching,1274716.1699999983,1e-05
1,Bundoora,62,2020.0,9.0,20169.5,0.0,0.0,0.0,8.07,8.07,teaching,1274716.1699999983,1e-05
1,Bundoora,62,2020.0,10.0,21861.75,0.0,0.0,0.0,8.74,8.74,teaching,1274716.1699999983,1e-05
1,Bundoora,62,2020.0,11.0,19832.38,0.0,0.0,0.0,7.93,7.93,teaching,1274716.1699999983,1e-05
1,Bundoora,62,2020.0,12.0,19535.13,0.0,0.0,0.0,7.81,7.81,teaching,1274716.1699999983,1e-05
1,Bundoora,62,2021.0,1.0,20280.63,324.41,19057.6,1.72,8.11,9.83,teaching,1274716.1699999983,1e-05
1,Bundoora,62,2021.0,2.0,20449.75,387.42,19435.03,2.05,8.18,10.23,teaching,1274716.1699999983,1e-05
1,Bundoora,62,2021.0,3.0,30802.13,409.97,19375.33,2.17,12.32,14.49,teaching,1274716.1699999983,1e-05
1,Bundoora,62,2021.0,4.0,28043.5,448.76,19714.49,2.38,11.22,13.6,teaching,1274716.1699999983,1e-05
1,Bundoora,62,2021.0,5.0,30517.13,499.99,19798.75,2.65,12.21,14.86,teaching,1274716.1699999983,1e-05
1,Bundoora,62,2021.0,6.0,26308.13,482.61,19904.74,2.56,10.52,13.08,teaching,1274716.1699999983,1e-05
1,Bundoora,62,2021.0,7.0,27529.75,518.95,20019.38,2.75,11.01,13.76,teaching,1274716.1699999983,1e-05
1,Bundoora,62,2021.0,8.0,27225.75,469.99,20133.15,2.49,10.89,13.38,teaching,1274716.1699999983,1e-05
1,Bundoora,62,2021.0,9.0,24987.88,440.87,20374.19,2.34,10.0,12.33,teaching,1274716.1699999983,1e-05
1,Bundoora,62,2021.0,10.0,22737.75,418.57,139073.66,2.22,9.1,11.31,teaching,1274716.1699999983,1e-05
1,Bundoora,62,2021.0,11.0,20630.0,413.99,133709.33,2.19,8.25,10.45,teaching,1274716.1699999983,1e-05
1,Bundoora,62,2021.0,12.0,21902.0,269.22,198979.1,1.43,8.76,10.19,teaching,1274716.1699999983,1e-05
1,Bundoora,62,2022.0,1.0,23304.0,0.0,226909.97,0.0,9.32,9.32,teaching,1274716.1699999983,1e-05
1,Bundoora,62,2022.0,2.0,22390.75,0.0,227252.86,0.0,8.96,8.96,teaching,1274716.1699999983,1e-05
1,Bundoora,62,2022.0,3.0,28661.0,0.0,165103.92,0.0,11.46,11.46,teaching,1274716.1699999983,1e-05
1,Bundoora,62,2022.0,4.0,29425.0,0.0,33884.24,0.0,11.77,11.77,teaching,1274716.1699999983,1e-05
1,Bundoora,63,2018.0,1.0,52240.75,0.0,0.0,0.0,20.9,20.9,mixed use,1640647.3800000031,1e-05
1,Bundoora,63,2018.0,2.0,44195.63,0.0,0.0,0.0,17.68,17.68,mixed use,1640647.3800000031,1e-05
1,Bundoora,63,2018.0,3.0,49644.5,0.0,0.0,0.0,19.86,19.86,mixed use,1640647.3800000031,1e-05
1,Bundoora,63,2018.0,4.0,44165.5,0.0,0.0,0.0,17.67,17.67,mixed use,1640647.3800000031,1e-05
1,Bundoora,63,2018.0,5.0,57359.13,708.75,0.0,3.76,22.94,26.7,mixed use,1640647.3800000031,2e-05
1,Bundoora,63,2018.0,6.0,49253.63,782.57,0.0,4.15,19.7,23.85,mixed use,1640647.3800000031,1e-05
1,Bundoora,63,2018.0,7.0,51547.75,837.11,0.0,4.44,20.62,25.06,mixed use,1640647.3800000031,2e-05
1,Bundoora,63,2018.0,8.0,52347.13,814.41,0.0,4.32,20.94,25.26,mixed use,1640647.3800000031,2e-05
1,Bundoora,63,2018.0,9.0,46482.75,769.53,0.0,4.08,18.59,22.67,mixed use,1640647.3800000031,1e-05
1,Bundoora,63,2018.0,10.0,49344.5,715.97,0.0,3.79,19.74,23.53,mixed use,1640647.3800000031,1e-05
1,Bundoora,63,2018.0,11.0,47307.13,640.8,0.0,3.4,18.92,22.32,mixed use,1640647.3800000031,1e-05
1,Bundoora,63,2018.0,12.0,46769.25,367.39,0.0,1.95,18.71,20.65,mixed use,1640647.3800000031,1e-05
1,Bundoora,63,2019.0,1.0,54081.88,328.87,0.0,1.74,21.63,23.38,mixed use,1640647.3800000031,1e-05
1,Bundoora,63,2019.0,2.0,51157.13,469.85,0.0,2.49,20.46,22.95,mixed use,1640647.3800000031,1e-05
1,Bundoora,63,2019.0,3.0,51015.0,561.55,0.0,2.98,20.41,23.38,mixed use,1640647.3800000031,1e-05
1,Bundoora,63,2019.0,4.0,46478.38,606.1,0.0,3.21,18.59,21.8,mixed use,1640647.3800000031,1e-05
1,Bundoora,63,2019.0,5.0,55764.5,716.13,0.0,3.8,22.31,26.1,mixed use,1640647.3800000031,2e-05
1,Bundoora,63,2019.0,6.0,54195.25,741.42,0.0,3.93,21.68,25.61,mixed use,1640647.3800000031,2e-05
1,Bundoora,63,2019.0,7.0,57018.0,778.44,0.0,4.13,22.81,26.93,mixed use,1640647.3800000031,2e-05
1,Bundoora,63,2019.0,8.0,58867.5,788.42,0.0,4.18,23.55,27.73,mixed use,1640647.3800000031,2e-05
1,Bundoora,63,2019.0,9.0,48190.5,696.46,0.0,3.69,19.28,22.97,mixed use,1640647.3800000031,1e-05
1,Bundoora,63,2019.0,10.0,52023.25,641.33,0.0,3.4,20.81,24.21,mixed use,1640647.3800000031,1e-05
1,Bundoora,63,2019.0,11.0,46045.75,548.58,0.0,2.91,18.42,21.33,mixed use,1640647.3800000031,1e-05
1,Bundoora,63,2019.0,12.0,48120.5,302.5,0.0,1.6,19.25,20.85,mixed use,1640647.3800000031,1e-05
1,Bundoora,63,2020.0,1.0,43782.75,0.0,0.0,0.0,17.51,17.51,mixed use,1640647.3800000031,1e-05
1,Bundoora,63,2020.0,2.0,47201.1,0.0,0.0,0.0,18.88,18.88,mixed use,1640647.3800000031,1e-05
1,Bundoora,63,2020.0,3.0,38290.5,0.0,0.0,0.0,15.32,15.32,mixed use,1640647.3800000031,1e-05
1,Bundoora,63,2020.0,4.0,24750.05,0.0,0.0,0.0,9.9,9.9,mixed use,1640647.3800000031,1e-05
1,Bundoora,63,2020.0,5.0,26576.94,0.0,0.0,0.0,10.63,10.63,mixed use,1640647.3800000031,1e-05
1,Bundoora,63,2020.0,6.0,24889.55,0.0,0.0,0.0,9.96,9.96,mixed use,1640647.3800000031,1e-05
1,Bundoora,63,2020.0,7.0,22063.0,0.0,0.0,0.0,8.83,8.83,mixed use,1640647.3800000031,1e-05
1,Bundoora,63,2020.0,8.0,21441.11,0.0,0.0,0.0,8.58,8.58,mixed use,1640647.3800000031,1e-05
1,Bundoora,63,2020.0,9.0,16158.95,0.0,0.0,0.0,6.46,6.46,mixed use,1640647.3800000031,0.0
1,Bundoora,63,2020.0,10.0,16796.3,0.0,0.0,0.0,6.72,6.72,mixed use,1640647.3800000031,0.0
1,Bundoora,63,2020.0,11.0,15133.84,0.0,0.0,0.0,6.05,6.05,mixed use,1640647.3800000031,0.0
1,Bundoora,63,2020.0,12.0,14619.05,0.0,0.0,0.0,5.85,5.85,mixed use,1640647.3800000031,0.0
1,Bundoora,63,2021.0,1.0,14298.15,417.54,24528.45,2.21,5.72,7.93,mixed use,1640647.3800000031,0.0
1,Bundoora,63,2021.0,2.0,15577.31,498.63,25014.21,2.64,6.23,8.87,mixed use,1640647.3800000031,1e-05
1,Bundoora,63,2021.0,3.0,14114.31,527.66,24937.38,2.8,5.65,8.44,mixed use,1640647.3800000031,1e-05
1,Bundoora,63,2021.0,4.0,17835.14,577.59,25373.91,3.06,7.13,10.2,mixed use,1640647.3800000031,1e-05
1,Bundoora,63,2021.0,5.0,24067.52,643.52,25482.35,3.41,9.63,13.04,mixed use,1640647.3800000031,1e-05
1,Bundoora,63,2021.0,6.0,22187.06,621.15,25618.77,3.29,8.87,12.17,mixed use,1640647.3800000031,1e-05
1,Bundoora,63,2021.0,7.0,23126.64,667.93,25766.31,3.54,9.25,12.79,mixed use,1640647.3800000031,1e-05
1,Bundoora,63,2021.0,8.0,19647.44,604.91,25912.75,3.21,7.86,11.06,mixed use,1640647.3800000031,1e-05
1,Bundoora,63,2021.0,9.0,16045.21,567.43,26222.98,3.01,6.42,9.43,mixed use,1640647.3800000031,1e-05
1,Bundoora,63,2021.0,10.0,17237.09,538.73,178997.36,2.86,6.89,9.75,mixed use,1640647.3800000031,1e-05
1,Bundoora,63,2021.0,11.0,20657.0,532.84,172093.11,2.82,8.26,11.09,mixed use,1640647.3800000031,1e-05
1,Bundoora,63,2021.0,12.0,32320.75,346.5,256099.79,1.84,12.93,14.76,mixed use,1640647.3800000031,1e-05
1,Bundoora,63,2022.0,1.0,34176.07,0.0,292048.74,0.0,13.67,13.67,mixed use,1640647.3800000031,1e-05
1,Bundoora,63,2022.0,2.0,31973.54,0.0,292490.06,0.0,12.79,12.79,mixed use,1640647.3800000031,1e-05
1,Bundoora,63,2022.0,3.0,27736.53,0.0,212500.1,0.0,11.09,11.09,mixed use,1640647.3800000031,1e-05
1,Bundoora,63,2022.0,4.0,28476.86,0.0,43611.35,0.0,11.39,11.39,mixed use,1640647.3800000031,1e-05
1,Bundoora,64,2018.0,1.0,2461.93,0.0,0.0,0.0,0.98,0.98,other,5233.400000000001,0.00019
1,Bundoora,64,2018.0,2.0,2220.58,0.0,0.0,0.0,0.89,0.89,other,5233.400000000001,0.00017
1,Bundoora,64,2018.0,3.0,2743.31,0.0,0.0,0.0,1.1,1.1,other,5233.400000000001,0.00021
1,Bundoora,64,2018.0,4.0,2407.04,0.0,0.0,0.0,0.96,0.96,other,5233.400000000001,0.00018
1,Bundoora,64,2018.0,5.0,2951.11,2.26,0.0,0.01,1.18,1.19,other,5233.400000000001,0.00023
1,Bundoora,64,2018.0,6.0,3269.1,2.5,0.0,0.01,1.31,1.32,other,5233.400000000001,0.00025
1,Bundoora,64,2018.0,7.0,3024.91,2.67,0.0,0.01,1.21,1.22,other,5233.400000000001,0.00023
1,Bundoora,64,2018.0,8.0,3477.54,2.6,0.0,0.01,1.39,1.4,other,5233.400000000001,0.00027
1,Bundoora,64,2018.0,9.0,3314.13,2.45,0.0,0.01,1.33,1.34,other,5233.400000000001,0.00026
1,Bundoora,64,2018.0,10.0,3461.0,2.28,0.0,0.01,1.38,1.4,other,5233.400000000001,0.00027
1,Bundoora,64,2018.0,11.0,3171.93,2.04,0.0,0.01,1.27,1.28,other,5233.400000000001,0.00024
1,Bundoora,64,2018.0,12.0,2564.98,1.17,0.0,0.01,1.03,1.03,other,5233.400000000001,0.0002
1,Bundoora,64,2019.0,1.0,2734.14,1.05,0.0,0.01,1.09,1.1,other,5233.400000000001,0.00021
1,Bundoora,64,2019.0,2.0,2980.7,1.5,0.0,0.01,1.19,1.2,other,5233.400000000001,0.00023
1,Bundoora,64,2019.0,3.0,3028.49,1.79,0.0,0.01,1.21,1.22,other,5233.400000000001,0.00023
1,Bundoora,64,2019.0,4.0,3050.82,1.93,0.0,0.01,1.22,1.23,other,5233.400000000001,0.00024
1,Bundoora,64,2019.0,5.0,3378.57,2.28,0.0,0.01,1.35,1.36,other,5233.400000000001,0.00026
1,Bundoora,64,2019.0,6.0,3436.61,2.37,0.0,0.01,1.37,1.39,other,5233.400000000001,0.00027
1,Bundoora,64,2019.0,7.0,3660.16,2.48,0.0,0.01,1.46,1.48,other,5233.400000000001,0.00028
1,Bundoora,64,2019.0,8.0,3315.62,2.51,0.0,0.01,1.33,1.34,other,5233.400000000001,0.00026
1,Bundoora,64,2019.0,9.0,2982.89,2.22,0.0,0.01,1.19,1.2,other,5233.400000000001,0.00023
1,Bundoora,64,2019.0,10.0,2815.0,2.05,0.0,0.01,1.13,1.14,other,5233.400000000001,0.00022
1,Bundoora,64,2019.0,11.0,2718.96,1.75,0.0,0.01,1.09,1.1,other,5233.400000000001,0.00021
1,Bundoora,64,2019.0,12.0,2354.76,0.96,0.0,0.01,0.94,0.95,other,5233.400000000001,0.00018
1,Bundoora,64,2020.0,1.0,2347.68,0.0,0.0,0.0,0.94,0.94,other,5233.400000000001,0.00018
1,Bundoora,64,2020.0,2.0,2502.66,0.0,0.0,0.0,1.0,1.0,other,5233.400000000001,0.00019
1,Bundoora,64,2020.0,3.0,2524.43,0.0,0.0,0.0,1.01,1.01,other,5233.400000000001,0.00019
1,Bundoora,64,2020.0,4.0,2324.45,0.0,0.0,0.0,0.93,0.93,other,5233.400000000001,0.00018
1,Bundoora,64,2020.0,5.0,2592.92,0.0,0.0,0.0,1.04,1.04,other,5233.400000000001,0.0002
1,Bundoora,64,2020.0,6.0,3241.15,0.0,0.0,0.0,1.3,1.3,other,5233.400000000001,0.00025
1,Bundoora,64,2020.0,7.0,2764.76,0.0,0.0,0.0,1.11,1.11,other,5233.400000000001,0.00021
1,Bundoora,64,2020.0,8.0,2383.46,0.0,0.0,0.0,0.95,0.95,other,5233.400000000001,0.00018
1,Bundoora,64,2020.0,9.0,1173.58,0.0,0.0,0.0,0.47,0.47,other,5233.400000000001,9e-05
1,Bundoora,64,2020.0,10.0,1017.65,0.0,0.0,0.0,0.41,0.41,other,5233.400000000001,8e-05
1,Bundoora,64,2020.0,11.0,1951.99,0.0,0.0,0.0,0.78,0.78,other,5233.400000000001,0.00015
1,Bundoora,64,2020.0,12.0,2041.6,0.0,0.0,0.0,0.82,0.82,other,5233.400000000001,0.00016
1,Bundoora,64,2021.0,1.0,1995.13,1.33,78.24,0.01,0.8,0.81,other,5233.400000000001,0.00015
1,Bundoora,64,2021.0,2.0,1899.9,1.59,79.79,0.01,0.76,0.77,other,5233.400000000001,0.00015
1,Bundoora,64,2021.0,3.0,1964.1,1.68,79.55,0.01,0.79,0.79,other,5233.400000000001,0.00015
1,Bundoora,64,2021.0,4.0,1890.85,1.84,80.94,0.01,0.76,0.77,other,5233.400000000001,0.00015
1,Bundoora,64,2021.0,5.0,2032.24,2.05,81.28,0.01,0.81,0.82,other,5233.400000000001,0.00016
1,Bundoora,64,2021.0,6.0,1949.51,1.98,81.72,0.01,0.78,0.79,other,5233.400000000001,0.00015
1,Bundoora,64,2021.0,7.0,2109.32,2.13,82.19,0.01,0.84,0.86,other,5233.400000000001,0.00016
1,Bundoora,64,2021.0,8.0,2402.37,1.93,82.66,0.01,0.96,0.97,other,5233.400000000001,0.00019
1,Bundoora,64,2021.0,9.0,1852.26,1.81,83.65,0.01,0.74,0.75,other,5233.400000000001,0.00014
1,Bundoora,64,2021.0,10.0,1344.77,1.72,570.97,0.01,0.54,0.55,other,5233.400000000001,0.00011
1,Bundoora,64,2021.0,11.0,1203.66,1.7,548.95,0.01,0.48,0.49,other,5233.400000000001,9e-05
1,Bundoora,64,2021.0,12.0,1762.66,1.11,816.92,0.01,0.71,0.71,other,5233.400000000001,0.00014
1,Bundoora,64,2022.0,1.0,1802.32,0.0,931.59,0.0,0.72,0.72,other,5233.400000000001,0.00014
1,Bundoora,64,2022.0,2.0,1312.71,0.0,933.0,0.0,0.53,0.53,other,5233.400000000001,0.0001
1,Bundoora,64,2022.0,3.0,1535.41,0.0,677.84,0.0,0.61,0.61,other,5233.400000000001,0.00012
1,Bundoora,64,2022.0,4.0,1848.35,0.0,139.11,0.0,0.74,0.74,other,5233.400000000001,0.00014
2,Albury-Wodonga,8,2019.0,1.0,31929.2,0.0,0.0,0.0,12.77,12.77,library,2395.0,0.00533
2,Albury-Wodonga,8,2019.0,2.0,28441.71,0.0,0.0,0.0,11.38,11.38,library,2395.0,0.00475
2,Albury-Wodonga,8,2019.0,3.0,33133.29,0.0,0.0,0.0,13.25,13.25,library,2395.0,0.00553
2,Albury-Wodonga,8,2019.0,4.0,32233.25,0.0,0.0,0.0,12.89,12.89,library,2395.0,0.00538
2,Albury-Wodonga,8,2019.0,5.0,30029.06,0.0,0.0,0.0,12.01,12.01,library,2395.0,0.00501
2,Albury-Wodonga,8,2019.0,6.0,28791.32,0.0,0.0,0.0,11.52,11.52,library,2395.0,0.00481
2,Albury-Wodonga,8,2019.0,7.0,16861.7,0.0,0.0,0.0,6.74,6.74,library,2395.0,0.00281
2,Albury-Wodonga,8,2019.0,8.0,2950.94,0.0,0.0,0.0,1.18,1.18,library,2395.0,0.00049
2,Albury-Wodonga,8,2019.0,9.0,2814.96,0.0,0.0,0.0,1.13,1.13,library,2395.0,0.00047
2,Albury-Wodonga,8,2019.0,10.0,2699.64,0.0,0.0,0.0,1.08,1.08,library,2395.0,0.00045
2,Albury-Wodonga,8,2019.0,11.0,3070.73,0.0,0.0,0.0,1.23,1.23,library,2395.0,0.00051
2,Albury-Wodonga,8,2019.0,12.0,3860.62,0.0,0.0,0.0,1.54,1.54,library,2395.0,0.00064
2,Albury-Wodonga,8,2020.0,1.0,29451.97,0.0,0.0,0.0,11.78,11.78,library,2395.0,0.00492
2,Albury-Wodonga,8,2020.0,2.0,29745.66,0.0,0.0,0.0,11.9,11.9,library,2395.0,0.00497
2,Albury-Wodonga,8,2020.0,3.0,28983.36,0.0,0.0,0.0,11.59,11.59,library,2395.0,0.00484
2,Albury-Wodonga,8,2020.0,4.0,9694.17,0.0,0.0,0.0,3.88,3.88,library,2395.0,0.00162
2,Albury-Wodonga,8,2020.0,5.0,9329.14,0.0,0.0,0.0,3.73,3.73,library,2395.0,0.00156
2,Albury-Wodonga,8,2020.0,6.0,8621.33,0.0,0.0,0.0,3.45,3.45,library,2395.0,0.00144
2,Albury-Wodonga,8,2020.0,7.0,14346.15,0.0,0.0,0.0,5.74,5.74,library,2395.0,0.0024
2,Albury-Wodonga,8,2020.0,8.0,16801.99,0.0,0.0,0.0,6.72,6.72,library,2395.0,0.00281
2,Albury-Wodonga,8,2020.0,9.0,15716.96,0.0,0.0,0.0,6.29,6.29,library,2395.0,0.00263
2,Albury-Wodonga,8,2020.0,10.0,16786.67,0.0,0.0,0.0,6.71,6.71,library,2395.0,0.0028
2,Albury-Wodonga,8,2020.0,11.0,17660.78,0.0,0.0,0.0,7.06,7.06,library,2395.0,0.00295
2,Albury-Wodonga,8,2020.0,12.0,21749.95,0.0,0.0,0.0,8.7,8.7,library,2395.0,0.00363
2,Albury-Wodonga,8,2021.0,1.0,25856.59,0.0,0.0,0.0,10.34,10.34,library,2395.0,0.00432
2,Albury-Wodonga,8,2021.0,2.0,24544.87,0.0,0.0,0.0,9.82,9.82,library,2395.0,0.0041
2,Albury-Wodonga,8,2021.0,3.0,23413.74,0.0,0.0,0.0,9.37,9.37,library,2395.0,0.00391
2,Albury-Wodonga,8,2021.0,4.0,22432.14,0.0,0.0,0.0,8.97,8.97,library,2395.0,0.00375
2,Albury-Wodonga,8,2021.0,5.0,23675.72,0.0,0.0,0.0,9.47,9.47,library,2395.0,0.00395
2,Albury-Wodonga,8,2021.0,6.0,21053.97,0.0,0.0,0.0,8.42,8.42,library,2395.0,0.00352
2,Albury-Wodonga,8,2021.0,7.0,18352.1,0.0,0.0,0.0,7.34,7.34,library,2395.0,0.00306
2,Albury-Wodonga,8,2021.0,8.0,17517.91,0.0,0.0,0.0,7.01,7.01,library,2395.0,0.00293
2,Albury-Wodonga,8,2021.0,9.0,18251.57,0.0,0.0,0.0,7.3,7.3,library,2395.0,0.00305
2,Albury-Wodonga,8,2021.0,10.0,19407.13,0.0,0.0,0.0,7.76,7.76,library,2395.0,0.00324
2,Albury-Wodonga,8,2021.0,11.0,25733.28,0.0,0.0,0.0,10.29,10.29,library,2395.0,0.0043
2,Albury-Wodonga,8,2021.0,12.0,25876.23,0.0,0.0,0.0,10.35,10.35,library,2395.0,0.00432
2,Albury-Wodonga,8,2022.0,1.0,35430.11,0.0,0.0,0.0,14.17,14.17,library,2395.0,0.00592
2,Albury-Wodonga,8,2022.0,2.0,27905.27,0.0,0.0,0.0,11.16,11.16,library,2395.0,0.00466
2,Albury-Wodonga,8,2022.0,3.0,30234.87,0.0,0.0,0.0,12.09,12.09,library,2395.0,0.00505
2,Albury-Wodonga,8,2022.0,4.0,27889.61,0.0,0.0,0.0,11.16,11.16,library,2395.0,0.00466
2,Albury-Wodonga,9,2019.0,1.0,8938.31,0.0,0.0,0.0,3.58,3.58,teaching,952.0,0.00376
2,Albury-Wodonga,9,2019.0,2.0,8744.73,0.0,0.0,0.0,3.5,3.5,teaching,952.0,0.00368
2,Albury-Wodonga,9,2019.0,3.0,9495.11,0.0,0.0,0.0,3.8,3.8,teaching,952.0,0.00399
2,Albury-Wodonga,9,2019.0,4.0,9467.83,0.0,0.0,0.0,3.79,3.79,teaching,952.0,0.00398
2,Albury-Wodonga,9,2019.0,5.0,9567.55,0.0,0.0,0.0,3.83,3.83,teaching,952.0,0.00402
2,Albury-Wodonga,9,2019.0,6.0,9084.31,0.0,0.0,0.0,3.63,3.63,teaching,952.0,0.00381
2,Albury-Wodonga,9,2019.0,7.0,6250.35,0.0,0.0,0.0,2.5,2.5,teaching,952.0,0.00263
2,Albury-Wodonga,9,2019.0,8.0,1064.47,0.0,0.0,0.0,0.43,0.43,teaching,952.0,0.00045
2,Albury-Wodonga,9,2019.0,9.0,946.79,0.0,0.0,0.0,0.38,0.38,teaching,952.0,0.0004
2,Albury-Wodonga,9,2019.0,10.0,845.57,0.0,0.0,0.0,0.34,0.34,teaching,952.0,0.00036
2,Albury-Wodonga,9,2019.0,11.0,925.98,0.0,0.0,0.0,0.37,0.37,teaching,952.0,0.00039
2,Albury-Wodonga,9,2019.0,12.0,1156.89,0.0,0.0,0.0,0.46,0.46,teaching,952.0,0.00048
2,Albury-Wodonga,9,2020.0,1.0,9390.55,0.0,0.0,0.0,3.76,3.76,teaching,952.0,0.00395
2,Albury-Wodonga,9,2020.0,2.0,9227.28,0.0,0.0,0.0,3.69,3.69,teaching,952.0,0.00388
2,Albury-Wodonga,9,2020.0,3.0,9456.92,0.0,0.0,0.0,3.78,3.78,teaching,952.0,0.00397
2,Albury-Wodonga,9,2020.0,4.0,6169.29,0.0,0.0,0.0,2.47,2.47,teaching,952.0,0.00259
2,Albury-Wodonga,9,2020.0,5.0,5246.9,0.0,0.0,0.0,2.1,2.1,teaching,952.0,0.00221
2,Albury-Wodonga,9,2020.0,6.0,5010.26,0.0,0.0,0.0,2.0,2.0,teaching,952.0,0.0021
2,Albury-Wodonga,9,2020.0,7.0,4439.72,0.0,0.0,0.0,1.78,1.78,teaching,952.0,0.00187
2,Albury-Wodonga,9,2020.0,8.0,5042.77,0.0,0.0,0.0,2.02,2.02,teaching,952.0,0.00212
2,Albury-Wodonga,9,2020.0,9.0,4707.2,0.0,0.0,0.0,1.88,1.88,teaching,952.0,0.00197
2,Albury-Wodonga,9,2020.0,10.0,5458.9,0.0,0.0,0.0,2.18,2.18,teaching,952.0,0.00229
2,Albury-Wodonga,9,2020.0,11.0,5881.55,0.0,0.0,0.0,2.35,2.35,teaching,952.0,0.00247
2,Albury-Wodonga,9,2020.0,12.0,7571.27,0.0,0.0,0.0,3.03,3.03,teaching,952.0,0.00318
2,Albury-Wodonga,9,2021.0,1.0,7882.0,0.0,0.0,0.0,3.15,3.15,teaching,952.0,0.00331
2,Albury-Wodonga,9,2021.0,2.0,7787.26,0.0,0.0,0.0,3.11,3.11,teaching,952.0,0.00327
2,Albury-Wodonga,9,2021.0,3.0,9445.42,0.0,0.0,0.0,3.78,3.78,teaching,952.0,0.00397
2,Albury-Wodonga,9,2021.0,4.0,9077.62,0.0,0.0,0.0,3.63,3.63,teaching,952.0,0.00381
2,Albury-Wodonga,9,2021.0,5.0,9310.87,0.0,0.0,0.0,3.72,3.72,teaching,952.0,0.00391
2,Albury-Wodonga,9,2021.0,6.0,7337.25,0.0,0.0,0.0,2.93,2.93,teaching,952.0,0.00308
2,Albury-Wodonga,9,2021.0,7.0,8735.91,0.0,0.0,0.0,3.49,3.49,teaching,952.0,0.00367
2,Albury-Wodonga,9,2021.0,8.0,8017.51,0.0,0.0,0.0,3.21,3.21,teaching,952.0,0.00337
2,Albury-Wodonga,9,2021.0,9.0,8204.19,0.0,0.0,0.0,3.28,3.28,teaching,952.0,0.00345
2,Albury-Wodonga,9,2021.0,10.0,7476.94,0.0,0.0,0.0,2.99,2.99,teaching,952.0,0.00314
2,Albury-Wodonga,9,2021.0,11.0,6767.73,0.0,0.0,0.0,2.71,2.71,teaching,952.0,0.00285
2,Albury-Wodonga,9,2021.0,12.0,8298.85,0.0,0.0,0.0,3.32,3.32,teaching,952.0,0.00349
2,Albury-Wodonga,9,2022.0,1.0,8103.75,0.0,0.0,0.0,3.24,3.24,teaching,952.0,0.0034
2,Albury-Wodonga,9,2022.0,2.0,7781.39,0.0,0.0,0.0,3.11,3.11,teaching,952.0,0.00327
2,Albury-Wodonga,9,2022.0,3.0,8526.78,0.0,0.0,0.0,3.41,3.41,teaching,952.0,0.00358
2,Albury-Wodonga,9,2022.0,4.0,8524.13,0.0,0.0,0.0,3.41,3.41,teaching,952.0,0.00358
2,Albury-Wodonga,10,2019.0,1.0,3241.38,0.0,0.0,0.0,1.3,1.3,teaching,309.0,0.00421
2,Albury-Wodonga,10,2019.0,2.0,2803.69,0.0,0.0,0.0,1.12,1.12,teaching,309.0,0.00362
2,Albury-Wodonga,10,2019.0,3.0,2748.97,0.0,0.0,0.0,1.1,1.1,teaching,309.0,0.00356
2,Albury-Wodonga,10,2019.0,4.0,2485.21,0.0,0.0,0.0,0.99,0.99,teaching,309.0,0.0032
2,Albury-Wodonga,10,2019.0,5.0,2671.43,0.0,0.0,0.0,1.07,1.07,teaching,309.0,0.00346
2,Albury-Wodonga,10,2019.0,6.0,2684.78,0.0,0.0,0.0,1.07,1.07,teaching,309.0,0.00346
2,Albury-Wodonga,10,2019.0,7.0,1853.53,0.0,0.0,0.0,0.74,0.74,teaching,309.0,0.00239
2,Albury-Wodonga,10,2019.0,8.0,262.5,0.0,0.0,0.0,0.11,0.11,teaching,309.0,0.00036
2,Albury-Wodonga,10,2019.0,9.0,258.94,0.0,0.0,0.0,0.1,0.1,teaching,309.0,0.00032
2,Albury-Wodonga,10,2019.0,10.0,250.64,0.0,0.0,0.0,0.1,0.1,teaching,309.0,0.00032
2,Albury-Wodonga,10,2019.0,11.0,268.14,0.0,0.0,0.0,0.11,0.11,teaching,309.0,0.00036
2,Albury-Wodonga,10,2019.0,12.0,290.4,0.0,0.0,0.0,0.12,0.12,teaching,309.0,0.00039
2,Albury-Wodonga,10,2020.0,1.0,1503.34,0.0,0.0,0.0,0.6,0.6,teaching,309.0,0.00194
2,Albury-Wodonga,10,2020.0,2.0,1755.59,0.0,0.0,0.0,0.7,0.7,teaching,309.0,0.00227
2,Albury-Wodonga,10,2020.0,3.0,1686.83,0.0,0.0,0.0,0.67,0.67,teaching,309.0,0.00217
2,Albury-Wodonga,10,2020.0,4.0,1382.13,0.0,0.0,0.0,0.55,0.55,teaching,309.0,0.00178
2,Albury-Wodonga,10,2020.0,5.0,2063.62,0.0,0.0,0.0,0.83,0.83,teaching,309.0,0.00269
2,Albury-Wodonga,10,2020.0,6.0,2221.56,0.0,0.0,0.0,0.89,0.89,teaching,309.0,0.00288
2,Albury-Wodonga,10,2020.0,7.0,1986.45,0.0,0.0,0.0,0.79,0.79,teaching,309.0,0.00256
2,Albury-Wodonga,10,2020.0,8.0,2374.98,0.0,0.0,0.0,0.95,0.95,teaching,309.0,0.00307
2,Albury-Wodonga,10,2020.0,9.0,1737.44,0.0,0.0,0.0,0.69,0.69,teaching,309.0,0.00223
2,Albury-Wodonga,10,2020.0,10.0,1380.07,0.0,0.0,0.0,0.55,0.55,teaching,309.0,0.00178
2,Albury-Wodonga,10,2020.0,11.0,1785.56,0.0,0.0,0.0,0.71,0.71,teaching,309.0,0.0023
2,Albury-Wodonga,10,2020.0,12.0,1547.46,0.0,0.0,0.0,0.62,0.62,teaching,309.0,0.00201
2,Albury-Wodonga,10,2021.0,1.0,1179.63,0.0,0.0,0.0,0.47,0.47,teaching,309.0,0.00152
2,Albury-Wodonga,10,2021.0,2.0,1544.35,0.0,0.0,0.0,0.62,0.62,teaching,309.0,0.00201
2,Albury-Wodonga,10,2021.0,3.0,1960.31,0.0,0.0,0.0,0.78,0.78,teaching,309.0,0.00252
2,Albury-Wodonga,10,2021.0,4.0,1720.53,0.0,0.0,0.0,0.69,0.69,teaching,309.0,0.00223
2,Albury-Wodonga,10,2021.0,5.0,1784.91,0.0,0.0,0.0,0.71,0.71,teaching,309.0,0.0023
2,Albury-Wodonga,10,2021.0,6.0,1660.39,0.0,0.0,0.0,0.66,0.66,teaching,309.0,0.00214
2,Albury-Wodonga,10,2021.0,7.0,1887.87,0.0,0.0,0.0,0.76,0.76,teaching,309.0,0.00246
2,Albury-Wodonga,10,2021.0,8.0,1712.6,0.0,0.0,0.0,0.69,0.69,teaching,309.0,0.00223
2,Albury-Wodonga,10,2021.0,9.0,1454.9,0.0,0.0,0.0,0.58,0.58,teaching,309.0,0.00188
2,Albury-Wodonga,10,2021.0,10.0,1504.06,0.0,0.0,0.0,0.6,0.6,teaching,309.0,0.00194
2,Albury-Wodonga,10,2021.0,11.0,1457.17,0.0,0.0,0.0,0.58,0.58,teaching,309.0,0.00188
2,Albury-Wodonga,10,2021.0,12.0,2769.71,0.0,0.0,0.0,1.11,1.11,teaching,309.0,0.00359
2,Albury-Wodonga,10,2022.0,1.0,2861.22,0.0,0.0,0.0,1.14,1.14,teaching,309.0,0.00369
2,Albury-Wodonga,10,2022.0,2.0,2150.56,0.0,0.0,0.0,0.86,0.86,teaching,309.0,0.00278
2,Albury-Wodonga,10,2022.0,3.0,2142.21,0.0,0.0,0.0,0.86,0.86,teaching,309.0,0.00278
2,Albury-Wodonga,10,2022.0,4.0,2059.56,0.0,0.0,0.0,0.82,0.82,teaching,309.0,0.00265
2,Albury-Wodonga,11,2019.0,1.0,23592.58,0.0,0.0,0.0,9.44,9.44,teaching,2682.0,0.00352
2,Albury-Wodonga,11,2019.0,2.0,21802.45,0.0,0.0,0.0,8.72,8.72,teaching,2682.0,0.00325
2,Albury-Wodonga,11,2019.0,3.0,22130.68,0.0,0.0,0.0,8.85,8.85,teaching,2682.0,0.0033
2,Albury-Wodonga,11,2019.0,4.0,21092.97,0.0,0.0,0.0,8.44,8.44,teaching,2682.0,0.00315
2,Albury-Wodonga,11,2019.0,5.0,26006.32,0.0,0.0,0.0,10.4,10.4,teaching,2682.0,0.00388
2,Albury-Wodonga,11,2019.0,6.0,24404.09,0.0,0.0,0.0,9.76,9.76,teaching,2682.0,0.00364
2,Albury-Wodonga,11,2019.0,7.0,16096.69,0.0,0.0,0.0,6.44,6.44,teaching,2682.0,0.0024
2,Albury-Wodonga,11,2019.0,8.0,2428.77,0.0,0.0,0.0,0.97,0.97,teaching,2682.0,0.00036
2,Albury-Wodonga,11,2019.0,9.0,2444.98,0.0,0.0,0.0,0.98,0.98,teaching,2682.0,0.00037
2,Albury-Wodonga,11,2019.0,10.0,2203.07,0.0,0.0,0.0,0.88,0.88,teaching,2682.0,0.00033
2,Albury-Wodonga,11,2019.0,11.0,2447.05,0.0,0.0,0.0,0.98,0.98,teaching,2682.0,0.00037
2,Albury-Wodonga,11,2019.0,12.0,3065.82,0.0,0.0,0.0,1.23,1.23,teaching,2682.0,0.00046
2,Albury-Wodonga,11,2020.0,1.0,24201.0,0.0,0.0,0.0,9.68,9.68,teaching,2682.0,0.00361
2,Albury-Wodonga,11,2020.0,2.0,22673.49,0.0,0.0,0.0,9.07,9.07,teaching,2682.0,0.00338
2,Albury-Wodonga,11,2020.0,3.0,25410.28,0.0,0.0,0.0,10.16,10.16,teaching,2682.0,0.00379
2,Albury-Wodonga,11,2020.0,4.0,17525.05,0.0,0.0,0.0,7.01,7.01,teaching,2682.0,0.00261
2,Albury-Wodonga,11,2020.0,5.0,17370.76,0.0,0.0,0.0,6.95,6.95,teaching,2682.0,0.00259
2,Albury-Wodonga,11,2020.0,6.0,15604.3,0.0,0.0,0.0,6.24,6.24,teaching,2682.0,0.00233
2,Albury-Wodonga,11,2020.0,7.0,15520.52,0.0,0.0,0.0,6.21,6.21,teaching,2682.0,0.00232
2,Albury-Wodonga,11,2020.0,8.0,18605.39,0.0,0.0,0.0,7.44,7.44,teaching,2682.0,0.00277
2,Albury-Wodonga,11,2020.0,9.0,19430.83,0.0,0.0,0.0,7.77,7.77,teaching,2682.0,0.0029
2,Albury-Wodonga,11,2020.0,10.0,21363.66,0.0,0.0,0.0,8.55,8.55,teaching,2682.0,0.00319
2,Albury-Wodonga,11,2020.0,11.0,23864.31,0.0,0.0,0.0,9.55,9.55,teaching,2682.0,0.00356
2,Albury-Wodonga,11,2020.0,12.0,26807.04,0.0,0.0,0.0,10.72,10.72,teaching,2682.0,0.004
2,Albury-Wodonga,11,2021.0,1.0,24745.51,0.0,0.0,0.0,9.9,9.9,teaching,2682.0,0.00369
2,Albury-Wodonga,11,2021.0,2.0,23282.14,0.0,0.0,0.0,9.31,9.31,teaching,2682.0,0.00347
2,Albury-Wodonga,11,2021.0,3.0,23599.96,0.0,0.0,0.0,9.44,9.44,teaching,2682.0,0.00352
2,Albury-Wodonga,11,2021.0,4.0,22702.86,0.0,0.0,0.0,9.08,9.08,teaching,2682.0,0.00339
2,Albury-Wodonga,11,2021.0,5.0,21722.27,0.0,0.0,0.0,8.69,8.69,teaching,2682.0,0.00324
2,Albury-Wodonga,11,2021.0,6.0,16862.83,0.0,0.0,0.0,6.75,6.75,teaching,2682.0,0.00252
2,Albury-Wodonga,11,2021.0,7.0,19847.21,0.0,0.0,0.0,7.94,7.94,teaching,2682.0,0.00296
2,Albury-Wodonga,11,2021.0,8.0,20238.03,0.0,0.0,0.0,8.1,8.1,teaching,2682.0,0.00302
2,Albury-Wodonga,11,2021.0,9.0,23314.97,0.0,0.0,0.0,9.33,9.33,teaching,2682.0,0.00348
2,Albury-Wodonga,11,2021.0,10.0,23337.94,0.0,0.0,0.0,9.34,9.34,teaching,2682.0,0.00348
2,Albury-Wodonga,11,2021.0,11.0,19988.96,0.0,0.0,0.0,8.0,8.0,teaching,2682.0,0.00298
2,Albury-Wodonga,11,2021.0,12.0,23662.49,0.0,0.0,0.0,9.46,9.46,teaching,2682.0,0.00353
2,Albury-Wodonga,11,2022.0,1.0,23490.33,0.0,0.0,0.0,9.4,9.4,teaching,2682.0,0.0035
2,Albury-Wodonga,11,2022.0,2.0,21347.26,0.0,0.0,0.0,8.54,8.54,teaching,2682.0,0.00318
2,Albury-Wodonga,11,2022.0,3.0,20639.34,0.0,0.0,0.0,8.26,8.26,teaching,2682.0,0.00308
2,Albury-Wodonga,11,2022.0,4.0,18709.61,0.0,0.0,0.0,7.48,7.48,teaching,2682.0,0.00279
2,Albury-Wodonga,12,2019.0,1.0,5043.42,0.0,0.0,0.0,2.02,2.02,other,154.0,0.01312
2,Albury-Wodonga,12,2019.0,2.0,5117.65,0.0,0.0,0.0,2.05,2.05,other,154.0,0.01331
2,Albury-Wodonga,12,2019.0,3.0,5163.53,0.0,0.0,0.0,2.07,2.07,other,154.0,0.01344
2,Albury-Wodonga,12,2019.0,4.0,4376.33,0.0,0.0,0.0,1.75,1.75,other,154.0,0.01136
2,Albury-Wodonga,12,2019.0,5.0,5234.29,0.0,0.0,0.0,2.09,2.09,other,154.0,0.01357
2,Albury-Wodonga,12,2019.0,6.0,5480.8,0.0,0.0,0.0,2.19,2.19,other,154.0,0.01422
2,Albury-Wodonga,12,2019.0,7.0,3705.11,0.0,0.0,0.0,1.48,1.48,other,154.0,0.00961
2,Albury-Wodonga,12,2019.0,8.0,523.82,0.0,0.0,0.0,0.21,0.21,other,154.0,0.00136
2,Albury-Wodonga,12,2019.0,9.0,515.59,0.0,0.0,0.0,0.21,0.21,other,154.0,0.00136
2,Albury-Wodonga,12,2019.0,10.0,489.22,0.0,0.0,0.0,0.2,0.2,other,154.0,0.0013
2,Albury-Wodonga,12,2019.0,11.0,446.3,0.0,0.0,0.0,0.18,0.18,other,154.0,0.00117
2,Albury-Wodonga,12,2019.0,12.0,541.13,0.0,0.0,0.0,0.22,0.22,other,154.0,0.00143
2,Albury-Wodonga,12,2020.0,1.0,4985.82,0.0,0.0,0.0,1.99,1.99,other,154.0,0.01292
2,Albury-Wodonga,12,2020.0,2.0,4746.12,0.0,0.0,0.0,1.9,1.9,other,154.0,0.01234
2,Albury-Wodonga,12,2020.0,3.0,4296.98,0.0,0.0,0.0,1.72,1.72,other,154.0,0.01117
2,Albury-Wodonga,12,2020.0,4.0,2011.81,0.0,0.0,0.0,0.8,0.8,other,154.0,0.00519
2,Albury-Wodonga,12,2020.0,5.0,3170.73,0.0,0.0,0.0,1.27,1.27,other,154.0,0.00825
2,Albury-Wodonga,12,2020.0,6.0,4482.15,0.0,0.0,0.0,1.79,1.79,other,154.0,0.01162
2,Albury-Wodonga,12,2020.0,7.0,3915.6,0.0,0.0,0.0,1.57,1.57,other,154.0,0.01019
2,Albury-Wodonga,12,2020.0,8.0,2175.21,0.0,0.0,0.0,0.87,0.87,other,154.0,0.00565
2,Albury-Wodonga,12,2020.0,9.0,1298.06,0.0,0.0,0.0,0.52,0.52,other,154.0,0.00338
2,Albury-Wodonga,12,2020.0,10.0,1219.31,0.0,0.0,0.0,0.49,0.49,other,154.0,0.00318
2,Albury-Wodonga,12,2020.0,11.0,1054.85,0.0,0.0,0.0,0.42,0.42,other,154.0,0.00273
2,Albury-Wodonga,12,2020.0,12.0,1529.64,0.0,0.0,0.0,0.61,0.61,other,154.0,0.00396
2,Albury-Wodonga,12,2021.0,1.0,2313.11,0.0,0.0,0.0,0.93,0.93,other,154.0,0.00604
2,Albury-Wodonga,12,2021.0,2.0,3225.41,0.0,0.0,0.0,1.29,1.29,other,154.0,0.00838
2,Albury-Wodonga,12,2021.0,3.0,4008.72,0.0,0.0,0.0,1.6,1.6,other,154.0,0.01039
2,Albury-Wodonga,12,2021.0,4.0,3768.41,0.0,0.0,0.0,1.51,1.51,other,154.0,0.00981
2,Albury-Wodonga,12,2021.0,5.0,3481.3,0.0,0.0,0.0,1.39,1.39,other,154.0,0.00903
2,Albury-Wodonga,12,2021.0,6.0,2849.62,0.0,0.0,0.0,1.14,1.14,other,154.0,0.0074
2,Albury-Wodonga,12,2021.0,7.0,3824.38,0.0,0.0,0.0,1.53,1.53,other,154.0,0.00994
2,Albury-Wodonga,12,2021.0,8.0,3288.88,0.0,0.0,0.0,1.32,1.32,other,154.0,0.00857
2,Albury-Wodonga,12,2021.0,9.0,3124.51,0.0,0.0,0.0,1.25,1.25,other,154.0,0.00812
2,Albury-Wodonga,12,2021.0,10.0,3252.94,0.0,0.0,0.0,1.3,1.3,other,154.0,0.00844
2,Albury-Wodonga,12,2021.0,11.0,3014.35,0.0,0.0,0.0,1.21,1.21,other,154.0,0.00786
2,Albury-Wodonga,12,2021.0,12.0,2913.38,0.0,0.0,0.0,1.17,1.17,other,154.0,0.0076
2,Albury-Wodonga,12,2022.0,1.0,3933.46,0.0,0.0,0.0,1.57,1.57,other,154.0,0.01019
2,Albury-Wodonga,12,2022.0,2.0,4100.29,0.0,0.0,0.0,1.64,1.64,other,154.0,0.01065
2,Albury-Wodonga,12,2022.0,3.0,4589.16,0.0,0.0,0.0,1.84,1.84,other,154.0,0.01195
2,Albury-Wodonga,12,2022.0,4.0,3667.1,0.0,0.0,0.0,1.47,1.47,other,154.0,0.00955
2,Albury-Wodonga,13,2019.0,1.0,29121.78,0.0,0.0,0.0,11.65,11.65,teaching,1404.0,0.0083
2,Albury-Wodonga,13,2019.0,2.0,25050.99,0.0,0.0,0.0,10.02,10.02,teaching,1404.0,0.00714
2,Albury-Wodonga,13,2019.0,3.0,26142.02,0.0,0.0,0.0,10.46,10.46,teaching,1404.0,0.00745
2,Albury-Wodonga,13,2019.0,4.0,23430.17,0.0,0.0,0.0,9.37,9.37,teaching,1404.0,0.00667
2,Albury-Wodonga,13,2019.0,5.0,17623.83,0.0,0.0,0.0,7.05,7.05,teaching,1404.0,0.00502
2,Albury-Wodonga,13,2019.0,6.0,15845.01,0.0,0.0,0.0,6.34,6.34,teaching,1404.0,0.00452
2,Albury-Wodonga,13,2019.0,7.0,9747.14,0.0,0.0,0.0,3.9,3.9,teaching,1404.0,0.00278
2,Albury-Wodonga,13,2019.0,8.0,1783.52,0.0,0.0,0.0,0.71,0.71,teaching,1404.0,0.00051
2,Albury-Wodonga,13,2019.0,9.0,2253.13,0.0,0.0,0.0,0.9,0.9,teaching,1404.0,0.00064
2,Albury-Wodonga,13,2019.0,10.0,1851.62,0.0,0.0,0.0,0.74,0.74,teaching,1404.0,0.00053
2,Albury-Wodonga,13,2019.0,11.0,2353.95,0.0,0.0,0.0,0.94,0.94,teaching,1404.0,0.00067
2,Albury-Wodonga,13,2019.0,12.0,2903.5,0.0,0.0,0.0,1.16,1.16,teaching,1404.0,0.00083
2,Albury-Wodonga,13,2020.0,1.0,28668.82,0.0,0.0,0.0,11.47,11.47,teaching,1404.0,0.00817
2,Albury-Wodonga,13,2020.0,2.0,25580.76,0.0,0.0,0.0,10.23,10.23,teaching,1404.0,0.00729
2,Albury-Wodonga,13,2020.0,3.0,27089.96,0.0,0.0,0.0,10.84,10.84,teaching,1404.0,0.00772
2,Albury-Wodonga,13,2020.0,4.0,17404.86,0.0,0.0,0.0,6.96,6.96,teaching,1404.0,0.00496
2,Albury-Wodonga,13,2020.0,5.0,14172.84,0.0,0.0,0.0,5.67,5.67,teaching,1404.0,0.00404
2,Albury-Wodonga,13,2020.0,6.0,12159.49,0.0,0.0,0.0,4.86,4.86,teaching,1404.0,0.00346
2,Albury-Wodonga,13,2020.0,7.0,15065.17,0.0,0.0,0.0,6.03,6.03,teaching,1404.0,0.00429
2,Albury-Wodonga,13,2020.0,8.0,19395.72,0.0,0.0,0.0,7.76,7.76,teaching,1404.0,0.00553
2,Albury-Wodonga,13,2020.0,9.0,20974.52,0.0,0.0,0.0,8.39,8.39,teaching,1404.0,0.00598
2,Albury-Wodonga,13,2020.0,10.0,23610.42,0.0,0.0,0.0,9.44,9.44,teaching,1404.0,0.00672
2,Albury-Wodonga,13,2020.0,11.0,25240.93,0.0,0.0,0.0,10.1,10.1,teaching,1404.0,0.00719
2,Albury-Wodonga,13,2020.0,12.0,22864.89,0.0,0.0,0.0,9.15,9.15,teaching,1404.0,0.00652
2,Albury-Wodonga,13,2021.0,1.0,23802.24,0.0,0.0,0.0,9.52,9.52,teaching,1404.0,0.00678
2,Albury-Wodonga,13,2021.0,2.0,31644.93,0.0,0.0,0.0,12.66,12.66,teaching,1404.0,0.00902
2,Albury-Wodonga,13,2021.0,3.0,33933.2,0.0,0.0,0.0,13.57,13.57,teaching,1404.0,0.00967
2,Albury-Wodonga,13,2021.0,4.0,32153.5,0.0,0.0,0.0,12.86,12.86,teaching,1404.0,0.00916
2,Albury-Wodonga,13,2021.0,5.0,24797.71,0.0,0.0,0.0,9.92,9.92,teaching,1404.0,0.00707
2,Albury-Wodonga,13,2021.0,6.0,15323.35,0.0,0.0,0.0,6.13,6.13,teaching,1404.0,0.00437
2,Albury-Wodonga,13,2021.0,7.0,16910.9,0.0,0.0,0.0,6.76,6.76,teaching,1404.0,0.00481
2,Albury-Wodonga,13,2021.0,8.0,22563.15,0.0,0.0,0.0,9.03,9.03,teaching,1404.0,0.00643
2,Albury-Wodonga,13,2021.0,9.0,33572.34,0.0,0.0,0.0,13.43,13.43,teaching,1404.0,0.00957
2,Albury-Wodonga,13,2021.0,10.0,33316.39,0.0,0.0,0.0,13.33,13.33,teaching,1404.0,0.00949
2,Albury-Wodonga,13,2021.0,11.0,28051.65,0.0,0.0,0.0,11.22,11.22,teaching,1404.0,0.00799
2,Albury-Wodonga,13,2021.0,12.0,34724.02,0.0,0.0,0.0,13.89,13.89,teaching,1404.0,0.00989
2,Albury-Wodonga,13,2022.0,1.0,35911.94,0.0,0.0,0.0,14.36,14.36,teaching,1404.0,0.01023
2,Albury-Wodonga,13,2022.0,2.0,35566.1,0.0,0.0,0.0,14.23,14.23,teaching,1404.0,0.01014
2,Albury-Wodonga,13,2022.0,3.0,34995.56,0.0,0.0,0.0,14.0,14.0,teaching,1404.0,0.00997
2,Albury-Wodonga,13,2022.0,4.0,28131.3,0.0,0.0,0.0,11.25,11.25,teaching,1404.0,0.00801
2,Albury-Wodonga,14,2019.0,1.0,37900.56,0.0,0.0,0.0,15.16,15.16,mixed use,1245.0,0.01218
2,Albury-Wodonga,14,2019.0,2.0,40465.22,0.0,0.0,0.0,16.19,16.19,mixed use,1245.0,0.013
2,Albury-Wodonga,14,2019.0,3.0,38353.38,0.0,0.0,0.0,15.34,15.34,mixed use,1245.0,0.01232
2,Albury-Wodonga,14,2019.0,4.0,4000.81,0.0,0.0,0.0,1.6,1.6,mixed use,1245.0,0.00129
2,Albury-Wodonga,14,2019.0,5.0,19509.88,0.0,0.0,0.0,7.8,7.8,mixed use,1245.0,0.00627
2,Albury-Wodonga,14,2019.0,6.0,29772.88,0.0,0.0,0.0,11.91,11.91,mixed use,1245.0,0.00957
2,Albury-Wodonga,14,2019.0,7.0,20284.81,0.0,0.0,0.0,8.11,8.11,mixed use,1245.0,0.00651
2,Albury-Wodonga,14,2019.0,8.0,3092.0,0.0,0.0,0.0,1.24,1.24,mixed use,1245.0,0.001
2,Albury-Wodonga,14,2019.0,9.0,3117.13,0.0,0.0,0.0,1.25,1.25,mixed use,1245.0,0.001
2,Albury-Wodonga,14,2019.0,10.0,3002.69,0.0,0.0,0.0,1.2,1.2,mixed use,1245.0,0.00096
2,Albury-Wodonga,14,2019.0,11.0,3193.06,0.0,0.0,0.0,1.28,1.28,mixed use,1245.0,0.00103
2,Albury-Wodonga,14,2019.0,12.0,5438.38,0.0,0.0,0.0,2.18,2.18,mixed use,1245.0,0.00175
2,Albury-Wodonga,14,2020.0,1.0,53780.88,0.0,0.0,0.0,21.51,21.51,mixed use,1245.0,0.01728
2,Albury-Wodonga,14,2020.0,2.0,43919.5,0.0,0.0,0.0,17.57,17.57,mixed use,1245.0,0.01411
2,Albury-Wodonga,14,2020.0,3.0,11519.5,0.0,0.0,0.0,4.61,4.61,mixed use,1245.0,0.0037
2,Albury-Wodonga,14,2020.0,4.0,1.94,0.0,0.0,0.0,0.0,0.0,mixed use,1245.0,0.0
2,Albury-Wodonga,14,2020.0,8.0,540.22,0.0,0.0,0.0,0.22,0.22,mixed use,1245.0,0.00018
2,Albury-Wodonga,14,2020.0,9.0,28324.52,0.0,0.0,0.0,11.33,11.33,mixed use,1245.0,0.0091
2,Albury-Wodonga,14,2020.0,10.0,34876.78,0.0,0.0,0.0,13.95,13.95,mixed use,1245.0,0.0112
2,Albury-Wodonga,14,2020.0,11.0,40172.98,0.0,0.0,0.0,16.07,16.07,mixed use,1245.0,0.01291
2,Albury-Wodonga,14,2020.0,12.0,38660.7,0.0,0.0,0.0,15.46,15.46,mixed use,1245.0,0.01242
2,Albury-Wodonga,14,2021.0,1.0,38671.93,0.0,0.0,0.0,15.47,15.47,mixed use,1245.0,0.01243
2,Albury-Wodonga,14,2021.0,2.0,37765.27,0.0,0.0,0.0,15.11,15.11,mixed use,1245.0,0.01214
2,Albury-Wodonga,14,2021.0,3.0,36558.34,0.0,0.0,0.0,14.62,14.62,mixed use,1245.0,0.01174
2,Albury-Wodonga,14,2021.0,4.0,28841.86,0.0,0.0,0.0,11.54,11.54,mixed use,1245.0,0.00927
2,Albury-Wodonga,14,2021.0,5.0,27918.19,0.0,0.0,0.0,11.17,11.17,mixed use,1245.0,0.00897
2,Albury-Wodonga,14,2021.0,6.0,20681.06,0.0,0.0,0.0,8.27,8.27,mixed use,1245.0,0.00664
2,Albury-Wodonga,14,2021.0,7.0,28579.06,0.0,0.0,0.0,11.43,11.43,mixed use,1245.0,0.00918
2,Albury-Wodonga,14,2021.0,8.0,28069.34,0.0,0.0,0.0,11.23,11.23,mixed use,1245.0,0.00902
2,Albury-Wodonga,14,2021.0,9.0,30268.41,0.0,0.0,0.0,12.11,12.11,mixed use,1245.0,0.00973
2,Albury-Wodonga,14,2021.0,10.0,33916.28,0.0,0.0,0.0,13.57,13.57,mixed use,1245.0,0.0109
2,Albury-Wodonga,14,2021.0,11.0,35533.75,0.0,0.0,0.0,14.21,14.21,mixed use,1245.0,0.01141
2,Albury-Wodonga,14,2021.0,12.0,40951.09,0.0,0.0,0.0,16.38,16.38,mixed use,1245.0,0.01316
2,Albury-Wodonga,14,2022.0,1.0,35550.75,0.0,0.0,0.0,14.22,14.22,mixed use,1245.0,0.01142
2,Albury-Wodonga,14,2022.0,2.0,32128.75,0.0,0.0,0.0,12.85,12.85,mixed use,1245.0,0.01032
2,Albury-Wodonga,14,2022.0,3.0,29853.5,0.0,0.0,0.0,11.94,11.94,mixed use,1245.0,0.00959
2,Albury-Wodonga,14,2022.0,4.0,23472.94,0.0,0.0,0.0,9.39,9.39,mixed use,1245.0,0.00754
2,Albury-Wodonga,47,2018.0,3.0,6.32,0.0,0.0,0.0,0.0,0.0,residence,465.0,0.0
2,Albury-Wodonga,47,2019.0,1.0,3810.12,0.0,0.0,0.0,1.52,1.52,residence,465.0,0.00327
2,Albury-Wodonga,47,2019.0,2.0,3563.82,0.0,0.0,0.0,1.43,1.43,residence,465.0,0.00308
2,Albury-Wodonga,47,2019.0,3.0,4510.38,0.0,0.0,0.0,1.8,1.8,residence,465.0,0.00387
2,Albury-Wodonga,47,2019.0,4.0,4237.24,0.0,0.0,0.0,1.69,1.69,residence,465.0,0.00363
2,Albury-Wodonga,47,2019.0,5.0,6555.47,0.0,0.0,0.0,2.62,2.62,residence,465.0,0.00563
2,Albury-Wodonga,47,2019.0,6.0,7025.57,0.0,0.0,0.0,2.81,2.81,residence,465.0,0.00604
2,Albury-Wodonga,47,2019.0,7.0,3982.14,0.0,0.0,0.0,1.59,1.59,residence,465.0,0.00342
2,Albury-Wodonga,47,2019.0,8.0,655.79,0.0,0.0,0.0,0.26,0.26,residence,465.0,0.00056
2,Albury-Wodonga,47,2019.0,9.0,2572.84,0.0,0.0,0.0,1.03,1.03,residence,465.0,0.00222
2,Albury-Wodonga,47,2019.0,10.0,3179.67,0.0,0.0,0.0,1.27,1.27,residence,465.0,0.00273
2,Albury-Wodonga,47,2019.0,11.0,3003.79,0.0,0.0,0.0,1.2,1.2,residence,465.0,0.00258
2,Albury-Wodonga,47,2019.0,12.0,3318.82,0.0,0.0,0.0,1.33,1.33,residence,465.0,0.00286
2,Albury-Wodonga,47,2020.0,1.0,2951.06,0.0,0.0,0.0,1.18,1.18,residence,465.0,0.00254
2,Albury-Wodonga,47,2020.0,2.0,3304.39,0.0,0.0,0.0,1.32,1.32,residence,465.0,0.00284
2,Albury-Wodonga,47,2020.0,3.0,3389.22,0.0,0.0,0.0,1.36,1.36,residence,465.0,0.00292
2,Albury-Wodonga,47,2020.0,4.0,2413.52,0.0,0.0,0.0,0.97,0.97,residence,465.0,0.00209
2,Albury-Wodonga,47,2020.0,5.0,3524.0,0.0,0.0,0.0,1.41,1.41,residence,465.0,0.00303
2,Albury-Wodonga,47,2020.0,6.0,2740.12,0.0,0.0,0.0,1.1,1.1,residence,465.0,0.00237
2,Albury-Wodonga,47,2020.0,7.0,939.31,0.0,0.0,0.0,0.38,0.38,residence,465.0,0.00082
2,Albury-Wodonga,47,2020.0,8.0,1334.37,0.0,0.0,0.0,0.53,0.53,residence,465.0,0.00114
2,Albury-Wodonga,47,2020.0,9.0,2883.97,0.0,0.0,0.0,1.15,1.15,residence,465.0,0.00247
2,Albury-Wodonga,47,2020.0,10.0,2594.88,0.0,0.0,0.0,1.04,1.04,residence,465.0,0.00224
2,Albury-Wodonga,47,2020.0,11.0,2842.5,0.0,0.0,0.0,1.14,1.14,residence,465.0,0.00245
2,Albury-Wodonga,47,2020.0,12.0,3353.69,0.0,0.0,0.0,1.34,1.34,residence,465.0,0.00288
2,Albury-Wodonga,47,2021.0,1.0,4169.52,0.0,0.0,0.0,1.67,1.67,residence,465.0,0.00359
2,Albury-Wodonga,47,2021.0,2.0,3287.53,0.0,0.0,0.0,1.32,1.32,residence,465.0,0.00284
2,Albury-Wodonga,47,2021.0,3.0,4496.31,0.0,0.0,0.0,1.8,1.8,residence,465.0,0.00387
2,Albury-Wodonga,47,2021.0,4.0,4226.88,0.0,0.0,0.0,1.69,1.69,residence,465.0,0.00363
2,Albury-Wodonga,47,2021.0,5.0,5778.2,0.0,0.0,0.0,2.31,2.31,residence,465.0,0.00497
2,Albury-Wodonga,47,2021.0,6.0,5705.46,0.0,0.0,0.0,2.28,2.28,residence,465.0,0.0049
2,Albury-Wodonga,47,2021.0,7.0,5087.89,0.0,0.0,0.0,2.04,2.04,residence,465.0,0.00439
2,Albury-Wodonga,47,2021.0,8.0,6569.59,0.0,0.0,0.0,2.63,2.63,residence,465.0,0.00566
2,Albury-Wodonga,47,2021.0,9.0,4346.71,0.0,0.0,0.0,1.74,1.74,residence,465.0,0.00374
2,Albury-Wodonga,47,2021.0,10.0,4223.94,0.0,0.0,0.0,1.69,1.69,residence,465.0,0.00363
2,Albury-Wodonga,47,2021.0,11.0,3125.24,0.0,0.0,0.0,1.25,1.25,residence,465.0,0.00269
2,Albury-Wodonga,47,2021.0,12.0,2959.91,0.0,0.0,0.0,1.18,1.18,residence,465.0,0.00254
2,Albury-Wodonga,47,2022.0,1.0,2723.56,0.0,0.0,0.0,1.09,1.09,residence,465.0,0.00234
2,Albury-Wodonga,47,2022.0,2.0,3519.01,0.0,0.0,0.0,1.41,1.41,residence,465.0,0.00303
2,Albury-Wodonga,47,2022.0,3.0,3679.24,0.0,0.0,0.0,1.47,1.47,residence,465.0,0.00316
2,Albury-Wodonga,47,2022.0,4.0,2726.01,0.0,0.0,0.0,1.09,1.09,residence,465.0,0.00234
2,Albury-Wodonga,48,2019.0,1.0,6111.64,0.0,0.0,0.0,2.44,2.44,residence,465.0,0.00525
2,Albury-Wodonga,48,2019.0,2.0,5580.0,0.0,0.0,0.0,2.23,2.23,residence,465.0,0.0048
2,Albury-Wodonga,48,2019.0,3.0,5615.69,0.0,0.0,0.0,2.25,2.25,residence,465.0,0.00484
2,Albury-Wodonga,48,2019.0,4.0,4037.65,0.0,0.0,0.0,1.62,1.62,residence,465.0,0.00348
2,Albury-Wodonga,48,2019.0,5.0,6820.24,0.0,0.0,0.0,2.73,2.73,residence,465.0,0.00587
2,Albury-Wodonga,48,2019.0,6.0,8182.52,0.0,0.0,0.0,3.27,3.27,residence,465.0,0.00703
2,Albury-Wodonga,48,2019.0,7.0,4653.6,0.0,0.0,0.0,1.86,1.86,residence,465.0,0.004
2,Albury-Wodonga,48,2019.0,8.0,726.1,0.0,0.0,0.0,0.29,0.29,residence,465.0,0.00062
2,Albury-Wodonga,48,2019.0,9.0,3455.77,0.0,0.0,0.0,1.38,1.38,residence,465.0,0.00297
2,Albury-Wodonga,48,2019.0,10.0,3213.84,0.0,0.0,0.0,1.29,1.29,residence,465.0,0.00277
2,Albury-Wodonga,48,2019.0,11.0,3629.19,0.0,0.0,0.0,1.45,1.45,residence,465.0,0.00312
2,Albury-Wodonga,48,2019.0,12.0,3742.89,0.0,0.0,0.0,1.5,1.5,residence,465.0,0.00323
2,Albury-Wodonga,48,2020.0,1.0,5191.82,0.0,0.0,0.0,2.08,2.08,residence,465.0,0.00447
2,Albury-Wodonga,48,2020.0,2.0,5533.24,0.0,0.0,0.0,2.21,2.21,residence,465.0,0.00475
2,Albury-Wodonga,48,2020.0,3.0,4832.8,0.0,0.0,0.0,1.93,1.93,residence,465.0,0.00415
2,Albury-Wodonga,48,2020.0,4.0,2981.79,0.0,0.0,0.0,1.19,1.19,residence,465.0,0.00256
2,Albury-Wodonga,48,2020.0,5.0,3405.75,0.0,0.0,0.0,1.36,1.36,residence,465.0,0.00292
2,Albury-Wodonga,48,2020.0,6.0,3466.87,0.0,0.0,0.0,1.39,1.39,residence,465.0,0.00299
2,Albury-Wodonga,48,2020.0,7.0,1681.63,0.0,0.0,0.0,0.67,0.67,residence,465.0,0.00144
2,Albury-Wodonga,48,2020.0,8.0,5215.83,0.0,0.0,0.0,2.09,2.09,residence,465.0,0.00449
2,Albury-Wodonga,48,2020.0,9.0,6812.68,0.0,0.0,0.0,2.73,2.73,residence,465.0,0.00587
2,Albury-Wodonga,48,2020.0,10.0,5939.64,0.0,0.0,0.0,2.38,2.38,residence,465.0,0.00512
2,Albury-Wodonga,48,2020.0,11.0,5647.0,0.0,0.0,0.0,2.26,2.26,residence,465.0,0.00486
2,Albury-Wodonga,48,2020.0,12.0,4772.96,0.0,0.0,0.0,1.91,1.91,residence,465.0,0.00411
2,Albury-Wodonga,48,2021.0,1.0,5300.16,0.0,0.0,0.0,2.12,2.12,residence,465.0,0.00456
2,Albury-Wodonga,48,2021.0,2.0,5049.1,0.0,0.0,0.0,2.02,2.02,residence,465.0,0.00434
2,Albury-Wodonga,48,2021.0,3.0,4959.52,0.0,0.0,0.0,1.98,1.98,residence,465.0,0.00426
2,Albury-Wodonga,48,2021.0,4.0,4945.86,0.0,0.0,0.0,1.98,1.98,residence,465.0,0.00426
2,Albury-Wodonga,48,2021.0,5.0,6916.38,0.0,0.0,0.0,2.77,2.77,residence,465.0,0.00596
2,Albury-Wodonga,48,2021.0,6.0,7811.66,0.0,0.0,0.0,3.12,3.12,residence,465.0,0.00671
2,Albury-Wodonga,48,2021.0,7.0,8606.53,0.0,0.0,0.0,3.44,3.44,residence,465.0,0.0074
2,Albury-Wodonga,48,2021.0,8.0,8693.27,0.0,0.0,0.0,3.48,3.48,residence,465.0,0.00748
2,Albury-Wodonga,48,2021.0,9.0,7192.44,0.0,0.0,0.0,2.88,2.88,residence,465.0,0.00619
2,Albury-Wodonga,48,2021.0,10.0,6097.66,0.0,0.0,0.0,2.44,2.44,residence,465.0,0.00525
2,Albury-Wodonga,48,2021.0,11.0,5053.97,0.0,0.0,0.0,2.02,2.02,residence,465.0,0.00434
2,Albury-Wodonga,48,2021.0,12.0,4687.25,0.0,0.0,0.0,1.87,1.87,residence,465.0,0.00402
2,Albury-Wodonga,48,2022.0,1.0,4443.13,0.0,0.0,0.0,1.78,1.78,residence,465.0,0.00383
2,Albury-Wodonga,48,2022.0,2.0,4676.76,0.0,0.0,0.0,1.87,1.87,residence,465.0,0.00402
2,Albury-Wodonga,48,2022.0,3.0,4436.68,0.0,0.0,0.0,1.77,1.77,residence,465.0,0.00381
2,Albury-Wodonga,48,2022.0,4.0,3158.89,0.0,0.0,0.0,1.26,1.26,residence,465.0,0.00271
3,Bendigo,22,2018.0,2.0,6604.5,0.0,0.0,0.0,2.64,2.64,mixed use,558.0,0.00473
3,Bendigo,22,2018.0,3.0,9620.39,0.0,0.0,0.0,3.85,3.85,mixed use,558.0,0.0069
3,Bendigo,22,2018.0,4.0,6371.51,0.0,0.0,0.0,2.55,2.55,mixed use,558.0,0.00457
3,Bendigo,22,2018.0,5.0,4974.11,0.0,0.0,0.0,1.99,1.99,mixed use,558.0,0.00357
3,Bendigo,22,2018.0,6.0,5687.45,0.0,0.0,0.0,2.27,2.27,mixed use,558.0,0.00407
3,Bendigo,22,2018.0,7.0,2649.74,0.0,0.0,0.0,1.06,1.06,mixed use,558.0,0.0019
3,Bendigo,22,2018.0,8.0,5158.64,0.0,0.0,0.0,2.06,2.06,mixed use,558.0,0.00369
3,Bendigo,22,2018.0,9.0,3143.27,0.0,0.0,0.0,1.26,1.26,mixed use,558.0,0.00226
3,Bendigo,22,2018.0,10.0,2989.07,0.0,0.0,0.0,1.2,1.2,mixed use,558.0,0.00215
3,Bendigo,22,2018.0,11.0,2652.93,0.0,0.0,0.0,1.06,1.06,mixed use,558.0,0.0019
3,Bendigo,22,2018.0,12.0,3806.07,0.0,0.0,0.0,1.52,1.52,mixed use,558.0,0.00272
3,Bendigo,22,2019.0,1.0,3487.85,0.0,0.0,0.0,1.4,1.4,mixed use,558.0,0.00251
3,Bendigo,22,2019.0,2.0,4272.19,0.0,0.0,0.0,1.71,1.71,mixed use,558.0,0.00306
3,Bendigo,22,2019.0,3.0,7138.35,0.0,0.0,0.0,2.86,2.86,mixed use,558.0,0.00513
3,Bendigo,22,2019.0,4.0,6269.44,0.0,0.0,0.0,2.51,2.51,mixed use,558.0,0.0045
3,Bendigo,22,2019.0,5.0,8234.07,0.0,0.0,0.0,3.29,3.29,mixed use,558.0,0.0059
3,Bendigo,22,2019.0,6.0,14505.12,0.0,0.0,0.0,5.8,5.8,mixed use,558.0,0.01039
3,Bendigo,22,2019.0,7.0,13274.75,0.0,0.0,0.0,5.31,5.31,mixed use,558.0,0.00952
3,Bendigo,22,2019.0,8.0,16327.88,0.0,0.0,0.0,6.53,6.53,mixed use,558.0,0.0117
3,Bendigo,22,2019.0,9.0,10477.69,0.0,0.0,0.0,4.19,4.19,mixed use,558.0,0.00751
3,Bendigo,22,2019.0,10.0,9017.72,0.0,0.0,0.0,3.61,3.61,mixed use,558.0,0.00647
3,Bendigo,22,2019.0,11.0,8908.72,0.0,0.0,0.0,3.56,3.56,mixed use,558.0,0.00638
3,Bendigo,22,2019.0,12.0,1522.92,0.0,0.0,0.0,0.61,0.61,mixed use,558.0,0.00109
3,Bendigo,22,2020.0,1.0,2196.14,0.0,0.0,0.0,0.88,0.88,mixed use,558.0,0.00158
3,Bendigo,22,2020.0,2.0,2978.53,0.0,0.0,0.0,1.19,1.19,mixed use,558.0,0.00213
3,Bendigo,22,2020.0,3.0,2045.18,0.0,0.0,0.0,0.82,0.82,mixed use,558.0,0.00147
3,Bendigo,22,2020.0,4.0,1478.92,0.0,0.0,0.0,0.59,0.59,mixed use,558.0,0.00106
3,Bendigo,22,2020.0,5.0,1128.12,0.0,0.0,0.0,0.45,0.45,mixed use,558.0,0.00081
3,Bendigo,22,2020.0,6.0,2431.09,0.0,0.0,0.0,0.97,0.97,mixed use,558.0,0.00174
3,Bendigo,22,2020.0,7.0,2279.16,0.0,0.0,0.0,0.91,0.91,mixed use,558.0,0.00163
3,Bendigo,22,2020.0,8.0,2303.33,0.0,0.0,0.0,0.92,0.92,mixed use,558.0,0.00165
3,Bendigo,22,2020.0,9.0,2251.15,0.0,0.0,0.0,0.9,0.9,mixed use,558.0,0.00161
3,Bendigo,22,2020.0,10.0,2357.31,0.0,0.0,0.0,0.94,0.94,mixed use,558.0,0.00168
3,Bendigo,22,2020.0,11.0,2321.77,0.0,0.0,0.0,0.93,0.93,mixed use,558.0,0.00167
3,Bendigo,22,2020.0,12.0,2405.76,0.0,0.0,0.0,0.96,0.96,mixed use,558.0,0.00172
3,Bendigo,22,2021.0,1.0,2467.28,295.7,0.0,1.57,0.99,2.55,mixed use,558.0,0.00457
3,Bendigo,22,2021.0,2.0,3690.7,298.84,0.0,1.58,1.48,3.06,mixed use,558.0,0.00548
3,Bendigo,22,2021.0,3.0,3501.5,288.11,0.0,1.53,1.4,2.93,mixed use,558.0,0.00525
3,Bendigo,22,2021.0,4.0,3420.29,983.33,0.0,5.21,1.37,6.58,mixed use,558.0,0.01179
3,Bendigo,22,2021.0,5.0,3209.43,1449.14,0.0,7.68,1.28,8.96,mixed use,558.0,0.01606
3,Bendigo,22,2021.0,6.0,2749.2,1632.29,0.0,8.65,1.1,9.75,mixed use,558.0,0.01747
3,Bendigo,22,2021.0,7.0,2567.17,1758.92,0.0,9.32,1.03,10.35,mixed use,558.0,0.01855
3,Bendigo,22,2021.0,8.0,1778.2,1488.17,0.0,7.89,0.71,8.6,mixed use,558.0,0.01541
3,Bendigo,22,2021.0,9.0,1897.19,1292.14,0.0,6.85,0.76,7.61,mixed use,558.0,0.01364
3,Bendigo,22,2021.0,10.0,2397.42,859.54,0.0,4.56,0.96,5.51,mixed use,558.0,0.00987
3,Bendigo,22,2021.0,11.0,137.78,664.25,0.0,3.52,0.06,3.58,mixed use,558.0,0.00642
3,Bendigo,22,2022.0,1.0,529.27,0.0,0.0,0.0,0.21,0.21,mixed use,558.0,0.00038
3,Bendigo,52,2018.0,2.0,4820.73,0.0,0.0,0.0,1.93,1.93,other,0.0,0.0
3,Bendigo,52,2018.0,3.0,8618.02,0.0,0.0,0.0,3.45,3.45,other,0.0,0.0
3,Bendigo,52,2018.0,4.0,8388.34,0.0,0.0,0.0,3.36,3.36,other,0.0,0.0
3,Bendigo,52,2018.0,5.0,10749.83,0.0,0.0,0.0,4.3,4.3,other,0.0,0.0
3,Bendigo,52,2018.0,6.0,10257.01,0.0,0.0,0.0,4.1,4.1,other,0.0,0.0
3,Bendigo,52,2018.0,7.0,10779.14,0.0,0.0,0.0,4.31,4.31,other,0.0,0.0
3,Bendigo,52,2018.0,8.0,10542.71,0.0,0.0,0.0,4.22,4.22,other,0.0,0.0
3,Bendigo,52,2018.0,9.0,9715.37,0.0,0.0,0.0,3.89,3.89,other,0.0,0.0
3,Bendigo,52,2018.0,10.0,7650.69,0.0,0.0,0.0,3.06,3.06,other,0.0,0.0
3,Bendigo,52,2018.0,11.0,6745.97,0.0,0.0,0.0,2.7,2.7,other,0.0,0.0
3,Bendigo,52,2018.0,12.0,3900.23,0.0,0.0,0.0,1.56,1.56,other,0.0,0.0
3,Bendigo,52,2019.0,1.0,3408.54,0.0,0.0,0.0,1.36,1.36,other,0.0,0.0
3,Bendigo,52,2019.0,2.0,5432.56,0.0,0.0,0.0,2.17,2.17,other,0.0,0.0
3,Bendigo,52,2019.0,3.0,8738.42,0.0,0.0,0.0,3.5,3.5,other,0.0,0.0
3,Bendigo,52,2019.0,4.0,7951.87,0.0,0.0,0.0,3.18,3.18,other,0.0,0.0
3,Bendigo,52,2019.0,5.0,10365.28,0.0,0.0,0.0,4.15,4.15,other,0.0,0.0
3,Bendigo,52,2019.0,6.0,9302.77,0.0,0.0,0.0,3.72,3.72,other,0.0,0.0
3,Bendigo,52,2019.0,7.0,8685.08,0.0,0.0,0.0,3.47,3.47,other,0.0,0.0
3,Bendigo,52,2019.0,8.0,9936.15,0.0,0.0,0.0,3.97,3.97,other,0.0,0.0
3,Bendigo,52,2019.0,9.0,9340.77,0.0,0.0,0.0,3.74,3.74,other,0.0,0.0
3,Bendigo,52,2019.0,10.0,8051.42,0.0,0.0,0.0,3.22,3.22,other,0.0,0.0
3,Bendigo,52,2019.0,11.0,6724.97,0.0,0.0,0.0,2.69,2.69,other,0.0,0.0
3,Bendigo,52,2019.0,12.0,4617.04,0.0,0.0,0.0,1.85,1.85,other,0.0,0.0
3,Bendigo,52,2020.0,1.0,4822.09,0.0,0.0,0.0,1.93,1.93,other,0.0,0.0
3,Bendigo,52,2020.0,2.0,5321.69,0.0,0.0,0.0,2.13,2.13,other,0.0,0.0
3,Bendigo,52,2020.0,3.0,6233.17,0.0,0.0,0.0,2.49,2.49,other,0.0,0.0
3,Bendigo,52,2020.0,4.0,6328.44,0.0,0.0,0.0,2.53,2.53,other,0.0,0.0
3,Bendigo,52,2020.0,5.0,7830.14,0.0,0.0,0.0,3.13,3.13,other,0.0,0.0
3,Bendigo,52,2020.0,6.0,7964.62,0.0,0.0,0.0,3.19,3.19,other,0.0,0.0
3,Bendigo,52,2020.0,7.0,7840.32,0.0,0.0,0.0,3.14,3.14,other,0.0,0.0
3,Bendigo,52,2020.0,8.0,8274.65,0.0,0.0,0.0,3.31,3.31,other,0.0,0.0
3,Bendigo,52,2020.0,9.0,7097.9,0.0,0.0,0.0,2.84,2.84,other,0.0,0.0
3,Bendigo,52,2020.0,10.0,7026.5,0.0,0.0,0.0,2.81,2.81,other,0.0,0.0
3,Bendigo,52,2020.0,11.0,5679.2,0.0,0.0,0.0,2.27,2.27,other,0.0,0.0
3,Bendigo,52,2020.0,12.0,4559.54,0.0,0.0,0.0,1.82,1.82,other,0.0,0.0
3,Bendigo,52,2021.0,1.0,4723.7,0.0,0.0,0.0,1.89,1.89,other,0.0,0.0
3,Bendigo,52,2021.0,2.0,5422.93,0.0,0.0,0.0,2.17,2.17,other,0.0,0.0
3,Bendigo,52,2021.0,3.0,7913.51,0.0,0.0,0.0,3.17,3.17,other,0.0,0.0
3,Bendigo,52,2021.0,4.0,8065.81,0.0,0.0,0.0,3.23,3.23,other,0.0,0.0
3,Bendigo,52,2021.0,5.0,8714.54,0.0,0.0,0.0,3.49,3.49,other,0.0,0.0
3,Bendigo,52,2021.0,6.0,7815.91,0.0,0.0,0.0,3.13,3.13,other,0.0,0.0
3,Bendigo,52,2021.0,7.0,8267.59,0.0,0.0,0.0,3.31,3.31,other,0.0,0.0
3,Bendigo,52,2021.0,8.0,8627.26,0.0,0.0,0.0,3.45,3.45,other,0.0,0.0
3,Bendigo,52,2021.0,9.0,7992.33,0.0,0.0,0.0,3.2,3.2,other,0.0,0.0
3,Bendigo,52,2021.0,10.0,7763.14,0.0,0.0,0.0,3.11,3.11,other,0.0,0.0
3,Bendigo,52,2021.0,11.0,330.85,0.0,0.0,0.0,0.13,0.13,other,0.0,0.0
3,Bendigo,52,2022.0,1.0,593.1,0.0,0.0,0.0,0.24,0.24,other,0.0,0.0
3,Bendigo,53,2018.0,2.0,6357.34,0.0,0.0,0.0,2.54,2.54,residence,0.0,0.0
3,Bendigo,53,2018.0,3.0,10908.81,0.0,0.0,0.0,4.36,4.36,residence,0.0,0.0
3,Bendigo,53,2018.0,4.0,10139.3,0.0,0.0,0.0,4.06,4.06,residence,0.0,0.0
3,Bendigo,53,2018.0,5.0,11670.28,0.0,0.0,0.0,4.67,4.67,residence,0.0,0.0
3,Bendigo,53,2018.0,6.0,11170.09,0.0,0.0,0.0,4.47,4.47,residence,0.0,0.0
3,Bendigo,53,2018.0,7.0,11265.35,0.0,0.0,0.0,4.51,4.51,residence,0.0,0.0
3,Bendigo,53,2018.0,8.0,12151.61,0.0,0.0,0.0,4.86,4.86,residence,0.0,0.0
3,Bendigo,53,2018.0,9.0,10049.83,0.0,0.0,0.0,4.02,4.02,residence,0.0,0.0
3,Bendigo,53,2018.0,10.0,9464.11,0.0,0.0,0.0,3.79,3.79,residence,0.0,0.0
3,Bendigo,53,2018.0,11.0,7583.24,0.0,0.0,0.0,3.03,3.03,residence,0.0,0.0
3,Bendigo,53,2018.0,12.0,3521.88,0.0,0.0,0.0,1.41,1.41,residence,0.0,0.0
3,Bendigo,53,2019.0,1.0,3072.64,0.0,0.0,0.0,1.23,1.23,residence,0.0,0.0
3,Bendigo,53,2019.0,2.0,5794.63,0.0,0.0,0.0,2.32,2.32,residence,0.0,0.0
3,Bendigo,53,2019.0,3.0,8412.28,0.0,0.0,0.0,3.36,3.36,residence,0.0,0.0
3,Bendigo,53,2019.0,4.0,6886.76,0.0,0.0,0.0,2.75,2.75,residence,0.0,0.0
3,Bendigo,53,2019.0,5.0,9124.26,0.0,0.0,0.0,3.65,3.65,residence,0.0,0.0
3,Bendigo,53,2019.0,6.0,9451.01,0.0,0.0,0.0,3.78,3.78,residence,0.0,0.0
3,Bendigo,53,2019.0,7.0,10365.15,0.0,0.0,0.0,4.15,4.15,residence,0.0,0.0
3,Bendigo,53,2019.0,8.0,12031.18,0.0,0.0,0.0,4.81,4.81,residence,0.0,0.0
3,Bendigo,53,2019.0,9.0,9739.33,0.0,0.0,0.0,3.9,3.9,residence,0.0,0.0
3,Bendigo,53,2019.0,10.0,7564.55,0.0,0.0,0.0,3.03,3.03,residence,0.0,0.0
3,Bendigo,53,2019.0,11.0,6336.6,0.0,0.0,0.0,2.53,2.53,residence,0.0,0.0
3,Bendigo,53,2019.0,12.0,4305.66,0.0,0.0,0.0,1.72,1.72,residence,0.0,0.0
3,Bendigo,53,2020.0,1.0,4527.95,0.0,0.0,0.0,1.81,1.81,residence,0.0,0.0
3,Bendigo,53,2020.0,2.0,5554.27,0.0,0.0,0.0,2.22,2.22,residence,0.0,0.0
3,Bendigo,53,2020.0,3.0,6847.23,0.0,0.0,0.0,2.74,2.74,residence,0.0,0.0
3,Bendigo,53,2020.0,4.0,6031.24,0.0,0.0,0.0,2.41,2.41,residence,0.0,0.0
3,Bendigo,53,2020.0,5.0,8725.46,0.0,0.0,0.0,3.49,3.49,residence,0.0,0.0
3,Bendigo,53,2020.0,6.0,9042.89,0.0,0.0,0.0,3.62,3.62,residence,0.0,0.0
3,Bendigo,53,2020.0,7.0,10217.23,0.0,0.0,0.0,4.09,4.09,residence,0.0,0.0
3,Bendigo,53,2020.0,8.0,10938.27,0.0,0.0,0.0,4.38,4.38,residence,0.0,0.0
3,Bendigo,53,2020.0,9.0,9332.63,0.0,0.0,0.0,3.73,3.73,residence,0.0,0.0
3,Bendigo,53,2020.0,10.0,8152.79,0.0,0.0,0.0,3.26,3.26,residence,0.0,0.0
3,Bendigo,53,2020.0,11.0,6439.01,0.0,0.0,0.0,2.58,2.58,residence,0.0,0.0
3,Bendigo,53,2020.0,12.0,5554.95,0.0,0.0,0.0,2.22,2.22,residence,0.0,0.0
3,Bendigo,53,2021.0,1.0,5600.73,0.0,0.0,0.0,2.24,2.24,residence,0.0,0.0
3,Bendigo,53,2021.0,2.0,6260.86,0.0,0.0,0.0,2.5,2.5,residence,0.0,0.0
3,Bendigo,53,2021.0,3.0,7970.56,0.0,0.0,0.0,3.19,3.19,residence,0.0,0.0
3,Bendigo,53,2021.0,4.0,8300.08,0.0,0.0,0.0,3.32,3.32,residence,0.0,0.0
3,Bendigo,53,2021.0,5.0,10545.06,0.0,0.0,0.0,4.22,4.22,residence,0.0,0.0
3,Bendigo,53,2021.0,6.0,11182.61,0.0,0.0,0.0,4.47,4.47,residence,0.0,0.0
3,Bendigo,53,2021.0,7.0,14332.07,0.0,0.0,0.0,5.73,5.73,residence,0.0,0.0
3,Bendigo,53,2021.0,8.0,13237.22,0.0,0.0,0.0,5.29,5.29,residence,0.0,0.0
3,Bendigo,53,2021.0,9.0,12443.73,0.0,0.0,0.0,4.98,4.98,residence,0.0,0.0
3,Bendigo,53,2021.0,10.0,12680.87,0.0,0.0,0.0,5.07,5.07,residence,0.0,0.0
3,Bendigo,53,2021.0,11.0,502.34,0.0,0.0,0.0,0.2,0.2,residence,0.0,0.0
3,Bendigo,53,2022.0,1.0,913.82,0.0,0.0,0.0,0.37,0.37,residence,0.0,0.0
